#usda 1.0
(
    defaultPrim = "Character"
    upAxis = "Y"
)

def Xform "Character"
{
    def Mesh "Hair"
    {
        int[] faceVertexCounts = [3, 3, 3, 3, 3, 3, 3, 3, 3, 3, 3, 3, 3, 3, 3, 3, 3, 3, 3, 3, 3, 3, 3, 3, 3, 3, 3, 3, 3, 3, 3, 3, 3, 3, 3, 3, 3, 3, 3, 3, 3, 3, 3, 3, 3, 3, 3, 3, 3, 3, 3, 3, 3, 3, 3, 3, 3, 3, 3, 3, 3, 3, 3, 3, 3, 3, 3, 3, 3, 3, 3, 3, 3, 3, 3, 3, 3, 3, 3, 3, 3, 3, 3, 3, 3, 3, 3, 3, 3, 3, 3, 3, 3, 3, 3, 3, 3, 3, 3, 3, 3, 3, 3, 3, 3, 3, 3, 3, 3, 3, 3, 3, 3, 3, 3, 3, 3, 3, 3, 3, 3, 3, 3, 3, 3, 3, 3, 3, 3, 3, 3, 3, 3, 3, 3, 3, 3, 3, 3, 3, 3, 3, 3, 3, 3, 3, 3, 3, 3, 3, 3, 3, 3, 3, 3, 3, 3, 3, 3, 3, 3, 3, 3, 3, 3, 3, 3, 3, 3, 3, 3, 3, 3, 3, 3, 3, 3, 3, 3, 3, 3, 3, 3, 3, 3, 3, 3, 3, 3, 3, 3, 3, 3, 3, 3, 3, 3, 3, 3, 3, 3, 3, 3, 3, 3, 3, 3, 3, 3, 3, 3, 3, 3, 3, 3, 3, 3, 3, 3, 3, 3, 3, 3, 3, 3, 3, 3, 3, 3, 3, 3, 3, 3, 3, 3, 3, 3, 3, 3, 3, 3, 3, 3, 3, 3, 3, 3, 3, 3, 3, 3, 3, 3, 3, 3, 3, 3, 3, 3, 3, 3, 3, 3, 3, 3, 3, 3, 3, 3, 3, 3, 3, 3, 3, 3, 3, 3, 3, 3, 3, 3, 3, 3, 3, 3, 3, 3, 3, 3, 3, 3, 3, 3, 3, 3, 3, 3, 3, 3, 3, 3, 3, 3, 3, 3, 3, 3, 3, 3, 3, 3, 3, 3, 3, 3, 3, 3, 3, 3, 3]
        int[] faceVertexIndices = [0, 137, 53, 137, 37, 139, 53, 139, 16, 137, 139, 53, 37, 138, 154, 138, 11, 151, 154, 151, 40, 138, 151, 154, 16, 152, 54, 152, 40, 150, 54, 150, 5, 152, 150, 54, 37, 154, 139, 154, 40, 152, 139, 152, 16, 154, 152, 139, 0, 53, 42, 53, 16, 55, 42, 55, 12, 53, 55, 42, 16, 54, 59, 54, 5, 57, 59, 57, 17, 54, 57, 59, 12, 58, 43, 58, 17, 56, 43, 56, 1, 58, 56, 43, 16, 59, 55, 59, 17, 58, 55, 58, 12, 59, 58, 55, 0, 42, 69, 42, 12, 71, 69, 71, 21, 42, 71, 69, 12, 43, 74, 43, 1, 72, 74, 72, 22, 43, 72, 74, 21, 75, 70, 75, 22, 73, 70, 73, 7, 75, 73, 70, 12, 74, 71, 74, 22, 75, 71, 75, 21, 74, 75, 71, 0, 69, 120, 69, 21, 122, 120, 122, 33, 69, 122, 120, 21, 70, 133, 70, 7, 131, 133, 131, 36, 70, 131, 133, 33, 135, 121, 135, 36, 132, 121, 132, 10, 135, 132, 121, 21, 133, 122, 133, 36, 135, 122, 135, 33, 133, 135, 122, 0, 120, 137, 120, 33, 140, 137, 140, 37, 120, 140, 137, 33, 121, 158, 121, 10, 156, 158, 156, 41, 121, 156, 158, 37, 160, 138, 160, 41, 157, 138, 157, 11, 160, 157, 138, 33, 158, 140, 158, 41, 160, 140, 160, 37, 158, 160, 140, 1, 56, 95, 56, 17, 97, 95, 97, 28, 56, 97, 95, 17, 57, 110, 57, 5, 108, 110, 108, 31, 57, 108, 110, 28, 112, 96, 112, 31, 109, 96, 109, 9, 112, 109, 96, 17, 110, 97, 110, 31, 112, 97, 112, 28, 110, 112, 97, 5, 150, 61, 150, 40, 153, 61, 153, 18, 150, 153, 61, 40, 151, 155, 151, 11, 146, 155, 146, 39, 151, 146, 155, 18, 148, 60, 148, 39, 145, 60, 145, 4, 148, 145, 60, 40, 155, 153, 155, 39, 148, 153, 148, 18, 155, 148, 153, 11, 157, 142, 157, 41, 161, 142, 161, 38, 157, 161, 142, 41, 156, 159, 156, 10, 124, 159, 124, 34, 156, 124, 159, 38, 144, 141, 144, 34, 123, 141, 123, 2, 144, 123, 141, 41, 159, 161, 159, 34, 144, 161, 144, 38, 159, 144, 161, 10, 132, 127, 132, 36, 136, 127, 136, 35, 132, 136, 127, 36, 131, 134, 131, 7, 77, 134, 77, 23, 131, 77, 134, 35, 129, 126, 129, 23, 76, 126, 76, 6, 129, 76, 126, 36, 134, 136, 134, 23, 129, 136, 129, 35, 134, 129, 136, 7, 73, 89, 73, 22, 91, 89, 91, 27, 73, 91, 89, 22, 72, 80, 72, 1, 78, 80, 78, 24, 72, 78, 80, 27, 93, 90, 93, 24, 79, 90, 79, 8, 93, 79, 90, 22, 80, 91, 80, 24, 93, 91, 93, 27, 80, 93, 91, 3, 99, 49, 99, 29, 101, 49, 101, 15, 99, 101, 49, 29, 100, 107, 100, 9, 104, 107, 104, 30, 100, 104, 107, 15, 105, 50, 105, 30, 103, 50, 103, 4, 105, 103, 50, 29, 107, 101, 107, 30, 105, 101, 105, 15, 107, 105, 101, 3, 49, 45, 49, 15, 51, 45, 51, 13, 49, 51, 45, 15, 50, 52, 50, 4, 47, 52, 47, 14, 50, 47, 52, 13, 48, 44, 48, 14, 46, 44, 46, 2, 48, 46, 44, 15, 52, 51, 52, 14, 48, 51, 48, 13, 52, 48, 51, 3, 45, 65, 45, 13, 67, 65, 67, 20, 45, 67, 65, 13, 44, 64, 44, 2, 62, 64, 62, 19, 44, 62, 64, 20, 68, 66, 68, 19, 63, 66, 63, 6, 68, 63, 66, 13, 64, 67, 64, 19, 68, 67, 68, 20, 64, 68, 67, 3, 65, 81, 65, 20, 83, 81, 83, 25, 65, 83, 81, 20, 66, 86, 66, 6, 84, 86, 84, 26, 66, 84, 86, 25, 88, 82, 88, 26, 85, 82, 85, 8, 88, 85, 82, 20, 86, 83, 86, 26, 88, 83, 88, 25, 86, 88, 83, 3, 81, 99, 81, 25, 102, 99, 102, 29, 81, 102, 99, 25, 82, 117, 82, 8, 114, 117, 114, 32, 82, 114, 117, 29, 119, 100, 119, 32, 115, 100, 115, 9, 119, 115, 100, 25, 117, 102, 117, 32, 119, 102, 119, 29, 117, 119, 102, 4, 103, 60, 103, 30, 106, 60, 106, 18, 103, 106, 60, 30, 104, 113, 104, 9, 109, 113, 109, 31, 104, 109, 113, 18, 111, 61, 111, 31, 108, 61, 108, 5, 111, 108, 61, 30, 113, 106, 113, 31, 111, 106, 111, 18, 113, 111, 106, 2, 46, 141, 46, 14, 143, 141, 143, 38, 46, 143, 141, 14, 47, 147, 47, 4, 145, 147, 145, 39, 47, 145, 147, 38, 149, 142, 149, 39, 146, 142, 146, 11, 149, 146, 142, 14, 147, 143, 147, 39, 149, 143, 149, 38, 147, 149, 143, 6, 63, 126, 63, 19, 128, 126, 128, 35, 63, 128, 126, 19, 62, 125, 62, 2, 123, 125, 123, 34, 62, 123, 125, 35, 130, 127, 130, 34, 124, 127, 124, 10, 130, 124, 127, 19, 125, 128, 125, 34, 130, 128, 130, 35, 125, 130, 128, 8, 85, 90, 85, 26, 94, 90, 94, 27, 85, 94, 90, 26, 84, 87, 84, 6, 76, 87, 76, 23, 84, 76, 87, 27, 92, 89, 92, 23, 77, 89, 77, 7, 92, 77, 89, 26, 87, 94, 87, 23, 92, 94, 92, 27, 87, 92, 94, 9, 115, 96, 115, 32, 118, 96, 118, 28, 115, 118, 96, 32, 114, 116, 114, 8, 79, 116, 79, 24, 114, 79, 116, 28, 98, 95, 98, 24, 78, 95, 78, 1, 98, 78, 95, 32, 116, 118, 116, 24, 98, 118, 98, 28, 116, 98, 118]
        point3f[] points = [(-0.073602356, 1.4990911, -0.03), (0.073602356, 1.4990911, -0.03), (-0.073602356, 1.2609088, -0.03), (0.073602356, 1.2609088, -0.03), (0, 1.3063977, 0.089091115), (0, 1.4536023, 0.089091115), (0, 1.3063977, -0.14909111), (0, 1.4536023, -0.14909111), (0.119091116, 1.38, -0.10360236), (0.119091116, 1.38, 0.043602355), (-0.119091116, 1.38, -0.10360236), (-0.119091116, 1.38, 0.043602355), (0, 1.52, -0.03), (0, 1.24, -0.03), (-0.043262377, 1.2667376, 0.04), (0.043262377, 1.2667376, 0.04), (-0.043262377, 1.4932624, 0.04), (0.043262377, 1.4932624, 0.04), (0, 1.38, 0.11), (-0.043262377, 1.2667376, -0.1), (0.043262377, 1.2667376, -0.1), (-0.043262377, 1.4932624, -0.1), (0.043262377, 1.4932624, -0.1), (0, 1.38, -0.17), (0.11326238, 1.45, -0.07326238), (0.11326238, 1.31, -0.07326238), (0.07, 1.3367376, -0.14326239), (0.07, 1.4232624, -0.14326239), (0.11326238, 1.45, 0.013262379), (0.11326238, 1.31, 0.013262379), (0.07, 1.3367376, 0.08326238), (0.07, 1.4232624, 0.08326238), (0.14, 1.38, -0.03), (-0.11326238, 1.45, -0.07326238), (-0.11326238, 1.31, -0.07326238), (-0.07, 1.3367376, -0.14326239), (-0.07, 1.4232624, -0.14326239), (-0.11326238, 1.45, 0.013262379), (-0.11326238, 1.31, 0.013262379), (-0.07, 1.3367376, 0.08326238), (-0.07, 1.4232624, 0.08326238), (-0.14, 1.38, -0.03), (-0.038257316, 1.5146713, -0.03), (0.038257316, 1.5146713, -0.03), (-0.038257316, 1.2453287, -0.03), (0.038257316, 1.2453287, -0.03), (-0.060744397, 1.2592264, 0.0063848677), (-0.022487085, 1.2828708, 0.0682865), (-0.022744378, 1.246852, 0.0068011777), (0.060744397, 1.2592264, 0.0063848677), (0.022487085, 1.2828708, 0.0682865), (0.022744378, 1.246852, 0.0068011777), (0, 1.2609088, 0.043602355), (-0.060744397, 1.5007735, 0.0063848677), (-0.022487085, 1.4771292, 0.0682865), (-0.022744378, 1.513148, 0.0068011777), (0.060744397, 1.5007735, 0.0063848677), (0.022487085, 1.4771292, 0.0682865), (0.022744378, 1.513148, 0.0068011777), (0, 1.4990911, 0.043602355), (0, 1.3417426, 0.10467137), (0, 1.4182574, 0.10467137), (-0.060744397, 1.2592264, -0.06638487), (-0.022487085, 1.2828708, -0.1282865), (-0.022744378, 1.246852, -0.066801175), (0.060744397, 1.2592264, -0.06638487), (0.022487085, 1.2828708, -0.1282865), (0.022744378, 1.246852, -0.066801175), (0, 1.2609088, -0.10360236), (-0.060744397, 1.5007735, -0.06638487), (-0.022487085, 1.4771292, -0.1282865), (-0.022744378, 1.513148, -0.066801175), (0.060744397, 1.5007735, -0.06638487), (0.022487085, 1.4771292, -0.1282865), (0.022744378, 1.513148, -0.066801175), (0, 1.4990911, -0.10360236), (0, 1.3417426, -0.16467138), (0, 1.4182574, -0.16467138), (0.09712927, 1.4782865, -0.052487087), (0.12077358, 1.4163848, -0.0907444), (0.082289934, 1.4763467, -0.089545555), (0.09712927, 1.2817135, -0.052487087), (0.12077358, 1.3436152, -0.0907444), (0.082289934, 1.2836533, -0.089545555), (0.03638487, 1.3192556, -0.15077358), (0.0982865, 1.357513, -0.12712927), (0.059545558, 1.2977101, -0.12634674), (0.036801178, 1.3572556, -0.16314791), (0.096346736, 1.3204545, -0.112289935), (0.03638487, 1.4407444, -0.15077358), (0.0982865, 1.402487, -0.12712927), (0.059545558, 1.4622899, -0.12634674), (0.036801178, 1.4027444, -0.16314791), (0.096346736, 1.4395455, -0.112289935), (0.073602356, 1.38, -0.14909111), (0.09712927, 1.4782865, -0.007512915), (0.12077358, 1.4163848, 0.0307444), (0.082289934, 1.4763467, 0.029545557), (0.119091116, 1.4536023, -0.03), (0.09712927, 1.2817135, -0.007512915), (0.12077358, 1.3436152, 0.0307444), (0.082289934, 1.2836533, 0.029545557), (0.119091116, 1.3063977, -0.03), (0.03638487, 1.3192556, 0.09077359), (0.0982865, 1.357513, 0.06712927), (0.059545558, 1.2977101, 0.066346735), (0.036801178, 1.3572556, 0.10314791), (0.096346736, 1.3204545, 0.052289937), (0.03638487, 1.4407444, 0.09077359), (0.0982865, 1.402487, 0.06712927), (0.059545558, 1.4622899, 0.066346735), (0.036801178, 1.4027444, 0.10314791), (0.096346736, 1.4395455, 0.052289937), (0.073602356, 1.38, 0.089091115), (0.13467138, 1.38, -0.06825732), (0.13467138, 1.38, 0.008257314), (0.13314791, 1.4168012, -0.052744377), (0.13314791, 1.3431988, -0.052744377), (0.13314791, 1.4168012, -0.0072556213), (0.13314791, 1.3431988, -0.0072556213), (-0.09712927, 1.4782865, -0.052487087), (-0.12077358, 1.4163848, -0.0907444), (-0.082289934, 1.4763467, -0.089545555), (-0.09712927, 1.2817135, -0.052487087), (-0.12077358, 1.3436152, -0.0907444), (-0.082289934, 1.2836533, -0.089545555), (-0.03638487, 1.3192556, -0.15077358), (-0.0982865, 1.357513, -0.12712927), (-0.059545558, 1.2977101, -0.12634674), (-0.036801178, 1.3572556, -0.16314791), (-0.096346736, 1.3204545, -0.112289935), (-0.03638487, 1.4407444, -0.15077358), (-0.0982865, 1.402487, -0.12712927), (-0.059545558, 1.4622899, -0.12634674), (-0.036801178, 1.4027444, -0.16314791), (-0.096346736, 1.4395455, -0.112289935), (-0.073602356, 1.38, -0.14909111), (-0.09712927, 1.4782865, -0.007512915), (-0.12077358, 1.4163848, 0.0307444), (-0.082289934, 1.4763467, 0.029545557), (-0.119091116, 1.4536023, -0.03), (-0.09712927, 1.2817135, -0.007512915), (-0.12077358, 1.3436152, 0.0307444), (-0.082289934, 1.2836533, 0.029545557), (-0.119091116, 1.3063977, -0.03), (-0.03638487, 1.3192556, 0.09077359), (-0.0982865, 1.357513, 0.06712927), (-0.059545558, 1.2977101, 0.066346735), (-0.036801178, 1.3572556, 0.10314791), (-0.096346736, 1.3204545, 0.052289937), (-0.03638487, 1.4407444, 0.09077359), (-0.0982865, 1.402487, 0.06712927), (-0.059545558, 1.4622899, 0.066346735), (-0.036801178, 1.4027444, 0.10314791), (-0.096346736, 1.4395455, 0.052289937), (-0.073602356, 1.38, 0.089091115), (-0.13467138, 1.38, -0.06825732), (-0.13467138, 1.38, 0.008257314), (-0.13314791, 1.4168012, -0.052744377), (-0.13314791, 1.3431988, -0.052744377), (-0.13314791, 1.4168012, -0.0072556213), (-0.13314791, 1.3431988, -0.0072556213)]
        color3f[] primvars:displayColor = [(0.95, 0.95, 0.95)]
    }

    def Mesh "Head"
    {
        int[] faceVertexCounts = [3, 3, 3, 3, 3, 3, 3, 3, 3, 3, 3, 3, 3, 3, 3, 3, 3, 3, 3, 3, 3, 3, 3, 3, 3, 3, 3, 3, 3, 3, 3, 3, 3, 3, 3, 3, 3, 3, 3, 3, 3, 3, 3, 3, 3, 3, 3, 3, 3, 3, 3, 3, 3, 3, 3, 3, 3, 3, 3, 3, 3, 3, 3, 3, 3, 3, 3, 3, 3, 3, 3, 3, 3, 3, 3, 3, 3, 3, 3, 3, 3, 3, 3, 3, 3, 3, 3, 3, 3, 3, 3, 3, 3, 3, 3, 3, 3, 3, 3, 3, 3, 3, 3, 3, 3, 3, 3, 3, 3, 3, 3, 3, 3, 3, 3, 3, 3, 3, 3, 3, 3, 3, 3, 3, 3, 3, 3, 3, 3, 3, 3, 3, 3, 3, 3, 3, 3, 3, 3, 3, 3, 3, 3, 3, 3, 3, 3, 3, 3, 3, 3, 3, 3, 3, 3, 3, 3, 3, 3, 3, 3, 3, 3, 3, 3, 3, 3, 3, 3, 3, 3, 3, 3, 3, 3, 3, 3, 3, 3, 3, 3, 3, 3, 3, 3, 3, 3, 3, 3, 3, 3, 3, 3, 3, 3, 3, 3, 3, 3, 3, 3, 3, 3, 3, 3, 3, 3, 3, 3, 3, 3, 3, 3, 3, 3, 3, 3, 3, 3, 3, 3, 3, 3, 3, 3, 3, 3, 3, 3, 3, 3, 3, 3, 3, 3, 3, 3, 3, 3, 3, 3, 3, 3, 3, 3, 3, 3, 3, 3, 3, 3, 3, 3, 3, 3, 3, 3, 3, 3, 3, 3, 3, 3, 3, 3, 3, 3, 3, 3, 3, 3, 3, 3, 3, 3, 3, 3, 3, 3, 3, 3, 3, 3, 3, 3, 3, 3, 3, 3, 3, 3, 3, 3, 3, 3, 3, 3, 3, 3, 3, 3, 3, 3, 3, 3, 3, 3, 3, 3, 3, 3, 3, 3, 3, 3, 3, 3, 3, 3, 3]
        int[] faceVertexIndices = [0, 137, 53, 137, 37, 139, 53, 139, 16, 137, 139, 53, 37, 138, 154, 138, 11, 151, 154, 151, 40, 138, 151, 154, 16, 152, 54, 152, 40, 150, 54, 150, 5, 152, 150, 54, 37, 154, 139, 154, 40, 152, 139, 152, 16, 154, 152, 139, 0, 53, 42, 53, 16, 55, 42, 55, 12, 53, 55, 42, 16, 54, 59, 54, 5, 57, 59, 57, 17, 54, 57, 59, 12, 58, 43, 58, 17, 56, 43, 56, 1, 58, 56, 43, 16, 59, 55, 59, 17, 58, 55, 58, 12, 59, 58, 55, 0, 42, 69, 42, 12, 71, 69, 71, 21, 42, 71, 69, 12, 43, 74, 43, 1, 72, 74, 72, 22, 43, 72, 74, 21, 75, 70, 75, 22, 73, 70, 73, 7, 75, 73, 70, 12, 74, 71, 74, 22, 75, 71, 75, 21, 74, 75, 71, 0, 69, 120, 69, 21, 122, 120, 122, 33, 69, 122, 120, 21, 70, 133, 70, 7, 131, 133, 131, 36, 70, 131, 133, 33, 135, 121, 135, 36, 132, 121, 132, 10, 135, 132, 121, 21, 133, 122, 133, 36, 135, 122, 135, 33, 133, 135, 122, 0, 120, 137, 120, 33, 140, 137, 140, 37, 120, 140, 137, 33, 121, 158, 121, 10, 156, 158, 156, 41, 121, 156, 158, 37, 160, 138, 160, 41, 157, 138, 157, 11, 160, 157, 138, 33, 158, 140, 158, 41, 160, 140, 160, 37, 158, 160, 140, 1, 56, 95, 56, 17, 97, 95, 97, 28, 56, 97, 95, 17, 57, 110, 57, 5, 108, 110, 108, 31, 57, 108, 110, 28, 112, 96, 112, 31, 109, 96, 109, 9, 112, 109, 96, 17, 110, 97, 110, 31, 112, 97, 112, 28, 110, 112, 97, 5, 150, 61, 150, 40, 153, 61, 153, 18, 150, 153, 61, 40, 151, 155, 151, 11, 146, 155, 146, 39, 151, 146, 155, 18, 148, 60, 148, 39, 145, 60, 145, 4, 148, 145, 60, 40, 155, 153, 155, 39, 148, 153, 148, 18, 155, 148, 153, 11, 157, 142, 157, 41, 161, 142, 161, 38, 157, 161, 142, 41, 156, 159, 156, 10, 124, 159, 124, 34, 156, 124, 159, 38, 144, 141, 144, 34, 123, 141, 123, 2, 144, 123, 141, 41, 159, 161, 159, 34, 144, 161, 144, 38, 159, 144, 161, 10, 132, 127, 132, 36, 136, 127, 136, 35, 132, 136, 127, 36, 131, 134, 131, 7, 77, 134, 77, 23, 131, 77, 134, 35, 129, 126, 129, 23, 76, 126, 76, 6, 129, 76, 126, 36, 134, 136, 134, 23, 129, 136, 129, 35, 134, 129, 136, 7, 73, 89, 73, 22, 91, 89, 91, 27, 73, 91, 89, 22, 72, 80, 72, 1, 78, 80, 78, 24, 72, 78, 80, 27, 93, 90, 93, 24, 79, 90, 79, 8, 93, 79, 90, 22, 80, 91, 80, 24, 93, 91, 93, 27, 80, 93, 91, 3, 99, 49, 99, 29, 101, 49, 101, 15, 99, 101, 49, 29, 100, 107, 100, 9, 104, 107, 104, 30, 100, 104, 107, 15, 105, 50, 105, 30, 103, 50, 103, 4, 105, 103, 50, 29, 107, 101, 107, 30, 105, 101, 105, 15, 107, 105, 101, 3, 49, 45, 49, 15, 51, 45, 51, 13, 49, 51, 45, 15, 50, 52, 50, 4, 47, 52, 47, 14, 50, 47, 52, 13, 48, 44, 48, 14, 46, 44, 46, 2, 48, 46, 44, 15, 52, 51, 52, 14, 48, 51, 48, 13, 52, 48, 51, 3, 45, 65, 45, 13, 67, 65, 67, 20, 45, 67, 65, 13, 44, 64, 44, 2, 62, 64, 62, 19, 44, 62, 64, 20, 68, 66, 68, 19, 63, 66, 63, 6, 68, 63, 66, 13, 64, 67, 64, 19, 68, 67, 68, 20, 64, 68, 67, 3, 65, 81, 65, 20, 83, 81, 83, 25, 65, 83, 81, 20, 66, 86, 66, 6, 84, 86, 84, 26, 66, 84, 86, 25, 88, 82, 88, 26, 85, 82, 85, 8, 88, 85, 82, 20, 86, 83, 86, 26, 88, 83, 88, 25, 86, 88, 83, 3, 81, 99, 81, 25, 102, 99, 102, 29, 81, 102, 99, 25, 82, 117, 82, 8, 114, 117, 114, 32, 82, 114, 117, 29, 119, 100, 119, 32, 115, 100, 115, 9, 119, 115, 100, 25, 117, 102, 117, 32, 119, 102, 119, 29, 117, 119, 102, 4, 103, 60, 103, 30, 106, 60, 106, 18, 103, 106, 60, 30, 104, 113, 104, 9, 109, 113, 109, 31, 104, 109, 113, 18, 111, 61, 111, 31, 108, 61, 108, 5, 111, 108, 61, 30, 113, 106, 113, 31, 111, 106, 111, 18, 113, 111, 106, 2, 46, 141, 46, 14, 143, 141, 143, 38, 46, 143, 141, 14, 47, 147, 47, 4, 145, 147, 145, 39, 47, 145, 147, 38, 149, 142, 149, 39, 146, 142, 146, 11, 149, 146, 142, 14, 147, 143, 147, 39, 149, 143, 149, 38, 147, 149, 143, 6, 63, 126, 63, 19, 128, 126, 128, 35, 63, 128, 126, 19, 62, 125, 62, 2, 123, 125, 123, 34, 62, 123, 125, 35, 130, 127, 130, 34, 124, 127, 124, 10, 130, 124, 127, 19, 125, 128, 125, 34, 130, 128, 130, 35, 125, 130, 128, 8, 85, 90, 85, 26, 94, 90, 94, 27, 85, 94, 90, 26, 84, 87, 84, 6, 76, 87, 76, 23, 84, 76, 87, 27, 92, 89, 92, 23, 77, 89, 77, 7, 92, 77, 89, 26, 87, 94, 87, 23, 92, 94, 92, 27, 87, 92, 94, 9, 115, 96, 115, 32, 118, 96, 118, 28, 115, 118, 96, 32, 114, 116, 114, 8, 79, 116, 79, 24, 114, 79, 116, 28, 98, 95, 98, 24, 78, 95, 78, 1, 98, 78, 95, 32, 116, 118, 116, 24, 98, 118, 98, 28, 116, 98, 118]
        point3f[] points = [(-0.057830423, 1.3935716, 0), (0.057830423, 1.3935716, 0), (-0.057830423, 1.2064284, 0), (0.057830423, 1.2064284, 0), (0, 1.2421696, 0.09357159), (0, 1.3578304, 0.09357159), (0, 1.2421696, -0.09357159), (0, 1.3578304, -0.09357159), (0.09357159, 1.3, -0.057830423), (0.09357159, 1.3, 0.057830423), (-0.09357159, 1.3, -0.057830423), (-0.09357159, 1.3, 0.057830423), (0, 1.41, 0), (0, 1.19, 0), (-0.03399187, 1.2110081, 0.055), (0.03399187, 1.2110081, 0.055), (-0.03399187, 1.3889918, 0.055), (0.03399187, 1.3889918, 0.055), (0, 1.3, 0.11), (-0.03399187, 1.2110081, -0.055), (0.03399187, 1.2110081, -0.055), (-0.03399187, 1.3889918, -0.055), (0.03399187, 1.3889918, -0.055), (0, 1.3, -0.11), (0.08899187, 1.355, -0.03399187), (0.08899187, 1.245, -0.03399187), (0.055, 1.2660081, -0.08899187), (0.055, 1.3339919, -0.08899187), (0.08899187, 1.355, 0.03399187), (0.08899187, 1.245, 0.03399187), (0.055, 1.2660081, 0.08899187), (0.055, 1.3339919, 0.08899187), (0.11, 1.3, 0), (-0.08899187, 1.355, -0.03399187), (-0.08899187, 1.245, -0.03399187), (-0.055, 1.2660081, -0.08899187), (-0.055, 1.3339919, -0.08899187), (-0.08899187, 1.355, 0.03399187), (-0.08899187, 1.245, 0.03399187), (-0.055, 1.2660081, 0.08899187), (-0.055, 1.3339919, 0.08899187), (-0.11, 1.3, 0), (-0.030059319, 1.4058132, 0), (0.030059319, 1.4058132, 0), (-0.030059319, 1.1941868, 0), (0.030059319, 1.1941868, 0), (-0.04772774, 1.2051065, 0.02858811), (-0.017668424, 1.2236842, 0.07722511), (-0.017870583, 1.1953838, 0.028915212), (0.04772774, 1.2051065, 0.02858811), (0.017668424, 1.2236842, 0.07722511), (0.017870583, 1.1953838, 0.028915212), (0, 1.2064284, 0.057830423), (-0.04772774, 1.3948935, 0.02858811), (-0.017668424, 1.3763158, 0.07722511), (-0.017870583, 1.4046162, 0.028915212), (0.04772774, 1.3948935, 0.02858811), (0.017668424, 1.3763158, 0.07722511), (0.017870583, 1.4046162, 0.028915212), (0, 1.3935716, 0.057830423), (0, 1.2699407, 0.10581322), (0, 1.3300593, 0.10581322), (-0.04772774, 1.2051065, -0.02858811), (-0.017668424, 1.2236842, -0.07722511), (-0.017870583, 1.1953838, -0.028915212), (0.04772774, 1.2051065, -0.02858811), (0.017668424, 1.2236842, -0.07722511), (0.017870583, 1.1953838, -0.028915212), (0, 1.2064284, -0.057830423), (-0.04772774, 1.3948935, -0.02858811), (-0.017668424, 1.3763158, -0.07722511), (-0.017870583, 1.4046162, -0.028915212), (0.04772774, 1.3948935, -0.02858811), (0.017668424, 1.3763158, -0.07722511), (0.017870583, 1.4046162, -0.028915212), (0, 1.3935716, -0.057830423), (0, 1.2699407, -0.10581322), (0, 1.3300593, -0.10581322), (0.07631585, 1.3772252, -0.017668424), (0.09489353, 1.3285881, -0.04772774), (0.06465638, 1.375701, -0.046785794), (0.07631585, 1.2227749, -0.017668424), (0.09489353, 1.2714119, -0.04772774), (0.06465638, 1.224299, -0.046785794), (0.02858811, 1.2522722, -0.09489353), (0.07722511, 1.2823316, -0.07631585), (0.046785794, 1.2353436, -0.075701006), (0.028915212, 1.2821294, -0.10461622), (0.075701006, 1.2532142, -0.06465638), (0.02858811, 1.3477278, -0.09489353), (0.07722511, 1.3176684, -0.07631585), (0.046785794, 1.3646563, -0.075701006), (0.028915212, 1.3178706, -0.10461622), (0.075701006, 1.3467858, -0.06465638), (0.057830423, 1.3, -0.09357159), (0.07631585, 1.3772252, 0.017668424), (0.09489353, 1.3285881, 0.04772774), (0.06465638, 1.375701, 0.046785794), (0.09357159, 1.3578304, 0), (0.07631585, 1.2227749, 0.017668424), (0.09489353, 1.2714119, 0.04772774), (0.06465638, 1.224299, 0.046785794), (0.09357159, 1.2421696, 0), (0.02858811, 1.2522722, 0.09489353), (0.07722511, 1.2823316, 0.07631585), (0.046785794, 1.2353436, 0.075701006), (0.028915212, 1.2821294, 0.10461622), (0.075701006, 1.2532142, 0.06465638), (0.02858811, 1.3477278, 0.09489353), (0.07722511, 1.3176684, 0.07631585), (0.046785794, 1.3646563, 0.075701006), (0.028915212, 1.3178706, 0.10461622), (0.075701006, 1.3467858, 0.06465638), (0.057830423, 1.3, 0.09357159), (0.10581322, 1.3, -0.030059319), (0.10581322, 1.3, 0.030059319), (0.10461622, 1.3289152, -0.017870583), (0.10461622, 1.2710848, -0.017870583), (0.10461622, 1.3289152, 0.017870583), (0.10461622, 1.2710848, 0.017870583), (-0.07631585, 1.3772252, -0.017668424), (-0.09489353, 1.3285881, -0.04772774), (-0.06465638, 1.375701, -0.046785794), (-0.07631585, 1.2227749, -0.017668424), (-0.09489353, 1.2714119, -0.04772774), (-0.06465638, 1.224299, -0.046785794), (-0.02858811, 1.2522722, -0.09489353), (-0.07722511, 1.2823316, -0.07631585), (-0.046785794, 1.2353436, -0.075701006), (-0.028915212, 1.2821294, -0.10461622), (-0.075701006, 1.2532142, -0.06465638), (-0.02858811, 1.3477278, -0.09489353), (-0.07722511, 1.3176684, -0.07631585), (-0.046785794, 1.3646563, -0.075701006), (-0.028915212, 1.3178706, -0.10461622), (-0.075701006, 1.3467858, -0.06465638), (-0.057830423, 1.3, -0.09357159), (-0.07631585, 1.3772252, 0.017668424), (-0.09489353, 1.3285881, 0.04772774), (-0.06465638, 1.375701, 0.046785794), (-0.09357159, 1.3578304, 0), (-0.07631585, 1.2227749, 0.017668424), (-0.09489353, 1.2714119, 0.04772774), (-0.06465638, 1.224299, 0.046785794), (-0.09357159, 1.2421696, 0), (-0.02858811, 1.2522722, 0.09489353), (-0.07722511, 1.2823316, 0.07631585), (-0.046785794, 1.2353436, 0.075701006), (-0.028915212, 1.2821294, 0.10461622), (-0.075701006, 1.2532142, 0.06465638), (-0.02858811, 1.3477278, 0.09489353), (-0.07722511, 1.3176684, 0.07631585), (-0.046785794, 1.3646563, 0.075701006), (-0.028915212, 1.3178706, 0.10461622), (-0.075701006, 1.3467858, 0.06465638), (-0.057830423, 1.3, 0.09357159), (-0.10581322, 1.3, -0.030059319), (-0.10581322, 1.3, 0.030059319), (-0.10461622, 1.3289152, -0.017870583), (-0.10461622, 1.2710848, -0.017870583), (-0.10461622, 1.3289152, 0.017870583), (-0.10461622, 1.2710848, 0.017870583)]
        color3f[] primvars:displayColor = [(0.95, 0.95, 0.95)]
    }

    def Mesh "Nose"
    {
        int[] faceVertexCounts = [3, 3, 3, 3, 3, 3, 3, 3, 3, 3, 3, 3]
        int[] faceVertexIndices = [1, 3, 0, 4, 1, 0, 0, 3, 2, 2, 4, 0, 1, 7, 3, 5, 1, 4, 5, 7, 1, 3, 7, 2, 6, 4, 2, 2, 7, 6, 6, 5, 4, 7, 5, 6]
        point3f[] points = [(-0.0125, 1.2725, 0.075), (-0.0125, 1.2725, 0.125), (-0.0125, 1.3075, 0.075), (-0.0125, 1.3075, 0.125), (0.0125, 1.2725, 0.075), (0.0125, 1.2725, 0.125), (0.0125, 1.3075, 0.075), (0.0125, 1.3075, 0.125)]
        color3f[] primvars:displayColor = [(0.95, 0.95, 0.95)]
    }

    def Mesh "Eye_L"
    {
        int[] faceVertexCounts = [3, 3, 3, 3, 3, 3, 3, 3, 3, 3, 3, 3, 3, 3, 3, 3, 3, 3, 3, 3, 3, 3, 3, 3, 3, 3, 3, 3, 3, 3, 3, 3, 3, 3, 3, 3, 3, 3, 3, 3, 3, 3, 3, 3, 3, 3, 3, 3, 3, 3, 3, 3, 3, 3, 3, 3, 3, 3, 3, 3, 3, 3, 3, 3, 3, 3, 3, 3, 3, 3, 3, 3, 3, 3, 3, 3, 3, 3, 3, 3, 3, 3, 3, 3, 3, 3, 3, 3, 3, 3, 3, 3, 3, 3, 3, 3, 3, 3, 3, 3, 3, 3, 3, 3, 3, 3, 3, 3, 3, 3, 3, 3, 3, 3, 3, 3, 3, 3, 3, 3, 3, 3, 3, 3, 3, 3, 3, 3, 3, 3, 3, 3, 3, 3, 3, 3, 3, 3, 3, 3, 3, 3, 3, 3, 3, 3, 3, 3, 3, 3, 3, 3, 3, 3, 3, 3, 3, 3, 3, 3, 3, 3, 3, 3, 3, 3, 3, 3, 3, 3, 3, 3, 3, 3, 3, 3, 3, 3, 3, 3, 3, 3, 3, 3, 3, 3, 3, 3, 3, 3, 3, 3, 3, 3, 3, 3, 3, 3, 3, 3, 3, 3, 3, 3, 3, 3, 3, 3, 3, 3, 3, 3, 3, 3, 3, 3, 3, 3, 3, 3, 3, 3, 3, 3, 3, 3, 3, 3, 3, 3, 3, 3, 3, 3, 3, 3, 3, 3, 3, 3, 3, 3, 3, 3, 3, 3, 3, 3, 3, 3, 3, 3, 3, 3, 3, 3, 3, 3, 3, 3, 3, 3, 3, 3, 3, 3, 3, 3, 3, 3, 3, 3, 3, 3, 3, 3, 3, 3, 3, 3, 3, 3, 3, 3, 3, 3, 3, 3, 3, 3, 3, 3, 3, 3, 3, 3, 3, 3, 3, 3, 3, 3, 3, 3, 3, 3, 3, 3, 3, 3, 3, 3, 3, 3, 3, 3, 3, 3, 3, 3]
        int[] faceVertexIndices = [0, 137, 53, 137, 37, 139, 53, 139, 16, 137, 139, 53, 37, 138, 154, 138, 11, 151, 154, 151, 40, 138, 151, 154, 16, 152, 54, 152, 40, 150, 54, 150, 5, 152, 150, 54, 37, 154, 139, 154, 40, 152, 139, 152, 16, 154, 152, 139, 0, 53, 42, 53, 16, 55, 42, 55, 12, 53, 55, 42, 16, 54, 59, 54, 5, 57, 59, 57, 17, 54, 57, 59, 12, 58, 43, 58, 17, 56, 43, 56, 1, 58, 56, 43, 16, 59, 55, 59, 17, 58, 55, 58, 12, 59, 58, 55, 0, 42, 69, 42, 12, 71, 69, 71, 21, 42, 71, 69, 12, 43, 74, 43, 1, 72, 74, 72, 22, 43, 72, 74, 21, 75, 70, 75, 22, 73, 70, 73, 7, 75, 73, 70, 12, 74, 71, 74, 22, 75, 71, 75, 21, 74, 75, 71, 0, 69, 120, 69, 21, 122, 120, 122, 33, 69, 122, 120, 21, 70, 133, 70, 7, 131, 133, 131, 36, 70, 131, 133, 33, 135, 121, 135, 36, 132, 121, 132, 10, 135, 132, 121, 21, 133, 122, 133, 36, 135, 122, 135, 33, 133, 135, 122, 0, 120, 137, 120, 33, 140, 137, 140, 37, 120, 140, 137, 33, 121, 158, 121, 10, 156, 158, 156, 41, 121, 156, 158, 37, 160, 138, 160, 41, 157, 138, 157, 11, 160, 157, 138, 33, 158, 140, 158, 41, 160, 140, 160, 37, 158, 160, 140, 1, 56, 95, 56, 17, 97, 95, 97, 28, 56, 97, 95, 17, 57, 110, 57, 5, 108, 110, 108, 31, 57, 108, 110, 28, 112, 96, 112, 31, 109, 96, 109, 9, 112, 109, 96, 17, 110, 97, 110, 31, 112, 97, 112, 28, 110, 112, 97, 5, 150, 61, 150, 40, 153, 61, 153, 18, 150, 153, 61, 40, 151, 155, 151, 11, 146, 155, 146, 39, 151, 146, 155, 18, 148, 60, 148, 39, 145, 60, 145, 4, 148, 145, 60, 40, 155, 153, 155, 39, 148, 153, 148, 18, 155, 148, 153, 11, 157, 142, 157, 41, 161, 142, 161, 38, 157, 161, 142, 41, 156, 159, 156, 10, 124, 159, 124, 34, 156, 124, 159, 38, 144, 141, 144, 34, 123, 141, 123, 2, 144, 123, 141, 41, 159, 161, 159, 34, 144, 161, 144, 38, 159, 144, 161, 10, 132, 127, 132, 36, 136, 127, 136, 35, 132, 136, 127, 36, 131, 134, 131, 7, 77, 134, 77, 23, 131, 77, 134, 35, 129, 126, 129, 23, 76, 126, 76, 6, 129, 76, 126, 36, 134, 136, 134, 23, 129, 136, 129, 35, 134, 129, 136, 7, 73, 89, 73, 22, 91, 89, 91, 27, 73, 91, 89, 22, 72, 80, 72, 1, 78, 80, 78, 24, 72, 78, 80, 27, 93, 90, 93, 24, 79, 90, 79, 8, 93, 79, 90, 22, 80, 91, 80, 24, 93, 91, 93, 27, 80, 93, 91, 3, 99, 49, 99, 29, 101, 49, 101, 15, 99, 101, 49, 29, 100, 107, 100, 9, 104, 107, 104, 30, 100, 104, 107, 15, 105, 50, 105, 30, 103, 50, 103, 4, 105, 103, 50, 29, 107, 101, 107, 30, 105, 101, 105, 15, 107, 105, 101, 3, 49, 45, 49, 15, 51, 45, 51, 13, 49, 51, 45, 15, 50, 52, 50, 4, 47, 52, 47, 14, 50, 47, 52, 13, 48, 44, 48, 14, 46, 44, 46, 2, 48, 46, 44, 15, 52, 51, 52, 14, 48, 51, 48, 13, 52, 48, 51, 3, 45, 65, 45, 13, 67, 65, 67, 20, 45, 67, 65, 13, 44, 64, 44, 2, 62, 64, 62, 19, 44, 62, 64, 20, 68, 66, 68, 19, 63, 66, 63, 6, 68, 63, 66, 13, 64, 67, 64, 19, 68, 67, 68, 20, 64, 68, 67, 3, 65, 81, 65, 20, 83, 81, 83, 25, 65, 83, 81, 20, 66, 86, 66, 6, 84, 86, 84, 26, 66, 84, 86, 25, 88, 82, 88, 26, 85, 82, 85, 8, 88, 85, 82, 20, 86, 83, 86, 26, 88, 83, 88, 25, 86, 88, 83, 3, 81, 99, 81, 25, 102, 99, 102, 29, 81, 102, 99, 25, 82, 117, 82, 8, 114, 117, 114, 32, 82, 114, 117, 29, 119, 100, 119, 32, 115, 100, 115, 9, 119, 115, 100, 25, 117, 102, 117, 32, 119, 102, 119, 29, 117, 119, 102, 4, 103, 60, 103, 30, 106, 60, 106, 18, 103, 106, 60, 30, 104, 113, 104, 9, 109, 113, 109, 31, 104, 109, 113, 18, 111, 61, 111, 31, 108, 61, 108, 5, 111, 108, 61, 30, 113, 106, 113, 31, 111, 106, 111, 18, 113, 111, 106, 2, 46, 141, 46, 14, 143, 141, 143, 38, 46, 143, 141, 14, 47, 147, 47, 4, 145, 147, 145, 39, 47, 145, 147, 38, 149, 142, 149, 39, 146, 142, 146, 11, 149, 146, 142, 14, 147, 143, 147, 39, 149, 143, 149, 38, 147, 149, 143, 6, 63, 126, 63, 19, 128, 126, 128, 35, 63, 128, 126, 19, 62, 125, 62, 2, 123, 125, 123, 34, 62, 123, 125, 35, 130, 127, 130, 34, 124, 127, 124, 10, 130, 124, 127, 19, 125, 128, 125, 34, 130, 128, 130, 35, 125, 130, 128, 8, 85, 90, 85, 26, 94, 90, 94, 27, 85, 94, 90, 26, 84, 87, 84, 6, 76, 87, 76, 23, 84, 76, 87, 27, 92, 89, 92, 23, 77, 89, 77, 7, 92, 77, 89, 26, 87, 94, 87, 23, 92, 94, 92, 27, 87, 92, 94, 9, 115, 96, 115, 32, 118, 96, 118, 28, 115, 118, 96, 32, 114, 116, 114, 8, 79, 116, 79, 24, 114, 79, 116, 28, 98, 95, 98, 24, 78, 95, 78, 1, 98, 78, 95, 32, 116, 118, 116, 24, 98, 118, 98, 28, 116, 98, 118]
        point3f[] points = [(-0.058143277, 1.3462663, 0.08), (-0.031856723, 1.3462663, 0.08), (-0.058143277, 1.3037337, 0.08), (-0.031856723, 1.3037337, 0.08), (-0.045, 1.3118567, 0.10126627), (-0.045, 1.3381432, 0.10126627), (-0.045, 1.3118567, 0.05873373), (-0.045, 1.3381432, 0.05873373), (-0.02373373, 1.325, 0.06685672), (-0.02373373, 1.325, 0.09314328), (-0.06626627, 1.325, 0.06685672), (-0.06626627, 1.325, 0.09314328), (-0.045, 1.35, 0.08), (-0.045, 1.3, 0.08), (-0.052725423, 1.3047745, 0.0925), (-0.037274577, 1.3047745, 0.0925), (-0.052725423, 1.3452255, 0.0925), (-0.037274577, 1.3452255, 0.0925), (-0.045, 1.325, 0.105), (-0.052725423, 1.3047745, 0.0675), (-0.037274577, 1.3047745, 0.0675), (-0.052725423, 1.3452255, 0.0675), (-0.037274577, 1.3452255, 0.0675), (-0.045, 1.325, 0.055), (-0.024774576, 1.3375, 0.07227457), (-0.024774576, 1.3125, 0.07227457), (-0.0325, 1.3172746, 0.059774574), (-0.0325, 1.3327254, 0.059774574), (-0.024774576, 1.3375, 0.08772542), (-0.024774576, 1.3125, 0.08772542), (-0.0325, 1.3172746, 0.100225426), (-0.0325, 1.3327254, 0.100225426), (-0.02, 1.325, 0.08), (-0.06522542, 1.3375, 0.07227457), (-0.06522542, 1.3125, 0.07227457), (-0.0575, 1.3172746, 0.059774574), (-0.0575, 1.3327254, 0.059774574), (-0.06522542, 1.3375, 0.08772542), (-0.06522542, 1.3125, 0.08772542), (-0.0575, 1.3172746, 0.100225426), (-0.0575, 1.3327254, 0.100225426), (-0.07, 1.325, 0.08), (-0.051831663, 1.3490485, 0.08), (-0.038168337, 1.3490485, 0.08), (-0.051831663, 1.3009516, 0.08), (-0.038168337, 1.3009516, 0.08), (-0.055847213, 1.3034333, 0.0864973), (-0.04901555, 1.3076555, 0.09755116), (-0.049061496, 1.3012236, 0.08657164), (-0.034152787, 1.3034333, 0.0864973), (-0.040984448, 1.3076555, 0.09755116), (-0.040938504, 1.3012236, 0.08657164), (-0.045, 1.3037337, 0.09314328), (-0.055847213, 1.3465667, 0.0864973), (-0.04901555, 1.3423445, 0.09755116), (-0.049061496, 1.3487765, 0.08657164), (-0.034152787, 1.3465667, 0.0864973), (-0.040984448, 1.3423445, 0.09755116), (-0.040938504, 1.3487765, 0.08657164), (-0.045, 1.3462663, 0.09314328), (-0.045, 1.3181683, 0.10404846), (-0.045, 1.3318317, 0.10404846), (-0.055847213, 1.3034333, 0.073502705), (-0.04901555, 1.3076555, 0.06244884), (-0.049061496, 1.3012236, 0.07342836), (-0.034152787, 1.3034333, 0.073502705), (-0.040984448, 1.3076555, 0.06244884), (-0.040938504, 1.3012236, 0.07342836), (-0.045, 1.3037337, 0.06685672), (-0.055847213, 1.3465667, 0.073502705), (-0.04901555, 1.3423445, 0.06244884), (-0.049061496, 1.3487765, 0.07342836), (-0.034152787, 1.3465667, 0.073502705), (-0.040984448, 1.3423445, 0.06244884), (-0.040938504, 1.3487765, 0.07342836), (-0.045, 1.3462663, 0.06685672), (-0.045, 1.3181683, 0.05595154), (-0.045, 1.3318317, 0.05595154), (-0.027655488, 1.3425511, 0.07598445), (-0.023433289, 1.3314973, 0.06915279), (-0.030305369, 1.3422048, 0.069366865), (-0.027655488, 1.3074489, 0.07598445), (-0.023433289, 1.3185027, 0.06915279), (-0.030305369, 1.3077952, 0.069366865), (-0.0385027, 1.3141528, 0.058433287), (-0.027448839, 1.3209845, 0.062655486), (-0.034366865, 1.3103054, 0.06279523), (-0.038428362, 1.3209385, 0.056223586), (-0.027795225, 1.3143668, 0.06530537), (-0.0385027, 1.3358473, 0.058433287), (-0.027448839, 1.3290155, 0.062655486), (-0.034366865, 1.3396946, 0.06279523), (-0.038428362, 1.3290615, 0.056223586), (-0.027795225, 1.3356332, 0.06530537), (-0.031856723, 1.325, 0.05873373), (-0.027655488, 1.3425511, 0.08401555), (-0.023433289, 1.3314973, 0.09084722), (-0.030305369, 1.3422048, 0.09063313), (-0.02373373, 1.3381432, 0.08), (-0.027655488, 1.3074489, 0.08401555), (-0.023433289, 1.3185027, 0.09084722), (-0.030305369, 1.3077952, 0.09063313), (-0.02373373, 1.3118567, 0.08), (-0.0385027, 1.3141528, 0.10156671), (-0.027448839, 1.3209845, 0.09734451), (-0.034366865, 1.3103054, 0.097204775), (-0.038428362, 1.3209385, 0.10377641), (-0.027795225, 1.3143668, 0.09469463), (-0.0385027, 1.3358473, 0.10156671), (-0.027448839, 1.3290155, 0.09734451), (-0.034366865, 1.3396946, 0.097204775), (-0.038428362, 1.3290615, 0.10377641), (-0.027795225, 1.3356332, 0.09469463), (-0.031856723, 1.325, 0.10126627), (-0.020951541, 1.325, 0.07316834), (-0.020951541, 1.325, 0.08683167), (-0.021223588, 1.3315717, 0.0759385), (-0.021223588, 1.3184284, 0.0759385), (-0.021223588, 1.3315717, 0.084061496), (-0.021223588, 1.3184284, 0.084061496), (-0.06234451, 1.3425511, 0.07598445), (-0.06656671, 1.3314973, 0.06915279), (-0.059694633, 1.3422048, 0.069366865), (-0.06234451, 1.3074489, 0.07598445), (-0.06656671, 1.3185027, 0.06915279), (-0.059694633, 1.3077952, 0.069366865), (-0.0514973, 1.3141528, 0.058433287), (-0.06255116, 1.3209845, 0.062655486), (-0.055633135, 1.3103054, 0.06279523), (-0.051571637, 1.3209385, 0.056223586), (-0.062204774, 1.3143668, 0.06530537), (-0.0514973, 1.3358473, 0.058433287), (-0.06255116, 1.3290155, 0.062655486), (-0.055633135, 1.3396946, 0.06279523), (-0.051571637, 1.3290615, 0.056223586), (-0.062204774, 1.3356332, 0.06530537), (-0.058143277, 1.325, 0.05873373), (-0.06234451, 1.3425511, 0.08401555), (-0.06656671, 1.3314973, 0.09084722), (-0.059694633, 1.3422048, 0.09063313), (-0.06626627, 1.3381432, 0.08), (-0.06234451, 1.3074489, 0.08401555), (-0.06656671, 1.3185027, 0.09084722), (-0.059694633, 1.3077952, 0.09063313), (-0.06626627, 1.3118567, 0.08), (-0.0514973, 1.3141528, 0.10156671), (-0.06255116, 1.3209845, 0.09734451), (-0.055633135, 1.3103054, 0.097204775), (-0.051571637, 1.3209385, 0.10377641), (-0.062204774, 1.3143668, 0.09469463), (-0.0514973, 1.3358473, 0.10156671), (-0.06255116, 1.3290155, 0.09734451), (-0.055633135, 1.3396946, 0.097204775), (-0.051571637, 1.3290615, 0.10377641), (-0.062204774, 1.3356332, 0.09469463), (-0.058143277, 1.325, 0.10126627), (-0.06904846, 1.325, 0.07316834), (-0.06904846, 1.325, 0.08683167), (-0.068776414, 1.3315717, 0.0759385), (-0.068776414, 1.3184284, 0.0759385), (-0.068776414, 1.3315717, 0.084061496), (-0.068776414, 1.3184284, 0.084061496)]
        color3f[] primvars:displayColor = [(0.95, 0.95, 0.95)]
    }

    def Mesh "Eye_R"
    {
        int[] faceVertexCounts = [3, 3, 3, 3, 3, 3, 3, 3, 3, 3, 3, 3, 3, 3, 3, 3, 3, 3, 3, 3, 3, 3, 3, 3, 3, 3, 3, 3, 3, 3, 3, 3, 3, 3, 3, 3, 3, 3, 3, 3, 3, 3, 3, 3, 3, 3, 3, 3, 3, 3, 3, 3, 3, 3, 3, 3, 3, 3, 3, 3, 3, 3, 3, 3, 3, 3, 3, 3, 3, 3, 3, 3, 3, 3, 3, 3, 3, 3, 3, 3, 3, 3, 3, 3, 3, 3, 3, 3, 3, 3, 3, 3, 3, 3, 3, 3, 3, 3, 3, 3, 3, 3, 3, 3, 3, 3, 3, 3, 3, 3, 3, 3, 3, 3, 3, 3, 3, 3, 3, 3, 3, 3, 3, 3, 3, 3, 3, 3, 3, 3, 3, 3, 3, 3, 3, 3, 3, 3, 3, 3, 3, 3, 3, 3, 3, 3, 3, 3, 3, 3, 3, 3, 3, 3, 3, 3, 3, 3, 3, 3, 3, 3, 3, 3, 3, 3, 3, 3, 3, 3, 3, 3, 3, 3, 3, 3, 3, 3, 3, 3, 3, 3, 3, 3, 3, 3, 3, 3, 3, 3, 3, 3, 3, 3, 3, 3, 3, 3, 3, 3, 3, 3, 3, 3, 3, 3, 3, 3, 3, 3, 3, 3, 3, 3, 3, 3, 3, 3, 3, 3, 3, 3, 3, 3, 3, 3, 3, 3, 3, 3, 3, 3, 3, 3, 3, 3, 3, 3, 3, 3, 3, 3, 3, 3, 3, 3, 3, 3, 3, 3, 3, 3, 3, 3, 3, 3, 3, 3, 3, 3, 3, 3, 3, 3, 3, 3, 3, 3, 3, 3, 3, 3, 3, 3, 3, 3, 3, 3, 3, 3, 3, 3, 3, 3, 3, 3, 3, 3, 3, 3, 3, 3, 3, 3, 3, 3, 3, 3, 3, 3, 3, 3, 3, 3, 3, 3, 3, 3, 3, 3, 3, 3, 3, 3, 3, 3, 3, 3, 3, 3]
        int[] faceVertexIndices = [0, 137, 53, 137, 37, 139, 53, 139, 16, 137, 139, 53, 37, 138, 154, 138, 11, 151, 154, 151, 40, 138, 151, 154, 16, 152, 54, 152, 40, 150, 54, 150, 5, 152, 150, 54, 37, 154, 139, 154, 40, 152, 139, 152, 16, 154, 152, 139, 0, 53, 42, 53, 16, 55, 42, 55, 12, 53, 55, 42, 16, 54, 59, 54, 5, 57, 59, 57, 17, 54, 57, 59, 12, 58, 43, 58, 17, 56, 43, 56, 1, 58, 56, 43, 16, 59, 55, 59, 17, 58, 55, 58, 12, 59, 58, 55, 0, 42, 69, 42, 12, 71, 69, 71, 21, 42, 71, 69, 12, 43, 74, 43, 1, 72, 74, 72, 22, 43, 72, 74, 21, 75, 70, 75, 22, 73, 70, 73, 7, 75, 73, 70, 12, 74, 71, 74, 22, 75, 71, 75, 21, 74, 75, 71, 0, 69, 120, 69, 21, 122, 120, 122, 33, 69, 122, 120, 21, 70, 133, 70, 7, 131, 133, 131, 36, 70, 131, 133, 33, 135, 121, 135, 36, 132, 121, 132, 10, 135, 132, 121, 21, 133, 122, 133, 36, 135, 122, 135, 33, 133, 135, 122, 0, 120, 137, 120, 33, 140, 137, 140, 37, 120, 140, 137, 33, 121, 158, 121, 10, 156, 158, 156, 41, 121, 156, 158, 37, 160, 138, 160, 41, 157, 138, 157, 11, 160, 157, 138, 33, 158, 140, 158, 41, 160, 140, 160, 37, 158, 160, 140, 1, 56, 95, 56, 17, 97, 95, 97, 28, 56, 97, 95, 17, 57, 110, 57, 5, 108, 110, 108, 31, 57, 108, 110, 28, 112, 96, 112, 31, 109, 96, 109, 9, 112, 109, 96, 17, 110, 97, 110, 31, 112, 97, 112, 28, 110, 112, 97, 5, 150, 61, 150, 40, 153, 61, 153, 18, 150, 153, 61, 40, 151, 155, 151, 11, 146, 155, 146, 39, 151, 146, 155, 18, 148, 60, 148, 39, 145, 60, 145, 4, 148, 145, 60, 40, 155, 153, 155, 39, 148, 153, 148, 18, 155, 148, 153, 11, 157, 142, 157, 41, 161, 142, 161, 38, 157, 161, 142, 41, 156, 159, 156, 10, 124, 159, 124, 34, 156, 124, 159, 38, 144, 141, 144, 34, 123, 141, 123, 2, 144, 123, 141, 41, 159, 161, 159, 34, 144, 161, 144, 38, 159, 144, 161, 10, 132, 127, 132, 36, 136, 127, 136, 35, 132, 136, 127, 36, 131, 134, 131, 7, 77, 134, 77, 23, 131, 77, 134, 35, 129, 126, 129, 23, 76, 126, 76, 6, 129, 76, 126, 36, 134, 136, 134, 23, 129, 136, 129, 35, 134, 129, 136, 7, 73, 89, 73, 22, 91, 89, 91, 27, 73, 91, 89, 22, 72, 80, 72, 1, 78, 80, 78, 24, 72, 78, 80, 27, 93, 90, 93, 24, 79, 90, 79, 8, 93, 79, 90, 22, 80, 91, 80, 24, 93, 91, 93, 27, 80, 93, 91, 3, 99, 49, 99, 29, 101, 49, 101, 15, 99, 101, 49, 29, 100, 107, 100, 9, 104, 107, 104, 30, 100, 104, 107, 15, 105, 50, 105, 30, 103, 50, 103, 4, 105, 103, 50, 29, 107, 101, 107, 30, 105, 101, 105, 15, 107, 105, 101, 3, 49, 45, 49, 15, 51, 45, 51, 13, 49, 51, 45, 15, 50, 52, 50, 4, 47, 52, 47, 14, 50, 47, 52, 13, 48, 44, 48, 14, 46, 44, 46, 2, 48, 46, 44, 15, 52, 51, 52, 14, 48, 51, 48, 13, 52, 48, 51, 3, 45, 65, 45, 13, 67, 65, 67, 20, 45, 67, 65, 13, 44, 64, 44, 2, 62, 64, 62, 19, 44, 62, 64, 20, 68, 66, 68, 19, 63, 66, 63, 6, 68, 63, 66, 13, 64, 67, 64, 19, 68, 67, 68, 20, 64, 68, 67, 3, 65, 81, 65, 20, 83, 81, 83, 25, 65, 83, 81, 20, 66, 86, 66, 6, 84, 86, 84, 26, 66, 84, 86, 25, 88, 82, 88, 26, 85, 82, 85, 8, 88, 85, 82, 20, 86, 83, 86, 26, 88, 83, 88, 25, 86, 88, 83, 3, 81, 99, 81, 25, 102, 99, 102, 29, 81, 102, 99, 25, 82, 117, 82, 8, 114, 117, 114, 32, 82, 114, 117, 29, 119, 100, 119, 32, 115, 100, 115, 9, 119, 115, 100, 25, 117, 102, 117, 32, 119, 102, 119, 29, 117, 119, 102, 4, 103, 60, 103, 30, 106, 60, 106, 18, 103, 106, 60, 30, 104, 113, 104, 9, 109, 113, 109, 31, 104, 109, 113, 18, 111, 61, 111, 31, 108, 61, 108, 5, 111, 108, 61, 30, 113, 106, 113, 31, 111, 106, 111, 18, 113, 111, 106, 2, 46, 141, 46, 14, 143, 141, 143, 38, 46, 143, 141, 14, 47, 147, 47, 4, 145, 147, 145, 39, 47, 145, 147, 38, 149, 142, 149, 39, 146, 142, 146, 11, 149, 146, 142, 14, 147, 143, 147, 39, 149, 143, 149, 38, 147, 149, 143, 6, 63, 126, 63, 19, 128, 126, 128, 35, 63, 128, 126, 19, 62, 125, 62, 2, 123, 125, 123, 34, 62, 123, 125, 35, 130, 127, 130, 34, 124, 127, 124, 10, 130, 124, 127, 19, 125, 128, 125, 34, 130, 128, 130, 35, 125, 130, 128, 8, 85, 90, 85, 26, 94, 90, 94, 27, 85, 94, 90, 26, 84, 87, 84, 6, 76, 87, 76, 23, 84, 76, 87, 27, 92, 89, 92, 23, 77, 89, 77, 7, 92, 77, 89, 26, 87, 94, 87, 23, 92, 94, 92, 27, 87, 92, 94, 9, 115, 96, 115, 32, 118, 96, 118, 28, 115, 118, 96, 32, 114, 116, 114, 8, 79, 116, 79, 24, 114, 79, 116, 28, 98, 95, 98, 24, 78, 95, 78, 1, 98, 78, 95, 32, 116, 118, 116, 24, 98, 118, 98, 28, 116, 98, 118]
        point3f[] points = [(0.031856723, 1.3462663, 0.08), (0.058143277, 1.3462663, 0.08), (0.031856723, 1.3037337, 0.08), (0.058143277, 1.3037337, 0.08), (0.045, 1.3118567, 0.10126627), (0.045, 1.3381432, 0.10126627), (0.045, 1.3118567, 0.05873373), (0.045, 1.3381432, 0.05873373), (0.06626627, 1.325, 0.06685672), (0.06626627, 1.325, 0.09314328), (0.02373373, 1.325, 0.06685672), (0.02373373, 1.325, 0.09314328), (0.045, 1.35, 0.08), (0.045, 1.3, 0.08), (0.037274577, 1.3047745, 0.0925), (0.052725423, 1.3047745, 0.0925), (0.037274577, 1.3452255, 0.0925), (0.052725423, 1.3452255, 0.0925), (0.045, 1.325, 0.105), (0.037274577, 1.3047745, 0.0675), (0.052725423, 1.3047745, 0.0675), (0.037274577, 1.3452255, 0.0675), (0.052725423, 1.3452255, 0.0675), (0.045, 1.325, 0.055), (0.06522542, 1.3375, 0.07227457), (0.06522542, 1.3125, 0.07227457), (0.0575, 1.3172746, 0.059774574), (0.0575, 1.3327254, 0.059774574), (0.06522542, 1.3375, 0.08772542), (0.06522542, 1.3125, 0.08772542), (0.0575, 1.3172746, 0.100225426), (0.0575, 1.3327254, 0.100225426), (0.07, 1.325, 0.08), (0.024774576, 1.3375, 0.07227457), (0.024774576, 1.3125, 0.07227457), (0.0325, 1.3172746, 0.059774574), (0.0325, 1.3327254, 0.059774574), (0.024774576, 1.3375, 0.08772542), (0.024774576, 1.3125, 0.08772542), (0.0325, 1.3172746, 0.100225426), (0.0325, 1.3327254, 0.100225426), (0.02, 1.325, 0.08), (0.038168337, 1.3490485, 0.08), (0.051831663, 1.3490485, 0.08), (0.038168337, 1.3009516, 0.08), (0.051831663, 1.3009516, 0.08), (0.034152787, 1.3034333, 0.0864973), (0.040984448, 1.3076555, 0.09755116), (0.040938504, 1.3012236, 0.08657164), (0.055847213, 1.3034333, 0.0864973), (0.04901555, 1.3076555, 0.09755116), (0.049061496, 1.3012236, 0.08657164), (0.045, 1.3037337, 0.09314328), (0.034152787, 1.3465667, 0.0864973), (0.040984448, 1.3423445, 0.09755116), (0.040938504, 1.3487765, 0.08657164), (0.055847213, 1.3465667, 0.0864973), (0.04901555, 1.3423445, 0.09755116), (0.049061496, 1.3487765, 0.08657164), (0.045, 1.3462663, 0.09314328), (0.045, 1.3181683, 0.10404846), (0.045, 1.3318317, 0.10404846), (0.034152787, 1.3034333, 0.073502705), (0.040984448, 1.3076555, 0.06244884), (0.040938504, 1.3012236, 0.07342836), (0.055847213, 1.3034333, 0.073502705), (0.04901555, 1.3076555, 0.06244884), (0.049061496, 1.3012236, 0.07342836), (0.045, 1.3037337, 0.06685672), (0.034152787, 1.3465667, 0.073502705), (0.040984448, 1.3423445, 0.06244884), (0.040938504, 1.3487765, 0.07342836), (0.055847213, 1.3465667, 0.073502705), (0.04901555, 1.3423445, 0.06244884), (0.049061496, 1.3487765, 0.07342836), (0.045, 1.3462663, 0.06685672), (0.045, 1.3181683, 0.05595154), (0.045, 1.3318317, 0.05595154), (0.06234451, 1.3425511, 0.07598445), (0.06656671, 1.3314973, 0.06915279), (0.059694633, 1.3422048, 0.069366865), (0.06234451, 1.3074489, 0.07598445), (0.06656671, 1.3185027, 0.06915279), (0.059694633, 1.3077952, 0.069366865), (0.0514973, 1.3141528, 0.058433287), (0.06255116, 1.3209845, 0.062655486), (0.055633135, 1.3103054, 0.06279523), (0.051571637, 1.3209385, 0.056223586), (0.062204774, 1.3143668, 0.06530537), (0.0514973, 1.3358473, 0.058433287), (0.06255116, 1.3290155, 0.062655486), (0.055633135, 1.3396946, 0.06279523), (0.051571637, 1.3290615, 0.056223586), (0.062204774, 1.3356332, 0.06530537), (0.058143277, 1.325, 0.05873373), (0.06234451, 1.3425511, 0.08401555), (0.06656671, 1.3314973, 0.09084722), (0.059694633, 1.3422048, 0.09063313), (0.06626627, 1.3381432, 0.08), (0.06234451, 1.3074489, 0.08401555), (0.06656671, 1.3185027, 0.09084722), (0.059694633, 1.3077952, 0.09063313), (0.06626627, 1.3118567, 0.08), (0.0514973, 1.3141528, 0.10156671), (0.06255116, 1.3209845, 0.09734451), (0.055633135, 1.3103054, 0.097204775), (0.051571637, 1.3209385, 0.10377641), (0.062204774, 1.3143668, 0.09469463), (0.0514973, 1.3358473, 0.10156671), (0.06255116, 1.3290155, 0.09734451), (0.055633135, 1.3396946, 0.097204775), (0.051571637, 1.3290615, 0.10377641), (0.062204774, 1.3356332, 0.09469463), (0.058143277, 1.325, 0.10126627), (0.06904846, 1.325, 0.07316834), (0.06904846, 1.325, 0.08683167), (0.068776414, 1.3315717, 0.0759385), (0.068776414, 1.3184284, 0.0759385), (0.068776414, 1.3315717, 0.084061496), (0.068776414, 1.3184284, 0.084061496), (0.027655488, 1.3425511, 0.07598445), (0.023433289, 1.3314973, 0.06915279), (0.030305369, 1.3422048, 0.069366865), (0.027655488, 1.3074489, 0.07598445), (0.023433289, 1.3185027, 0.06915279), (0.030305369, 1.3077952, 0.069366865), (0.0385027, 1.3141528, 0.058433287), (0.027448839, 1.3209845, 0.062655486), (0.034366865, 1.3103054, 0.06279523), (0.038428362, 1.3209385, 0.056223586), (0.027795225, 1.3143668, 0.06530537), (0.0385027, 1.3358473, 0.058433287), (0.027448839, 1.3290155, 0.062655486), (0.034366865, 1.3396946, 0.06279523), (0.038428362, 1.3290615, 0.056223586), (0.027795225, 1.3356332, 0.06530537), (0.031856723, 1.325, 0.05873373), (0.027655488, 1.3425511, 0.08401555), (0.023433289, 1.3314973, 0.09084722), (0.030305369, 1.3422048, 0.09063313), (0.02373373, 1.3381432, 0.08), (0.027655488, 1.3074489, 0.08401555), (0.023433289, 1.3185027, 0.09084722), (0.030305369, 1.3077952, 0.09063313), (0.02373373, 1.3118567, 0.08), (0.0385027, 1.3141528, 0.10156671), (0.027448839, 1.3209845, 0.09734451), (0.034366865, 1.3103054, 0.097204775), (0.038428362, 1.3209385, 0.10377641), (0.027795225, 1.3143668, 0.09469463), (0.0385027, 1.3358473, 0.10156671), (0.027448839, 1.3290155, 0.09734451), (0.034366865, 1.3396946, 0.097204775), (0.038428362, 1.3290615, 0.10377641), (0.027795225, 1.3356332, 0.09469463), (0.031856723, 1.325, 0.10126627), (0.020951541, 1.325, 0.07316834), (0.020951541, 1.325, 0.08683167), (0.021223588, 1.3315717, 0.0759385), (0.021223588, 1.3184284, 0.0759385), (0.021223588, 1.3315717, 0.084061496), (0.021223588, 1.3184284, 0.084061496)]
        color3f[] primvars:displayColor = [(0.95, 0.95, 0.95)]
    }

    def Mesh "Chin"
    {
        int[] faceVertexCounts = [3, 3, 3, 3, 3, 3, 3, 3, 3, 3, 3, 3]
        int[] faceVertexIndices = [1, 3, 0, 4, 1, 0, 0, 3, 2, 2, 4, 0, 1, 7, 3, 5, 1, 4, 5, 7, 1, 3, 7, 2, 6, 4, 2, 2, 7, 6, 6, 5, 4, 7, 5, 6]
        point3f[] points = [(-0.025, 1.18, 0.035), (-0.025, 1.18, 0.065), (-0.025, 1.22, 0.035), (-0.025, 1.22, 0.065), (0.025, 1.18, 0.035), (0.025, 1.18, 0.065), (0.025, 1.22, 0.035), (0.025, 1.22, 0.065)]
        color3f[] primvars:displayColor = [(0.95, 0.95, 0.95)]
    }

    def Mesh "Neck"
    {
        int[] faceVertexCounts = [3, 3, 3, 3, 3, 3, 3, 3, 3, 3, 3, 3, 3, 3, 3, 3, 3, 3, 3, 3, 3, 3, 3, 3, 3, 3, 3, 3, 3, 3, 3, 3, 3, 3, 3, 3, 3, 3, 3, 3, 3, 3, 3, 3, 3, 3, 3, 3]
        int[] faceVertexIndices = [1, 0, 4, 1, 4, 2, 2, 4, 5, 2, 5, 3, 4, 0, 6, 4, 6, 5, 5, 6, 7, 5, 7, 3, 6, 0, 8, 6, 8, 7, 7, 8, 9, 7, 9, 3, 8, 0, 10, 8, 10, 9, 9, 10, 11, 9, 11, 3, 10, 0, 12, 10, 12, 11, 11, 12, 13, 11, 13, 3, 12, 0, 14, 12, 14, 13, 13, 14, 15, 13, 15, 3, 14, 0, 16, 14, 16, 15, 15, 16, 17, 15, 17, 3, 16, 0, 18, 16, 18, 17, 17, 18, 19, 17, 19, 3, 18, 0, 20, 18, 20, 19, 19, 20, 21, 19, 21, 3, 20, 0, 22, 20, 22, 21, 21, 22, 23, 21, 23, 3, 22, 0, 24, 22, 24, 23, 23, 24, 25, 23, 25, 3, 24, 0, 1, 24, 1, 25, 25, 1, 2, 25, 2, 3]
        point3f[] points = [(0, 1.15, -0.05), (0.045, 1.15, -0.05), (0.045, 1.15, 0.05), (0, 1.15, 0.05), (0.038971145, 1.1725, -0.05), (0.038971145, 1.1725, 0.05), (0.0225, 1.1889712, -0.05), (0.0225, 1.1889712, 0.05), (2.7554553e-18, 1.195, -0.05), (2.7554553e-18, 1.195, 0.05), (-0.0225, 1.1889712, -0.05), (-0.0225, 1.1889712, 0.05), (-0.038971145, 1.1725, -0.05), (-0.038971145, 1.1725, 0.05), (-0.045, 1.15, -0.05), (-0.045, 1.15, 0.05), (-0.038971145, 1.1275, -0.05), (-0.038971145, 1.1275, 0.05), (-0.0225, 1.1110289, -0.05), (-0.0225, 1.1110289, 0.05), (-8.266366e-18, 1.105, -0.05), (-8.266366e-18, 1.105, 0.05), (0.0225, 1.1110289, -0.05), (0.0225, 1.1110289, 0.05), (0.038971145, 1.1275, -0.05), (0.038971145, 1.1275, 0.05)]
        color3f[] primvars:displayColor = [(0.95, 0.95, 0.95)]
    }

    def Mesh "Torso"
    {
        int[] faceVertexCounts = [3, 3, 3, 3, 3, 3, 3, 3, 3, 3, 3, 3]
        int[] faceVertexIndices = [1, 3, 0, 4, 1, 0, 0, 3, 2, 2, 4, 0, 1, 7, 3, 5, 1, 4, 5, 7, 1, 3, 7, 2, 6, 4, 2, 2, 7, 6, 6, 5, 4, 7, 5, 6]
        point3f[] points = [(-0.15, 0.45, -0.09), (-0.15, 0.45, 0.09), (-0.15, 1.1, -0.09), (-0.15, 1.1, 0.09), (0.15, 0.45, -0.09), (0.15, 0.45, 0.09), (0.15, 1.1, -0.09), (0.15, 1.1, 0.09)]
        color3f[] primvars:displayColor = [(0.95, 0.95, 0.95)]
    }

    def Mesh "Shoulder_L"
    {
        int[] faceVertexCounts = [3, 3, 3, 3, 3, 3, 3, 3, 3, 3, 3, 3, 3, 3, 3, 3, 3, 3, 3, 3, 3, 3, 3, 3, 3, 3, 3, 3, 3, 3, 3, 3, 3, 3, 3, 3, 3, 3, 3, 3, 3, 3, 3, 3, 3, 3, 3, 3, 3, 3, 3, 3, 3, 3, 3, 3, 3, 3, 3, 3, 3, 3, 3, 3, 3, 3, 3, 3, 3, 3, 3, 3, 3, 3, 3, 3, 3, 3, 3, 3, 3, 3, 3, 3, 3, 3, 3, 3, 3, 3, 3, 3, 3, 3, 3, 3, 3, 3, 3, 3, 3, 3, 3, 3, 3, 3, 3, 3, 3, 3, 3, 3, 3, 3, 3, 3, 3, 3, 3, 3, 3, 3, 3, 3, 3, 3, 3, 3, 3, 3, 3, 3, 3, 3, 3, 3, 3, 3, 3, 3, 3, 3, 3, 3, 3, 3, 3, 3, 3, 3, 3, 3, 3, 3, 3, 3, 3, 3, 3, 3, 3, 3, 3, 3, 3, 3, 3, 3, 3, 3, 3, 3, 3, 3, 3, 3, 3, 3, 3, 3, 3, 3, 3, 3, 3, 3, 3, 3, 3, 3, 3, 3, 3, 3, 3, 3, 3, 3, 3, 3, 3, 3, 3, 3, 3, 3, 3, 3, 3, 3, 3, 3, 3, 3, 3, 3, 3, 3, 3, 3, 3, 3, 3, 3, 3, 3, 3, 3, 3, 3, 3, 3, 3, 3, 3, 3, 3, 3, 3, 3, 3, 3, 3, 3, 3, 3, 3, 3, 3, 3, 3, 3, 3, 3, 3, 3, 3, 3, 3, 3, 3, 3, 3, 3, 3, 3, 3, 3, 3, 3, 3, 3, 3, 3, 3, 3, 3, 3, 3, 3, 3, 3, 3, 3, 3, 3, 3, 3, 3, 3, 3, 3, 3, 3, 3, 3, 3, 3, 3, 3, 3, 3, 3, 3, 3, 3, 3, 3, 3, 3, 3, 3, 3, 3, 3, 3, 3, 3, 3, 3]
        int[] faceVertexIndices = [0, 137, 53, 137, 37, 139, 53, 139, 16, 137, 139, 53, 37, 138, 154, 138, 11, 151, 154, 151, 40, 138, 151, 154, 16, 152, 54, 152, 40, 150, 54, 150, 5, 152, 150, 54, 37, 154, 139, 154, 40, 152, 139, 152, 16, 154, 152, 139, 0, 53, 42, 53, 16, 55, 42, 55, 12, 53, 55, 42, 16, 54, 59, 54, 5, 57, 59, 57, 17, 54, 57, 59, 12, 58, 43, 58, 17, 56, 43, 56, 1, 58, 56, 43, 16, 59, 55, 59, 17, 58, 55, 58, 12, 59, 58, 55, 0, 42, 69, 42, 12, 71, 69, 71, 21, 42, 71, 69, 12, 43, 74, 43, 1, 72, 74, 72, 22, 43, 72, 74, 21, 75, 70, 75, 22, 73, 70, 73, 7, 75, 73, 70, 12, 74, 71, 74, 22, 75, 71, 75, 21, 74, 75, 71, 0, 69, 120, 69, 21, 122, 120, 122, 33, 69, 122, 120, 21, 70, 133, 70, 7, 131, 133, 131, 36, 70, 131, 133, 33, 135, 121, 135, 36, 132, 121, 132, 10, 135, 132, 121, 21, 133, 122, 133, 36, 135, 122, 135, 33, 133, 135, 122, 0, 120, 137, 120, 33, 140, 137, 140, 37, 120, 140, 137, 33, 121, 158, 121, 10, 156, 158, 156, 41, 121, 156, 158, 37, 160, 138, 160, 41, 157, 138, 157, 11, 160, 157, 138, 33, 158, 140, 158, 41, 160, 140, 160, 37, 158, 160, 140, 1, 56, 95, 56, 17, 97, 95, 97, 28, 56, 97, 95, 17, 57, 110, 57, 5, 108, 110, 108, 31, 57, 108, 110, 28, 112, 96, 112, 31, 109, 96, 109, 9, 112, 109, 96, 17, 110, 97, 110, 31, 112, 97, 112, 28, 110, 112, 97, 5, 150, 61, 150, 40, 153, 61, 153, 18, 150, 153, 61, 40, 151, 155, 151, 11, 146, 155, 146, 39, 151, 146, 155, 18, 148, 60, 148, 39, 145, 60, 145, 4, 148, 145, 60, 40, 155, 153, 155, 39, 148, 153, 148, 18, 155, 148, 153, 11, 157, 142, 157, 41, 161, 142, 161, 38, 157, 161, 142, 41, 156, 159, 156, 10, 124, 159, 124, 34, 156, 124, 159, 38, 144, 141, 144, 34, 123, 141, 123, 2, 144, 123, 141, 41, 159, 161, 159, 34, 144, 161, 144, 38, 159, 144, 161, 10, 132, 127, 132, 36, 136, 127, 136, 35, 132, 136, 127, 36, 131, 134, 131, 7, 77, 134, 77, 23, 131, 77, 134, 35, 129, 126, 129, 23, 76, 126, 76, 6, 129, 76, 126, 36, 134, 136, 134, 23, 129, 136, 129, 35, 134, 129, 136, 7, 73, 89, 73, 22, 91, 89, 91, 27, 73, 91, 89, 22, 72, 80, 72, 1, 78, 80, 78, 24, 72, 78, 80, 27, 93, 90, 93, 24, 79, 90, 79, 8, 93, 79, 90, 22, 80, 91, 80, 24, 93, 91, 93, 27, 80, 93, 91, 3, 99, 49, 99, 29, 101, 49, 101, 15, 99, 101, 49, 29, 100, 107, 100, 9, 104, 107, 104, 30, 100, 104, 107, 15, 105, 50, 105, 30, 103, 50, 103, 4, 105, 103, 50, 29, 107, 101, 107, 30, 105, 101, 105, 15, 107, 105, 101, 3, 49, 45, 49, 15, 51, 45, 51, 13, 49, 51, 45, 15, 50, 52, 50, 4, 47, 52, 47, 14, 50, 47, 52, 13, 48, 44, 48, 14, 46, 44, 46, 2, 48, 46, 44, 15, 52, 51, 52, 14, 48, 51, 48, 13, 52, 48, 51, 3, 45, 65, 45, 13, 67, 65, 67, 20, 45, 67, 65, 13, 44, 64, 44, 2, 62, 64, 62, 19, 44, 62, 64, 20, 68, 66, 68, 19, 63, 66, 63, 6, 68, 63, 66, 13, 64, 67, 64, 19, 68, 67, 68, 20, 64, 68, 67, 3, 65, 81, 65, 20, 83, 81, 83, 25, 65, 83, 81, 20, 66, 86, 66, 6, 84, 86, 84, 26, 66, 84, 86, 25, 88, 82, 88, 26, 85, 82, 85, 8, 88, 85, 82, 20, 86, 83, 86, 26, 88, 83, 88, 25, 86, 88, 83, 3, 81, 99, 81, 25, 102, 99, 102, 29, 81, 102, 99, 25, 82, 117, 82, 8, 114, 117, 114, 32, 82, 114, 117, 29, 119, 100, 119, 32, 115, 100, 115, 9, 119, 115, 100, 25, 117, 102, 117, 32, 119, 102, 119, 29, 117, 119, 102, 4, 103, 60, 103, 30, 106, 60, 106, 18, 103, 106, 60, 30, 104, 113, 104, 9, 109, 113, 109, 31, 104, 109, 113, 18, 111, 61, 111, 31, 108, 61, 108, 5, 111, 108, 61, 30, 113, 106, 113, 31, 111, 106, 111, 18, 113, 111, 106, 2, 46, 141, 46, 14, 143, 141, 143, 38, 46, 143, 141, 14, 47, 147, 47, 4, 145, 147, 145, 39, 47, 145, 147, 38, 149, 142, 149, 39, 146, 142, 146, 11, 149, 146, 142, 14, 147, 143, 147, 39, 149, 143, 149, 38, 147, 149, 143, 6, 63, 126, 63, 19, 128, 126, 128, 35, 63, 128, 126, 19, 62, 125, 62, 2, 123, 125, 123, 34, 62, 123, 125, 35, 130, 127, 130, 34, 124, 127, 124, 10, 130, 124, 127, 19, 125, 128, 125, 34, 130, 128, 130, 35, 125, 130, 128, 8, 85, 90, 85, 26, 94, 90, 94, 27, 85, 94, 90, 26, 84, 87, 84, 6, 76, 87, 76, 23, 84, 76, 87, 27, 92, 89, 92, 23, 77, 89, 77, 7, 92, 77, 89, 26, 87, 94, 87, 23, 92, 94, 92, 27, 87, 92, 94, 9, 115, 96, 115, 32, 118, 96, 118, 28, 115, 118, 96, 32, 114, 116, 114, 8, 79, 116, 79, 24, 114, 79, 116, 28, 98, 95, 98, 24, 78, 95, 78, 1, 98, 78, 95, 32, 116, 118, 116, 24, 98, 118, 98, 28, 116, 98, 118]
        point3f[] points = [(-0.21205848, 1.1280521, 0), (-0.1279415, 1.1280521, 0), (-0.21205848, 0.99194795, 0), (-0.1279415, 0.99194795, 0), (-0.17, 1.0179415, 0.06805207), (-0.17, 1.1020585, 0.06805207), (-0.17, 1.0179415, -0.06805207), (-0.17, 1.1020585, -0.06805207), (-0.10194793, 1.06, -0.04205849), (-0.10194793, 1.06, 0.04205849), (-0.23805207, 1.06, -0.04205849), (-0.23805207, 1.06, 0.04205849), (-0.17, 1.14, 0), (-0.17, 0.98, 0), (-0.19472136, 0.99527866, 0.04), (-0.14527865, 0.99527866, 0.04), (-0.19472136, 1.1247214, 0.04), (-0.14527865, 1.1247214, 0.04), (-0.17, 1.06, 0.08), (-0.19472136, 0.99527866, -0.04), (-0.14527865, 0.99527866, -0.04), (-0.19472136, 1.1247214, -0.04), (-0.14527865, 1.1247214, -0.04), (-0.17, 1.06, -0.08), (-0.10527864, 1.1, -0.02472136), (-0.10527864, 1.02, -0.02472136), (-0.13, 1.0352787, -0.06472136), (-0.13, 1.0847213, -0.06472136), (-0.10527864, 1.1, 0.02472136), (-0.10527864, 1.02, 0.02472136), (-0.13, 1.0352787, 0.06472136), (-0.13, 1.0847213, 0.06472136), (-0.09, 1.06, 0), (-0.23472136, 1.1, -0.02472136), (-0.23472136, 1.02, -0.02472136), (-0.21, 1.0352787, -0.06472136), (-0.21, 1.0847213, -0.06472136), (-0.23472136, 1.1, 0.02472136), (-0.23472136, 1.02, 0.02472136), (-0.21, 1.0352787, 0.06472136), (-0.21, 1.0847213, 0.06472136), (-0.25, 1.06, 0), (-0.19186132, 1.136955, 0), (-0.14813867, 1.136955, 0), (-0.19186132, 0.9830449, 0), (-0.14813867, 0.9830449, 0), (-0.20471108, 0.9909865, 0.020791354), (-0.18284976, 1.0044975, 0.056163717), (-0.1829968, 0.9839155, 0.021029245), (-0.13528891, 0.9909865, 0.020791354), (-0.15715024, 1.0044975, 0.056163717), (-0.15700321, 0.9839155, 0.021029245), (-0.17, 0.99194795, 0.04205849), (-0.20471108, 1.1290134, 0.020791354), (-0.18284976, 1.1155025, 0.056163717), (-0.1829968, 1.1360846, 0.021029245), (-0.13528891, 1.1290134, 0.020791354), (-0.15715024, 1.1155025, 0.056163717), (-0.15700321, 1.1360846, 0.021029245), (-0.17, 1.1280521, 0.04205849), (-0.17, 1.0381386, 0.076955065), (-0.17, 1.0818614, 0.076955065), (-0.20471108, 0.9909865, -0.020791354), (-0.18284976, 1.0044975, -0.056163717), (-0.1829968, 0.9839155, -0.021029245), (-0.13528891, 0.9909865, -0.020791354), (-0.15715024, 1.0044975, -0.056163717), (-0.15700321, 0.9839155, -0.021029245), (-0.17, 0.99194795, -0.04205849), (-0.20471108, 1.1290134, -0.020791354), (-0.18284976, 1.1155025, -0.056163717), (-0.1829968, 1.1360846, -0.021029245), (-0.13528891, 1.1290134, -0.020791354), (-0.15715024, 1.1155025, -0.056163717), (-0.15700321, 1.1360846, -0.021029245), (-0.17, 1.1280521, -0.04205849), (-0.17, 1.0381386, -0.076955065), (-0.17, 1.0818614, -0.076955065), (-0.114497565, 1.1161637, -0.012849763), (-0.10098652, 1.0807914, -0.034711085), (-0.12297718, 1.1150553, -0.034026034), (-0.114497565, 1.0038363, -0.012849763), (-0.10098652, 1.0392087, -0.034711085), (-0.12297718, 1.0049447, -0.034026034), (-0.14920865, 1.0252889, -0.06901348), (-0.11383628, 1.0471503, -0.055502437), (-0.13597398, 1.0129771, -0.055055276), (-0.14897075, 1.0470033, -0.076084524), (-0.114944726, 1.0259739, -0.04702282), (-0.14920865, 1.0947111, -0.06901348), (-0.11383628, 1.0728498, -0.055502437), (-0.13597398, 1.1070228, -0.055055276), (-0.14897075, 1.0729967, -0.076084524), (-0.114944726, 1.0940261, -0.04702282), (-0.1279415, 1.06, -0.06805207), (-0.114497565, 1.1161637, 0.012849763), (-0.10098652, 1.0807914, 0.034711085), (-0.12297718, 1.1150553, 0.034026034), (-0.10194793, 1.1020585, 0), (-0.114497565, 1.0038363, 0.012849763), (-0.10098652, 1.0392087, 0.034711085), (-0.12297718, 1.0049447, 0.034026034), (-0.10194793, 1.0179415, 0), (-0.14920865, 1.0252889, 0.06901348), (-0.11383628, 1.0471503, 0.055502437), (-0.13597398, 1.0129771, 0.055055276), (-0.14897075, 1.0470033, 0.076084524), (-0.114944726, 1.0259739, 0.04702282), (-0.14920865, 1.0947111, 0.06901348), (-0.11383628, 1.0728498, 0.055502437), (-0.13597398, 1.1070228, 0.055055276), (-0.14897075, 1.0729967, 0.076084524), (-0.114944726, 1.0940261, 0.04702282), (-0.1279415, 1.06, 0.06805207), (-0.09304493, 1.06, -0.021861322), (-0.09304493, 1.06, 0.021861322), (-0.09391548, 1.0810293, -0.012996788), (-0.09391548, 1.0389707, -0.012996788), (-0.09391548, 1.0810293, 0.012996788), (-0.09391548, 1.0389707, 0.012996788), (-0.22550243, 1.1161637, -0.012849763), (-0.23901348, 1.0807914, -0.034711085), (-0.21702282, 1.1150553, -0.034026034), (-0.22550243, 1.0038363, -0.012849763), (-0.23901348, 1.0392087, -0.034711085), (-0.21702282, 1.0049447, -0.034026034), (-0.19079135, 1.0252889, -0.06901348), (-0.22616372, 1.0471503, -0.055502437), (-0.20402603, 1.0129771, -0.055055276), (-0.19102925, 1.0470033, -0.076084524), (-0.22505528, 1.0259739, -0.04702282), (-0.19079135, 1.0947111, -0.06901348), (-0.22616372, 1.0728498, -0.055502437), (-0.20402603, 1.1070228, -0.055055276), (-0.19102925, 1.0729967, -0.076084524), (-0.22505528, 1.0940261, -0.04702282), (-0.21205848, 1.06, -0.06805207), (-0.22550243, 1.1161637, 0.012849763), (-0.23901348, 1.0807914, 0.034711085), (-0.21702282, 1.1150553, 0.034026034), (-0.23805207, 1.1020585, 0), (-0.22550243, 1.0038363, 0.012849763), (-0.23901348, 1.0392087, 0.034711085), (-0.21702282, 1.0049447, 0.034026034), (-0.23805207, 1.0179415, 0), (-0.19079135, 1.0252889, 0.06901348), (-0.22616372, 1.0471503, 0.055502437), (-0.20402603, 1.0129771, 0.055055276), (-0.19102925, 1.0470033, 0.076084524), (-0.22505528, 1.0259739, 0.04702282), (-0.19079135, 1.0947111, 0.06901348), (-0.22616372, 1.0728498, 0.055502437), (-0.20402603, 1.1070228, 0.055055276), (-0.19102925, 1.0729967, 0.076084524), (-0.22505528, 1.0940261, 0.04702282), (-0.21205848, 1.06, 0.06805207), (-0.24695507, 1.06, -0.021861322), (-0.24695507, 1.06, 0.021861322), (-0.24608453, 1.0810293, -0.012996788), (-0.24608453, 1.0389707, -0.012996788), (-0.24608453, 1.0810293, 0.012996788), (-0.24608453, 1.0389707, 0.012996788)]
        color3f[] primvars:displayColor = [(0.95, 0.95, 0.95)]
    }

    def Mesh "Shoulder_R"
    {
        int[] faceVertexCounts = [3, 3, 3, 3, 3, 3, 3, 3, 3, 3, 3, 3, 3, 3, 3, 3, 3, 3, 3, 3, 3, 3, 3, 3, 3, 3, 3, 3, 3, 3, 3, 3, 3, 3, 3, 3, 3, 3, 3, 3, 3, 3, 3, 3, 3, 3, 3, 3, 3, 3, 3, 3, 3, 3, 3, 3, 3, 3, 3, 3, 3, 3, 3, 3, 3, 3, 3, 3, 3, 3, 3, 3, 3, 3, 3, 3, 3, 3, 3, 3, 3, 3, 3, 3, 3, 3, 3, 3, 3, 3, 3, 3, 3, 3, 3, 3, 3, 3, 3, 3, 3, 3, 3, 3, 3, 3, 3, 3, 3, 3, 3, 3, 3, 3, 3, 3, 3, 3, 3, 3, 3, 3, 3, 3, 3, 3, 3, 3, 3, 3, 3, 3, 3, 3, 3, 3, 3, 3, 3, 3, 3, 3, 3, 3, 3, 3, 3, 3, 3, 3, 3, 3, 3, 3, 3, 3, 3, 3, 3, 3, 3, 3, 3, 3, 3, 3, 3, 3, 3, 3, 3, 3, 3, 3, 3, 3, 3, 3, 3, 3, 3, 3, 3, 3, 3, 3, 3, 3, 3, 3, 3, 3, 3, 3, 3, 3, 3, 3, 3, 3, 3, 3, 3, 3, 3, 3, 3, 3, 3, 3, 3, 3, 3, 3, 3, 3, 3, 3, 3, 3, 3, 3, 3, 3, 3, 3, 3, 3, 3, 3, 3, 3, 3, 3, 3, 3, 3, 3, 3, 3, 3, 3, 3, 3, 3, 3, 3, 3, 3, 3, 3, 3, 3, 3, 3, 3, 3, 3, 3, 3, 3, 3, 3, 3, 3, 3, 3, 3, 3, 3, 3, 3, 3, 3, 3, 3, 3, 3, 3, 3, 3, 3, 3, 3, 3, 3, 3, 3, 3, 3, 3, 3, 3, 3, 3, 3, 3, 3, 3, 3, 3, 3, 3, 3, 3, 3, 3, 3, 3, 3, 3, 3, 3, 3, 3, 3, 3, 3, 3, 3]
        int[] faceVertexIndices = [0, 137, 53, 137, 37, 139, 53, 139, 16, 137, 139, 53, 37, 138, 154, 138, 11, 151, 154, 151, 40, 138, 151, 154, 16, 152, 54, 152, 40, 150, 54, 150, 5, 152, 150, 54, 37, 154, 139, 154, 40, 152, 139, 152, 16, 154, 152, 139, 0, 53, 42, 53, 16, 55, 42, 55, 12, 53, 55, 42, 16, 54, 59, 54, 5, 57, 59, 57, 17, 54, 57, 59, 12, 58, 43, 58, 17, 56, 43, 56, 1, 58, 56, 43, 16, 59, 55, 59, 17, 58, 55, 58, 12, 59, 58, 55, 0, 42, 69, 42, 12, 71, 69, 71, 21, 42, 71, 69, 12, 43, 74, 43, 1, 72, 74, 72, 22, 43, 72, 74, 21, 75, 70, 75, 22, 73, 70, 73, 7, 75, 73, 70, 12, 74, 71, 74, 22, 75, 71, 75, 21, 74, 75, 71, 0, 69, 120, 69, 21, 122, 120, 122, 33, 69, 122, 120, 21, 70, 133, 70, 7, 131, 133, 131, 36, 70, 131, 133, 33, 135, 121, 135, 36, 132, 121, 132, 10, 135, 132, 121, 21, 133, 122, 133, 36, 135, 122, 135, 33, 133, 135, 122, 0, 120, 137, 120, 33, 140, 137, 140, 37, 120, 140, 137, 33, 121, 158, 121, 10, 156, 158, 156, 41, 121, 156, 158, 37, 160, 138, 160, 41, 157, 138, 157, 11, 160, 157, 138, 33, 158, 140, 158, 41, 160, 140, 160, 37, 158, 160, 140, 1, 56, 95, 56, 17, 97, 95, 97, 28, 56, 97, 95, 17, 57, 110, 57, 5, 108, 110, 108, 31, 57, 108, 110, 28, 112, 96, 112, 31, 109, 96, 109, 9, 112, 109, 96, 17, 110, 97, 110, 31, 112, 97, 112, 28, 110, 112, 97, 5, 150, 61, 150, 40, 153, 61, 153, 18, 150, 153, 61, 40, 151, 155, 151, 11, 146, 155, 146, 39, 151, 146, 155, 18, 148, 60, 148, 39, 145, 60, 145, 4, 148, 145, 60, 40, 155, 153, 155, 39, 148, 153, 148, 18, 155, 148, 153, 11, 157, 142, 157, 41, 161, 142, 161, 38, 157, 161, 142, 41, 156, 159, 156, 10, 124, 159, 124, 34, 156, 124, 159, 38, 144, 141, 144, 34, 123, 141, 123, 2, 144, 123, 141, 41, 159, 161, 159, 34, 144, 161, 144, 38, 159, 144, 161, 10, 132, 127, 132, 36, 136, 127, 136, 35, 132, 136, 127, 36, 131, 134, 131, 7, 77, 134, 77, 23, 131, 77, 134, 35, 129, 126, 129, 23, 76, 126, 76, 6, 129, 76, 126, 36, 134, 136, 134, 23, 129, 136, 129, 35, 134, 129, 136, 7, 73, 89, 73, 22, 91, 89, 91, 27, 73, 91, 89, 22, 72, 80, 72, 1, 78, 80, 78, 24, 72, 78, 80, 27, 93, 90, 93, 24, 79, 90, 79, 8, 93, 79, 90, 22, 80, 91, 80, 24, 93, 91, 93, 27, 80, 93, 91, 3, 99, 49, 99, 29, 101, 49, 101, 15, 99, 101, 49, 29, 100, 107, 100, 9, 104, 107, 104, 30, 100, 104, 107, 15, 105, 50, 105, 30, 103, 50, 103, 4, 105, 103, 50, 29, 107, 101, 107, 30, 105, 101, 105, 15, 107, 105, 101, 3, 49, 45, 49, 15, 51, 45, 51, 13, 49, 51, 45, 15, 50, 52, 50, 4, 47, 52, 47, 14, 50, 47, 52, 13, 48, 44, 48, 14, 46, 44, 46, 2, 48, 46, 44, 15, 52, 51, 52, 14, 48, 51, 48, 13, 52, 48, 51, 3, 45, 65, 45, 13, 67, 65, 67, 20, 45, 67, 65, 13, 44, 64, 44, 2, 62, 64, 62, 19, 44, 62, 64, 20, 68, 66, 68, 19, 63, 66, 63, 6, 68, 63, 66, 13, 64, 67, 64, 19, 68, 67, 68, 20, 64, 68, 67, 3, 65, 81, 65, 20, 83, 81, 83, 25, 65, 83, 81, 20, 66, 86, 66, 6, 84, 86, 84, 26, 66, 84, 86, 25, 88, 82, 88, 26, 85, 82, 85, 8, 88, 85, 82, 20, 86, 83, 86, 26, 88, 83, 88, 25, 86, 88, 83, 3, 81, 99, 81, 25, 102, 99, 102, 29, 81, 102, 99, 25, 82, 117, 82, 8, 114, 117, 114, 32, 82, 114, 117, 29, 119, 100, 119, 32, 115, 100, 115, 9, 119, 115, 100, 25, 117, 102, 117, 32, 119, 102, 119, 29, 117, 119, 102, 4, 103, 60, 103, 30, 106, 60, 106, 18, 103, 106, 60, 30, 104, 113, 104, 9, 109, 113, 109, 31, 104, 109, 113, 18, 111, 61, 111, 31, 108, 61, 108, 5, 111, 108, 61, 30, 113, 106, 113, 31, 111, 106, 111, 18, 113, 111, 106, 2, 46, 141, 46, 14, 143, 141, 143, 38, 46, 143, 141, 14, 47, 147, 47, 4, 145, 147, 145, 39, 47, 145, 147, 38, 149, 142, 149, 39, 146, 142, 146, 11, 149, 146, 142, 14, 147, 143, 147, 39, 149, 143, 149, 38, 147, 149, 143, 6, 63, 126, 63, 19, 128, 126, 128, 35, 63, 128, 126, 19, 62, 125, 62, 2, 123, 125, 123, 34, 62, 123, 125, 35, 130, 127, 130, 34, 124, 127, 124, 10, 130, 124, 127, 19, 125, 128, 125, 34, 130, 128, 130, 35, 125, 130, 128, 8, 85, 90, 85, 26, 94, 90, 94, 27, 85, 94, 90, 26, 84, 87, 84, 6, 76, 87, 76, 23, 84, 76, 87, 27, 92, 89, 92, 23, 77, 89, 77, 7, 92, 77, 89, 26, 87, 94, 87, 23, 92, 94, 92, 27, 87, 92, 94, 9, 115, 96, 115, 32, 118, 96, 118, 28, 115, 118, 96, 32, 114, 116, 114, 8, 79, 116, 79, 24, 114, 79, 116, 28, 98, 95, 98, 24, 78, 95, 78, 1, 98, 78, 95, 32, 116, 118, 116, 24, 98, 118, 98, 28, 116, 98, 118]
        point3f[] points = [(0.1279415, 1.1280521, 0), (0.21205848, 1.1280521, 0), (0.1279415, 0.99194795, 0), (0.21205848, 0.99194795, 0), (0.17, 1.0179415, 0.06805207), (0.17, 1.1020585, 0.06805207), (0.17, 1.0179415, -0.06805207), (0.17, 1.1020585, -0.06805207), (0.23805207, 1.06, -0.04205849), (0.23805207, 1.06, 0.04205849), (0.10194793, 1.06, -0.04205849), (0.10194793, 1.06, 0.04205849), (0.17, 1.14, 0), (0.17, 0.98, 0), (0.14527865, 0.99527866, 0.04), (0.19472136, 0.99527866, 0.04), (0.14527865, 1.1247214, 0.04), (0.19472136, 1.1247214, 0.04), (0.17, 1.06, 0.08), (0.14527865, 0.99527866, -0.04), (0.19472136, 0.99527866, -0.04), (0.14527865, 1.1247214, -0.04), (0.19472136, 1.1247214, -0.04), (0.17, 1.06, -0.08), (0.23472136, 1.1, -0.02472136), (0.23472136, 1.02, -0.02472136), (0.21, 1.0352787, -0.06472136), (0.21, 1.0847213, -0.06472136), (0.23472136, 1.1, 0.02472136), (0.23472136, 1.02, 0.02472136), (0.21, 1.0352787, 0.06472136), (0.21, 1.0847213, 0.06472136), (0.25, 1.06, 0), (0.10527864, 1.1, -0.02472136), (0.10527864, 1.02, -0.02472136), (0.13, 1.0352787, -0.06472136), (0.13, 1.0847213, -0.06472136), (0.10527864, 1.1, 0.02472136), (0.10527864, 1.02, 0.02472136), (0.13, 1.0352787, 0.06472136), (0.13, 1.0847213, 0.06472136), (0.09, 1.06, 0), (0.14813867, 1.136955, 0), (0.19186132, 1.136955, 0), (0.14813867, 0.9830449, 0), (0.19186132, 0.9830449, 0), (0.13528891, 0.9909865, 0.020791354), (0.15715024, 1.0044975, 0.056163717), (0.15700321, 0.9839155, 0.021029245), (0.20471108, 0.9909865, 0.020791354), (0.18284976, 1.0044975, 0.056163717), (0.1829968, 0.9839155, 0.021029245), (0.17, 0.99194795, 0.04205849), (0.13528891, 1.1290134, 0.020791354), (0.15715024, 1.1155025, 0.056163717), (0.15700321, 1.1360846, 0.021029245), (0.20471108, 1.1290134, 0.020791354), (0.18284976, 1.1155025, 0.056163717), (0.1829968, 1.1360846, 0.021029245), (0.17, 1.1280521, 0.04205849), (0.17, 1.0381386, 0.076955065), (0.17, 1.0818614, 0.076955065), (0.13528891, 0.9909865, -0.020791354), (0.15715024, 1.0044975, -0.056163717), (0.15700321, 0.9839155, -0.021029245), (0.20471108, 0.9909865, -0.020791354), (0.18284976, 1.0044975, -0.056163717), (0.1829968, 0.9839155, -0.021029245), (0.17, 0.99194795, -0.04205849), (0.13528891, 1.1290134, -0.020791354), (0.15715024, 1.1155025, -0.056163717), (0.15700321, 1.1360846, -0.021029245), (0.20471108, 1.1290134, -0.020791354), (0.18284976, 1.1155025, -0.056163717), (0.1829968, 1.1360846, -0.021029245), (0.17, 1.1280521, -0.04205849), (0.17, 1.0381386, -0.076955065), (0.17, 1.0818614, -0.076955065), (0.22550243, 1.1161637, -0.012849763), (0.23901348, 1.0807914, -0.034711085), (0.21702282, 1.1150553, -0.034026034), (0.22550243, 1.0038363, -0.012849763), (0.23901348, 1.0392087, -0.034711085), (0.21702282, 1.0049447, -0.034026034), (0.19079135, 1.0252889, -0.06901348), (0.22616372, 1.0471503, -0.055502437), (0.20402603, 1.0129771, -0.055055276), (0.19102925, 1.0470033, -0.076084524), (0.22505528, 1.0259739, -0.04702282), (0.19079135, 1.0947111, -0.06901348), (0.22616372, 1.0728498, -0.055502437), (0.20402603, 1.1070228, -0.055055276), (0.19102925, 1.0729967, -0.076084524), (0.22505528, 1.0940261, -0.04702282), (0.21205848, 1.06, -0.06805207), (0.22550243, 1.1161637, 0.012849763), (0.23901348, 1.0807914, 0.034711085), (0.21702282, 1.1150553, 0.034026034), (0.23805207, 1.1020585, 0), (0.22550243, 1.0038363, 0.012849763), (0.23901348, 1.0392087, 0.034711085), (0.21702282, 1.0049447, 0.034026034), (0.23805207, 1.0179415, 0), (0.19079135, 1.0252889, 0.06901348), (0.22616372, 1.0471503, 0.055502437), (0.20402603, 1.0129771, 0.055055276), (0.19102925, 1.0470033, 0.076084524), (0.22505528, 1.0259739, 0.04702282), (0.19079135, 1.0947111, 0.06901348), (0.22616372, 1.0728498, 0.055502437), (0.20402603, 1.1070228, 0.055055276), (0.19102925, 1.0729967, 0.076084524), (0.22505528, 1.0940261, 0.04702282), (0.21205848, 1.06, 0.06805207), (0.24695507, 1.06, -0.021861322), (0.24695507, 1.06, 0.021861322), (0.24608453, 1.0810293, -0.012996788), (0.24608453, 1.0389707, -0.012996788), (0.24608453, 1.0810293, 0.012996788), (0.24608453, 1.0389707, 0.012996788), (0.114497565, 1.1161637, -0.012849763), (0.10098652, 1.0807914, -0.034711085), (0.12297718, 1.1150553, -0.034026034), (0.114497565, 1.0038363, -0.012849763), (0.10098652, 1.0392087, -0.034711085), (0.12297718, 1.0049447, -0.034026034), (0.14920865, 1.0252889, -0.06901348), (0.11383628, 1.0471503, -0.055502437), (0.13597398, 1.0129771, -0.055055276), (0.14897075, 1.0470033, -0.076084524), (0.114944726, 1.0259739, -0.04702282), (0.14920865, 1.0947111, -0.06901348), (0.11383628, 1.0728498, -0.055502437), (0.13597398, 1.1070228, -0.055055276), (0.14897075, 1.0729967, -0.076084524), (0.114944726, 1.0940261, -0.04702282), (0.1279415, 1.06, -0.06805207), (0.114497565, 1.1161637, 0.012849763), (0.10098652, 1.0807914, 0.034711085), (0.12297718, 1.1150553, 0.034026034), (0.10194793, 1.1020585, 0), (0.114497565, 1.0038363, 0.012849763), (0.10098652, 1.0392087, 0.034711085), (0.12297718, 1.0049447, 0.034026034), (0.10194793, 1.0179415, 0), (0.14920865, 1.0252889, 0.06901348), (0.11383628, 1.0471503, 0.055502437), (0.13597398, 1.0129771, 0.055055276), (0.14897075, 1.0470033, 0.076084524), (0.114944726, 1.0259739, 0.04702282), (0.14920865, 1.0947111, 0.06901348), (0.11383628, 1.0728498, 0.055502437), (0.13597398, 1.1070228, 0.055055276), (0.14897075, 1.0729967, 0.076084524), (0.114944726, 1.0940261, 0.04702282), (0.1279415, 1.06, 0.06805207), (0.09304493, 1.06, -0.021861322), (0.09304493, 1.06, 0.021861322), (0.09391548, 1.0810293, -0.012996788), (0.09391548, 1.0389707, -0.012996788), (0.09391548, 1.0810293, 0.012996788), (0.09391548, 1.0389707, 0.012996788)]
        color3f[] primvars:displayColor = [(0.95, 0.95, 0.95)]
    }

    def Mesh "Collar"
    {
        int[] faceVertexCounts = [3, 3, 3, 3, 3, 3, 3, 3, 3, 3, 3, 3]
        int[] faceVertexIndices = [1, 3, 0, 4, 1, 0, 0, 3, 2, 2, 4, 0, 1, 7, 3, 5, 1, 4, 5, 7, 1, 3, 7, 2, 6, 4, 2, 2, 7, 6, 6, 5, 4, 7, 5, 6]
        point3f[] points = [(-0.1, 1.04, 0.03), (-0.1, 1.04, 0.11), (-0.1, 1.08, 0.03), (-0.1, 1.08, 0.11), (0.1, 1.04, 0.03), (0.1, 1.04, 0.11), (0.1, 1.08, 0.03), (0.1, 1.08, 0.11)]
        color3f[] primvars:displayColor = [(0.95, 0.95, 0.95)]
    }

    def Mesh "UpperArm_L"
    {
        int[] faceVertexCounts = [3, 3, 3, 3, 3, 3, 3, 3, 3, 3, 3, 3, 3, 3, 3, 3, 3, 3, 3, 3, 3, 3, 3, 3, 3, 3, 3, 3, 3, 3, 3, 3, 3, 3, 3, 3, 3, 3, 3, 3, 3, 3, 3, 3, 3, 3, 3, 3]
        int[] faceVertexIndices = [1, 0, 4, 1, 4, 2, 2, 4, 5, 2, 5, 3, 4, 0, 6, 4, 6, 5, 5, 6, 7, 5, 7, 3, 6, 0, 8, 6, 8, 7, 7, 8, 9, 7, 9, 3, 8, 0, 10, 8, 10, 9, 9, 10, 11, 9, 11, 3, 10, 0, 12, 10, 12, 11, 11, 12, 13, 11, 13, 3, 12, 0, 14, 12, 14, 13, 13, 14, 15, 13, 15, 3, 14, 0, 16, 14, 16, 15, 15, 16, 17, 15, 17, 3, 16, 0, 18, 16, 18, 17, 17, 18, 19, 17, 19, 3, 18, 0, 20, 18, 20, 19, 19, 20, 21, 19, 21, 3, 20, 0, 22, 20, 22, 21, 21, 22, 23, 21, 23, 3, 22, 0, 24, 22, 24, 23, 23, 24, 25, 23, 25, 3, 24, 0, 1, 24, 1, 25, 25, 1, 2, 25, 2, 3]
        point3f[] points = [(0.2, 0.88, -0.14), (0.24, 0.88, -0.14), (0.24, 0.88, 0.14), (0.2, 0.88, 0.14), (0.23464102, 0.9, -0.14), (0.23464102, 0.9, 0.14), (0.22, 0.914641, -0.14), (0.22, 0.914641, 0.14), (0.2, 0.92, -0.14), (0.2, 0.92, 0.14), (0.18, 0.914641, -0.14), (0.18, 0.914641, 0.14), (0.16535899, 0.9, -0.14), (0.16535899, 0.9, 0.14), (0.16, 0.88, -0.14), (0.16, 0.88, 0.14), (0.16535899, 0.86, -0.14), (0.16535899, 0.86, 0.14), (0.18, 0.84535897, -0.14), (0.18, 0.84535897, 0.14), (0.2, 0.84, -0.14), (0.2, 0.84, 0.14), (0.22, 0.84535897, -0.14), (0.22, 0.84535897, 0.14), (0.23464102, 0.86, -0.14), (0.23464102, 0.86, 0.14)]
        color3f[] primvars:displayColor = [(0.95, 0.95, 0.95)]
    }

    def Mesh "LowerArm_L"
    {
        int[] faceVertexCounts = [3, 3, 3, 3, 3, 3, 3, 3, 3, 3, 3, 3, 3, 3, 3, 3, 3, 3, 3, 3, 3, 3, 3, 3, 3, 3, 3, 3, 3, 3, 3, 3, 3, 3, 3, 3, 3, 3, 3, 3, 3, 3, 3, 3, 3, 3, 3, 3]
        int[] faceVertexIndices = [1, 0, 4, 1, 4, 2, 2, 4, 5, 2, 5, 3, 4, 0, 6, 4, 6, 5, 5, 6, 7, 5, 7, 3, 6, 0, 8, 6, 8, 7, 7, 8, 9, 7, 9, 3, 8, 0, 10, 8, 10, 9, 9, 10, 11, 9, 11, 3, 10, 0, 12, 10, 12, 11, 11, 12, 13, 11, 13, 3, 12, 0, 14, 12, 14, 13, 13, 14, 15, 13, 15, 3, 14, 0, 16, 14, 16, 15, 15, 16, 17, 15, 17, 3, 16, 0, 18, 16, 18, 17, 17, 18, 19, 17, 19, 3, 18, 0, 20, 18, 20, 19, 19, 20, 21, 19, 21, 3, 20, 0, 22, 20, 22, 21, 21, 22, 23, 21, 23, 3, 22, 0, 24, 22, 24, 23, 23, 24, 25, 23, 25, 3, 24, 0, 1, 24, 1, 25, 25, 1, 2, 25, 2, 3]
        point3f[] points = [(0.2, 0.6, -0.125), (0.235, 0.6, -0.125), (0.235, 0.6, 0.125), (0.2, 0.6, 0.125), (0.23031089, 0.6175, -0.125), (0.23031089, 0.6175, 0.125), (0.2175, 0.6303109, -0.125), (0.2175, 0.6303109, 0.125), (0.2, 0.635, -0.125), (0.2, 0.635, 0.125), (0.1825, 0.6303109, -0.125), (0.1825, 0.6303109, 0.125), (0.1696891, 0.6175, -0.125), (0.1696891, 0.6175, 0.125), (0.165, 0.6, -0.125), (0.165, 0.6, 0.125), (0.1696891, 0.5825, -0.125), (0.1696891, 0.5825, 0.125), (0.1825, 0.5696891, -0.125), (0.1825, 0.5696891, 0.125), (0.2, 0.565, -0.125), (0.2, 0.565, 0.125), (0.2175, 0.5696891, -0.125), (0.2175, 0.5696891, 0.125), (0.23031089, 0.5825, -0.125), (0.23031089, 0.5825, 0.125)]
        color3f[] primvars:displayColor = [(0.95, 0.95, 0.95)]
    }

    def Mesh "Hand_L"
    {
        int[] faceVertexCounts = [3, 3, 3, 3, 3, 3, 3, 3, 3, 3, 3, 3, 3, 3, 3, 3, 3, 3, 3, 3, 3, 3, 3, 3, 3, 3, 3, 3, 3, 3, 3, 3, 3, 3, 3, 3, 3, 3, 3, 3, 3, 3, 3, 3, 3, 3, 3, 3, 3, 3, 3, 3, 3, 3, 3, 3, 3, 3, 3, 3, 3, 3, 3, 3, 3, 3, 3, 3, 3, 3, 3, 3, 3, 3, 3, 3, 3, 3, 3, 3, 3, 3, 3, 3, 3, 3, 3, 3, 3, 3, 3, 3, 3, 3, 3, 3, 3, 3, 3, 3, 3, 3, 3, 3, 3, 3, 3, 3, 3, 3, 3, 3, 3, 3, 3, 3, 3, 3, 3, 3, 3, 3, 3, 3, 3, 3, 3, 3, 3, 3, 3, 3, 3, 3, 3, 3, 3, 3, 3, 3, 3, 3, 3, 3, 3, 3, 3, 3, 3, 3, 3, 3, 3, 3, 3, 3, 3, 3, 3, 3, 3, 3, 3, 3, 3, 3, 3, 3, 3, 3, 3, 3, 3, 3, 3, 3, 3, 3, 3, 3, 3, 3, 3, 3, 3, 3, 3, 3, 3, 3, 3, 3, 3, 3, 3, 3, 3, 3, 3, 3, 3, 3, 3, 3, 3, 3, 3, 3, 3, 3, 3, 3, 3, 3, 3, 3, 3, 3, 3, 3, 3, 3, 3, 3, 3, 3, 3, 3, 3, 3, 3, 3, 3, 3, 3, 3, 3, 3, 3, 3, 3, 3, 3, 3, 3, 3, 3, 3, 3, 3, 3, 3, 3, 3, 3, 3, 3, 3, 3, 3, 3, 3, 3, 3, 3, 3, 3, 3, 3, 3, 3, 3, 3, 3, 3, 3, 3, 3, 3, 3, 3, 3, 3, 3, 3, 3, 3, 3, 3, 3, 3, 3, 3, 3, 3, 3, 3, 3, 3, 3, 3, 3, 3, 3, 3, 3, 3, 3, 3, 3, 3, 3, 3, 3, 3, 3, 3, 3, 3, 3]
        int[] faceVertexIndices = [0, 137, 53, 137, 37, 139, 53, 139, 16, 137, 139, 53, 37, 138, 154, 138, 11, 151, 154, 151, 40, 138, 151, 154, 16, 152, 54, 152, 40, 150, 54, 150, 5, 152, 150, 54, 37, 154, 139, 154, 40, 152, 139, 152, 16, 154, 152, 139, 0, 53, 42, 53, 16, 55, 42, 55, 12, 53, 55, 42, 16, 54, 59, 54, 5, 57, 59, 57, 17, 54, 57, 59, 12, 58, 43, 58, 17, 56, 43, 56, 1, 58, 56, 43, 16, 59, 55, 59, 17, 58, 55, 58, 12, 59, 58, 55, 0, 42, 69, 42, 12, 71, 69, 71, 21, 42, 71, 69, 12, 43, 74, 43, 1, 72, 74, 72, 22, 43, 72, 74, 21, 75, 70, 75, 22, 73, 70, 73, 7, 75, 73, 70, 12, 74, 71, 74, 22, 75, 71, 75, 21, 74, 75, 71, 0, 69, 120, 69, 21, 122, 120, 122, 33, 69, 122, 120, 21, 70, 133, 70, 7, 131, 133, 131, 36, 70, 131, 133, 33, 135, 121, 135, 36, 132, 121, 132, 10, 135, 132, 121, 21, 133, 122, 133, 36, 135, 122, 135, 33, 133, 135, 122, 0, 120, 137, 120, 33, 140, 137, 140, 37, 120, 140, 137, 33, 121, 158, 121, 10, 156, 158, 156, 41, 121, 156, 158, 37, 160, 138, 160, 41, 157, 138, 157, 11, 160, 157, 138, 33, 158, 140, 158, 41, 160, 140, 160, 37, 158, 160, 140, 1, 56, 95, 56, 17, 97, 95, 97, 28, 56, 97, 95, 17, 57, 110, 57, 5, 108, 110, 108, 31, 57, 108, 110, 28, 112, 96, 112, 31, 109, 96, 109, 9, 112, 109, 96, 17, 110, 97, 110, 31, 112, 97, 112, 28, 110, 112, 97, 5, 150, 61, 150, 40, 153, 61, 153, 18, 150, 153, 61, 40, 151, 155, 151, 11, 146, 155, 146, 39, 151, 146, 155, 18, 148, 60, 148, 39, 145, 60, 145, 4, 148, 145, 60, 40, 155, 153, 155, 39, 148, 153, 148, 18, 155, 148, 153, 11, 157, 142, 157, 41, 161, 142, 161, 38, 157, 161, 142, 41, 156, 159, 156, 10, 124, 159, 124, 34, 156, 124, 159, 38, 144, 141, 144, 34, 123, 141, 123, 2, 144, 123, 141, 41, 159, 161, 159, 34, 144, 161, 144, 38, 159, 144, 161, 10, 132, 127, 132, 36, 136, 127, 136, 35, 132, 136, 127, 36, 131, 134, 131, 7, 77, 134, 77, 23, 131, 77, 134, 35, 129, 126, 129, 23, 76, 126, 76, 6, 129, 76, 126, 36, 134, 136, 134, 23, 129, 136, 129, 35, 134, 129, 136, 7, 73, 89, 73, 22, 91, 89, 91, 27, 73, 91, 89, 22, 72, 80, 72, 1, 78, 80, 78, 24, 72, 78, 80, 27, 93, 90, 93, 24, 79, 90, 79, 8, 93, 79, 90, 22, 80, 91, 80, 24, 93, 91, 93, 27, 80, 93, 91, 3, 99, 49, 99, 29, 101, 49, 101, 15, 99, 101, 49, 29, 100, 107, 100, 9, 104, 107, 104, 30, 100, 104, 107, 15, 105, 50, 105, 30, 103, 50, 103, 4, 105, 103, 50, 29, 107, 101, 107, 30, 105, 101, 105, 15, 107, 105, 101, 3, 49, 45, 49, 15, 51, 45, 51, 13, 49, 51, 45, 15, 50, 52, 50, 4, 47, 52, 47, 14, 50, 47, 52, 13, 48, 44, 48, 14, 46, 44, 46, 2, 48, 46, 44, 15, 52, 51, 52, 14, 48, 51, 48, 13, 52, 48, 51, 3, 45, 65, 45, 13, 67, 65, 67, 20, 45, 67, 65, 13, 44, 64, 44, 2, 62, 64, 62, 19, 44, 62, 64, 20, 68, 66, 68, 19, 63, 66, 63, 6, 68, 63, 66, 13, 64, 67, 64, 19, 68, 67, 68, 20, 64, 68, 67, 3, 65, 81, 65, 20, 83, 81, 83, 25, 65, 83, 81, 20, 66, 86, 66, 6, 84, 86, 84, 26, 66, 84, 86, 25, 88, 82, 88, 26, 85, 82, 85, 8, 88, 85, 82, 20, 86, 83, 86, 26, 88, 83, 88, 25, 86, 88, 83, 3, 81, 99, 81, 25, 102, 99, 102, 29, 81, 102, 99, 25, 82, 117, 82, 8, 114, 117, 114, 32, 82, 114, 117, 29, 119, 100, 119, 32, 115, 100, 115, 9, 119, 115, 100, 25, 117, 102, 117, 32, 119, 102, 119, 29, 117, 119, 102, 4, 103, 60, 103, 30, 106, 60, 106, 18, 103, 106, 60, 30, 104, 113, 104, 9, 109, 113, 109, 31, 104, 109, 113, 18, 111, 61, 111, 31, 108, 61, 108, 5, 111, 108, 61, 30, 113, 106, 113, 31, 111, 106, 111, 18, 113, 111, 106, 2, 46, 141, 46, 14, 143, 141, 143, 38, 46, 143, 141, 14, 47, 147, 47, 4, 145, 147, 145, 39, 47, 145, 147, 38, 149, 142, 149, 39, 146, 142, 146, 11, 149, 146, 142, 14, 147, 143, 147, 39, 149, 143, 149, 38, 147, 149, 143, 6, 63, 126, 63, 19, 128, 126, 128, 35, 63, 128, 126, 19, 62, 125, 62, 2, 123, 125, 123, 34, 62, 123, 125, 35, 130, 127, 130, 34, 124, 127, 124, 10, 130, 124, 127, 19, 125, 128, 125, 34, 130, 128, 130, 35, 125, 130, 128, 8, 85, 90, 85, 26, 94, 90, 94, 27, 85, 94, 90, 26, 84, 87, 84, 6, 76, 87, 76, 23, 84, 76, 87, 27, 92, 89, 92, 23, 77, 89, 77, 7, 92, 77, 89, 26, 87, 94, 87, 23, 92, 94, 92, 27, 87, 92, 94, 9, 115, 96, 115, 32, 118, 96, 118, 28, 115, 118, 96, 32, 114, 116, 114, 8, 79, 116, 79, 24, 114, 79, 116, 28, 98, 95, 98, 24, 78, 95, 78, 1, 98, 78, 95, 32, 116, 118, 116, 24, 98, 118, 98, 28, 116, 98, 118]
        point3f[] points = [(0.17371345, 0.48253253, 0.02), (0.22628656, 0.48253253, 0.02), (0.17371345, 0.39746746, 0.02), (0.22628656, 0.39746746, 0.02), (0.2, 0.41371346, 0.062532544), (0.2, 0.46628657, 0.062532544), (0.2, 0.41371346, -0.022532541), (0.2, 0.46628657, -0.022532541), (0.24253254, 0.44, -0.0062865554), (0.24253254, 0.44, 0.046286557), (0.15746745, 0.44, -0.0062865554), (0.15746745, 0.44, 0.046286557), (0.2, 0.49, 0.02), (0.2, 0.39, 0.02), (0.18454915, 0.39954916, 0.045), (0.21545085, 0.39954916, 0.045), (0.18454915, 0.48045084, 0.045), (0.21545085, 0.48045084, 0.045), (0.2, 0.44, 0.07), (0.18454915, 0.39954916, -0.005), (0.21545085, 0.39954916, -0.005), (0.18454915, 0.48045084, -0.005), (0.21545085, 0.48045084, -0.005), (0.2, 0.44, -0.03), (0.24045084, 0.465, 0.0045491504), (0.24045084, 0.415, 0.0045491504), (0.225, 0.42454916, -0.02045085), (0.225, 0.45545086, -0.02045085), (0.24045084, 0.465, 0.03545085), (0.24045084, 0.415, 0.03545085), (0.225, 0.42454916, 0.06045085), (0.225, 0.45545086, 0.06045085), (0.25, 0.44, 0.02), (0.15954915, 0.465, 0.0045491504), (0.15954915, 0.415, 0.0045491504), (0.175, 0.42454916, -0.02045085), (0.175, 0.45545086, -0.02045085), (0.15954915, 0.465, 0.03545085), (0.15954915, 0.415, 0.03545085), (0.175, 0.42454916, 0.06045085), (0.175, 0.45545086, 0.06045085), (0.15, 0.44, 0.02), (0.18633667, 0.48809692, 0.02), (0.21366332, 0.48809692, 0.02), (0.18633667, 0.39190307, 0.02), (0.21366332, 0.39190307, 0.02), (0.17830557, 0.3968666, 0.032994594), (0.1919689, 0.405311, 0.055102322), (0.19187701, 0.39244717, 0.03314328), (0.22169442, 0.3968666, 0.032994594), (0.2080311, 0.405311, 0.055102322), (0.208123, 0.39244717, 0.03314328), (0.2, 0.39746746, 0.046286557), (0.17830557, 0.48313344, 0.032994594), (0.1919689, 0.47468904, 0.055102322), (0.19187701, 0.48755282, 0.03314328), (0.22169442, 0.48313344, 0.032994594), (0.2080311, 0.47468904, 0.055102322), (0.208123, 0.48755282, 0.03314328), (0.2, 0.48253253, 0.046286557), (0.2, 0.42633668, 0.06809692), (0.2, 0.45366332, 0.06809692), (0.17830557, 0.3968666, 0.007005404), (0.1919689, 0.405311, -0.015102322), (0.19187701, 0.39244717, 0.0068567223), (0.22169442, 0.3968666, 0.007005404), (0.2080311, 0.405311, -0.015102322), (0.208123, 0.39244717, 0.0068567223), (0.2, 0.39746746, -0.0062865554), (0.17830557, 0.48313344, 0.007005404), (0.1919689, 0.47468904, -0.015102322), (0.19187701, 0.48755282, 0.0068567223), (0.22169442, 0.48313344, 0.007005404), (0.2080311, 0.47468904, -0.015102322), (0.208123, 0.48755282, 0.0068567223), (0.2, 0.48253253, -0.0062865554), (0.2, 0.42633668, -0.028096918), (0.2, 0.45366332, -0.028096918), (0.23468903, 0.47510234, 0.011968899), (0.24313343, 0.45299459, -0.0016944283), (0.22938927, 0.47440955, -0.0012662702), (0.23468903, 0.4048977, 0.011968899), (0.24313343, 0.4270054, -0.0016944283), (0.22938927, 0.40559044, -0.0012662702), (0.21299459, 0.41830558, -0.023133423), (0.23510233, 0.4319689, -0.014689024), (0.22126627, 0.41061074, -0.014409548), (0.21314327, 0.43187702, -0.027552826), (0.23440954, 0.41873372, -0.009389263), (0.21299459, 0.46169442, -0.023133423), (0.23510233, 0.4480311, -0.014689024), (0.22126627, 0.46938926, -0.014409548), (0.21314327, 0.44812298, -0.027552826), (0.23440954, 0.46126628, -0.009389263), (0.22628656, 0.44, -0.022532541), (0.23468903, 0.47510234, 0.028031101), (0.24313343, 0.45299459, 0.04169443), (0.22938927, 0.47440955, 0.04126627), (0.24253254, 0.46628657, 0.02), (0.23468903, 0.4048977, 0.028031101), (0.24313343, 0.4270054, 0.04169443), (0.22938927, 0.40559044, 0.04126627), (0.24253254, 0.41371346, 0.02), (0.21299459, 0.41830558, 0.063133426), (0.23510233, 0.4319689, 0.054689024), (0.22126627, 0.41061074, 0.05440955), (0.21314327, 0.43187702, 0.06755283), (0.23440954, 0.41873372, 0.04938926), (0.21299459, 0.46169442, 0.063133426), (0.23510233, 0.4480311, 0.054689024), (0.22126627, 0.46938926, 0.05440955), (0.21314327, 0.44812298, 0.06755283), (0.23440954, 0.46126628, 0.04938926), (0.22628656, 0.44, 0.062532544), (0.24809691, 0.44, 0.0063366736), (0.24809691, 0.44, 0.033663325), (0.24755283, 0.45314327, 0.011877008), (0.24755283, 0.42685673, 0.011877008), (0.24755283, 0.45314327, 0.028122993), (0.24755283, 0.42685673, 0.028122993), (0.16531098, 0.47510234, 0.011968899), (0.15686658, 0.45299459, -0.0016944283), (0.17061074, 0.47440955, -0.0012662702), (0.16531098, 0.4048977, 0.011968899), (0.15686658, 0.4270054, -0.0016944283), (0.17061074, 0.40559044, -0.0012662702), (0.1870054, 0.41830558, -0.023133423), (0.16489768, 0.4319689, -0.014689024), (0.17873374, 0.41061074, -0.014409548), (0.18685672, 0.43187702, -0.027552826), (0.16559045, 0.41873372, -0.009389263), (0.1870054, 0.46169442, -0.023133423), (0.16489768, 0.4480311, -0.014689024), (0.17873374, 0.46938926, -0.014409548), (0.18685672, 0.44812298, -0.027552826), (0.16559045, 0.46126628, -0.009389263), (0.17371345, 0.44, -0.022532541), (0.16531098, 0.47510234, 0.028031101), (0.15686658, 0.45299459, 0.04169443), (0.17061074, 0.47440955, 0.04126627), (0.15746745, 0.46628657, 0.02), (0.16531098, 0.4048977, 0.028031101), (0.15686658, 0.4270054, 0.04169443), (0.17061074, 0.40559044, 0.04126627), (0.15746745, 0.41371346, 0.02), (0.1870054, 0.41830558, 0.063133426), (0.16489768, 0.4319689, 0.054689024), (0.17873374, 0.41061074, 0.05440955), (0.18685672, 0.43187702, 0.06755283), (0.16559045, 0.41873372, 0.04938926), (0.1870054, 0.46169442, 0.063133426), (0.16489768, 0.4480311, 0.054689024), (0.17873374, 0.46938926, 0.05440955), (0.18685672, 0.44812298, 0.06755283), (0.16559045, 0.46126628, 0.04938926), (0.17371345, 0.44, 0.062532544), (0.15190308, 0.44, 0.0063366736), (0.15190308, 0.44, 0.033663325), (0.15244718, 0.45314327, 0.011877008), (0.15244718, 0.42685673, 0.011877008), (0.15244718, 0.45314327, 0.028122993), (0.15244718, 0.42685673, 0.028122993)]
        color3f[] primvars:displayColor = [(0.95, 0.95, 0.95)]
    }

    def Mesh "UpperArm_R"
    {
        int[] faceVertexCounts = [3, 3, 3, 3, 3, 3, 3, 3, 3, 3, 3, 3, 3, 3, 3, 3, 3, 3, 3, 3, 3, 3, 3, 3, 3, 3, 3, 3, 3, 3, 3, 3, 3, 3, 3, 3, 3, 3, 3, 3, 3, 3, 3, 3, 3, 3, 3, 3]
        int[] faceVertexIndices = [1, 0, 4, 1, 4, 2, 2, 4, 5, 2, 5, 3, 4, 0, 6, 4, 6, 5, 5, 6, 7, 5, 7, 3, 6, 0, 8, 6, 8, 7, 7, 8, 9, 7, 9, 3, 8, 0, 10, 8, 10, 9, 9, 10, 11, 9, 11, 3, 10, 0, 12, 10, 12, 11, 11, 12, 13, 11, 13, 3, 12, 0, 14, 12, 14, 13, 13, 14, 15, 13, 15, 3, 14, 0, 16, 14, 16, 15, 15, 16, 17, 15, 17, 3, 16, 0, 18, 16, 18, 17, 17, 18, 19, 17, 19, 3, 18, 0, 20, 18, 20, 19, 19, 20, 21, 19, 21, 3, 20, 0, 22, 20, 22, 21, 21, 22, 23, 21, 23, 3, 22, 0, 24, 22, 24, 23, 23, 24, 25, 23, 25, 3, 24, 0, 1, 24, 1, 25, 25, 1, 2, 25, 2, 3]
        point3f[] points = [(-0.2, 0.88, -0.14), (-0.16, 0.88, -0.14), (-0.16, 0.88, 0.14), (-0.2, 0.88, 0.14), (-0.16535899, 0.9, -0.14), (-0.16535899, 0.9, 0.14), (-0.18, 0.914641, -0.14), (-0.18, 0.914641, 0.14), (-0.2, 0.92, -0.14), (-0.2, 0.92, 0.14), (-0.22, 0.914641, -0.14), (-0.22, 0.914641, 0.14), (-0.23464102, 0.9, -0.14), (-0.23464102, 0.9, 0.14), (-0.24, 0.88, -0.14), (-0.24, 0.88, 0.14), (-0.23464102, 0.86, -0.14), (-0.23464102, 0.86, 0.14), (-0.22, 0.84535897, -0.14), (-0.22, 0.84535897, 0.14), (-0.2, 0.84, -0.14), (-0.2, 0.84, 0.14), (-0.18, 0.84535897, -0.14), (-0.18, 0.84535897, 0.14), (-0.16535899, 0.86, -0.14), (-0.16535899, 0.86, 0.14)]
        color3f[] primvars:displayColor = [(0.95, 0.95, 0.95)]
    }

    def Mesh "LowerArm_R"
    {
        int[] faceVertexCounts = [3, 3, 3, 3, 3, 3, 3, 3, 3, 3, 3, 3, 3, 3, 3, 3, 3, 3, 3, 3, 3, 3, 3, 3, 3, 3, 3, 3, 3, 3, 3, 3, 3, 3, 3, 3, 3, 3, 3, 3, 3, 3, 3, 3, 3, 3, 3, 3]
        int[] faceVertexIndices = [1, 0, 4, 1, 4, 2, 2, 4, 5, 2, 5, 3, 4, 0, 6, 4, 6, 5, 5, 6, 7, 5, 7, 3, 6, 0, 8, 6, 8, 7, 7, 8, 9, 7, 9, 3, 8, 0, 10, 8, 10, 9, 9, 10, 11, 9, 11, 3, 10, 0, 12, 10, 12, 11, 11, 12, 13, 11, 13, 3, 12, 0, 14, 12, 14, 13, 13, 14, 15, 13, 15, 3, 14, 0, 16, 14, 16, 15, 15, 16, 17, 15, 17, 3, 16, 0, 18, 16, 18, 17, 17, 18, 19, 17, 19, 3, 18, 0, 20, 18, 20, 19, 19, 20, 21, 19, 21, 3, 20, 0, 22, 20, 22, 21, 21, 22, 23, 21, 23, 3, 22, 0, 24, 22, 24, 23, 23, 24, 25, 23, 25, 3, 24, 0, 1, 24, 1, 25, 25, 1, 2, 25, 2, 3]
        point3f[] points = [(-0.2, 0.6, -0.125), (-0.165, 0.6, -0.125), (-0.165, 0.6, 0.125), (-0.2, 0.6, 0.125), (-0.1696891, 0.6175, -0.125), (-0.1696891, 0.6175, 0.125), (-0.1825, 0.6303109, -0.125), (-0.1825, 0.6303109, 0.125), (-0.2, 0.635, -0.125), (-0.2, 0.635, 0.125), (-0.2175, 0.6303109, -0.125), (-0.2175, 0.6303109, 0.125), (-0.23031089, 0.6175, -0.125), (-0.23031089, 0.6175, 0.125), (-0.235, 0.6, -0.125), (-0.235, 0.6, 0.125), (-0.23031089, 0.5825, -0.125), (-0.23031089, 0.5825, 0.125), (-0.2175, 0.5696891, -0.125), (-0.2175, 0.5696891, 0.125), (-0.2, 0.565, -0.125), (-0.2, 0.565, 0.125), (-0.1825, 0.5696891, -0.125), (-0.1825, 0.5696891, 0.125), (-0.1696891, 0.5825, -0.125), (-0.1696891, 0.5825, 0.125)]
        color3f[] primvars:displayColor = [(0.95, 0.95, 0.95)]
    }

    def Mesh "Hand_R"
    {
        int[] faceVertexCounts = [3, 3, 3, 3, 3, 3, 3, 3, 3, 3, 3, 3, 3, 3, 3, 3, 3, 3, 3, 3, 3, 3, 3, 3, 3, 3, 3, 3, 3, 3, 3, 3, 3, 3, 3, 3, 3, 3, 3, 3, 3, 3, 3, 3, 3, 3, 3, 3, 3, 3, 3, 3, 3, 3, 3, 3, 3, 3, 3, 3, 3, 3, 3, 3, 3, 3, 3, 3, 3, 3, 3, 3, 3, 3, 3, 3, 3, 3, 3, 3, 3, 3, 3, 3, 3, 3, 3, 3, 3, 3, 3, 3, 3, 3, 3, 3, 3, 3, 3, 3, 3, 3, 3, 3, 3, 3, 3, 3, 3, 3, 3, 3, 3, 3, 3, 3, 3, 3, 3, 3, 3, 3, 3, 3, 3, 3, 3, 3, 3, 3, 3, 3, 3, 3, 3, 3, 3, 3, 3, 3, 3, 3, 3, 3, 3, 3, 3, 3, 3, 3, 3, 3, 3, 3, 3, 3, 3, 3, 3, 3, 3, 3, 3, 3, 3, 3, 3, 3, 3, 3, 3, 3, 3, 3, 3, 3, 3, 3, 3, 3, 3, 3, 3, 3, 3, 3, 3, 3, 3, 3, 3, 3, 3, 3, 3, 3, 3, 3, 3, 3, 3, 3, 3, 3, 3, 3, 3, 3, 3, 3, 3, 3, 3, 3, 3, 3, 3, 3, 3, 3, 3, 3, 3, 3, 3, 3, 3, 3, 3, 3, 3, 3, 3, 3, 3, 3, 3, 3, 3, 3, 3, 3, 3, 3, 3, 3, 3, 3, 3, 3, 3, 3, 3, 3, 3, 3, 3, 3, 3, 3, 3, 3, 3, 3, 3, 3, 3, 3, 3, 3, 3, 3, 3, 3, 3, 3, 3, 3, 3, 3, 3, 3, 3, 3, 3, 3, 3, 3, 3, 3, 3, 3, 3, 3, 3, 3, 3, 3, 3, 3, 3, 3, 3, 3, 3, 3, 3, 3, 3, 3, 3, 3, 3, 3, 3, 3, 3, 3, 3, 3]
        int[] faceVertexIndices = [0, 137, 53, 137, 37, 139, 53, 139, 16, 137, 139, 53, 37, 138, 154, 138, 11, 151, 154, 151, 40, 138, 151, 154, 16, 152, 54, 152, 40, 150, 54, 150, 5, 152, 150, 54, 37, 154, 139, 154, 40, 152, 139, 152, 16, 154, 152, 139, 0, 53, 42, 53, 16, 55, 42, 55, 12, 53, 55, 42, 16, 54, 59, 54, 5, 57, 59, 57, 17, 54, 57, 59, 12, 58, 43, 58, 17, 56, 43, 56, 1, 58, 56, 43, 16, 59, 55, 59, 17, 58, 55, 58, 12, 59, 58, 55, 0, 42, 69, 42, 12, 71, 69, 71, 21, 42, 71, 69, 12, 43, 74, 43, 1, 72, 74, 72, 22, 43, 72, 74, 21, 75, 70, 75, 22, 73, 70, 73, 7, 75, 73, 70, 12, 74, 71, 74, 22, 75, 71, 75, 21, 74, 75, 71, 0, 69, 120, 69, 21, 122, 120, 122, 33, 69, 122, 120, 21, 70, 133, 70, 7, 131, 133, 131, 36, 70, 131, 133, 33, 135, 121, 135, 36, 132, 121, 132, 10, 135, 132, 121, 21, 133, 122, 133, 36, 135, 122, 135, 33, 133, 135, 122, 0, 120, 137, 120, 33, 140, 137, 140, 37, 120, 140, 137, 33, 121, 158, 121, 10, 156, 158, 156, 41, 121, 156, 158, 37, 160, 138, 160, 41, 157, 138, 157, 11, 160, 157, 138, 33, 158, 140, 158, 41, 160, 140, 160, 37, 158, 160, 140, 1, 56, 95, 56, 17, 97, 95, 97, 28, 56, 97, 95, 17, 57, 110, 57, 5, 108, 110, 108, 31, 57, 108, 110, 28, 112, 96, 112, 31, 109, 96, 109, 9, 112, 109, 96, 17, 110, 97, 110, 31, 112, 97, 112, 28, 110, 112, 97, 5, 150, 61, 150, 40, 153, 61, 153, 18, 150, 153, 61, 40, 151, 155, 151, 11, 146, 155, 146, 39, 151, 146, 155, 18, 148, 60, 148, 39, 145, 60, 145, 4, 148, 145, 60, 40, 155, 153, 155, 39, 148, 153, 148, 18, 155, 148, 153, 11, 157, 142, 157, 41, 161, 142, 161, 38, 157, 161, 142, 41, 156, 159, 156, 10, 124, 159, 124, 34, 156, 124, 159, 38, 144, 141, 144, 34, 123, 141, 123, 2, 144, 123, 141, 41, 159, 161, 159, 34, 144, 161, 144, 38, 159, 144, 161, 10, 132, 127, 132, 36, 136, 127, 136, 35, 132, 136, 127, 36, 131, 134, 131, 7, 77, 134, 77, 23, 131, 77, 134, 35, 129, 126, 129, 23, 76, 126, 76, 6, 129, 76, 126, 36, 134, 136, 134, 23, 129, 136, 129, 35, 134, 129, 136, 7, 73, 89, 73, 22, 91, 89, 91, 27, 73, 91, 89, 22, 72, 80, 72, 1, 78, 80, 78, 24, 72, 78, 80, 27, 93, 90, 93, 24, 79, 90, 79, 8, 93, 79, 90, 22, 80, 91, 80, 24, 93, 91, 93, 27, 80, 93, 91, 3, 99, 49, 99, 29, 101, 49, 101, 15, 99, 101, 49, 29, 100, 107, 100, 9, 104, 107, 104, 30, 100, 104, 107, 15, 105, 50, 105, 30, 103, 50, 103, 4, 105, 103, 50, 29, 107, 101, 107, 30, 105, 101, 105, 15, 107, 105, 101, 3, 49, 45, 49, 15, 51, 45, 51, 13, 49, 51, 45, 15, 50, 52, 50, 4, 47, 52, 47, 14, 50, 47, 52, 13, 48, 44, 48, 14, 46, 44, 46, 2, 48, 46, 44, 15, 52, 51, 52, 14, 48, 51, 48, 13, 52, 48, 51, 3, 45, 65, 45, 13, 67, 65, 67, 20, 45, 67, 65, 13, 44, 64, 44, 2, 62, 64, 62, 19, 44, 62, 64, 20, 68, 66, 68, 19, 63, 66, 63, 6, 68, 63, 66, 13, 64, 67, 64, 19, 68, 67, 68, 20, 64, 68, 67, 3, 65, 81, 65, 20, 83, 81, 83, 25, 65, 83, 81, 20, 66, 86, 66, 6, 84, 86, 84, 26, 66, 84, 86, 25, 88, 82, 88, 26, 85, 82, 85, 8, 88, 85, 82, 20, 86, 83, 86, 26, 88, 83, 88, 25, 86, 88, 83, 3, 81, 99, 81, 25, 102, 99, 102, 29, 81, 102, 99, 25, 82, 117, 82, 8, 114, 117, 114, 32, 82, 114, 117, 29, 119, 100, 119, 32, 115, 100, 115, 9, 119, 115, 100, 25, 117, 102, 117, 32, 119, 102, 119, 29, 117, 119, 102, 4, 103, 60, 103, 30, 106, 60, 106, 18, 103, 106, 60, 30, 104, 113, 104, 9, 109, 113, 109, 31, 104, 109, 113, 18, 111, 61, 111, 31, 108, 61, 108, 5, 111, 108, 61, 30, 113, 106, 113, 31, 111, 106, 111, 18, 113, 111, 106, 2, 46, 141, 46, 14, 143, 141, 143, 38, 46, 143, 141, 14, 47, 147, 47, 4, 145, 147, 145, 39, 47, 145, 147, 38, 149, 142, 149, 39, 146, 142, 146, 11, 149, 146, 142, 14, 147, 143, 147, 39, 149, 143, 149, 38, 147, 149, 143, 6, 63, 126, 63, 19, 128, 126, 128, 35, 63, 128, 126, 19, 62, 125, 62, 2, 123, 125, 123, 34, 62, 123, 125, 35, 130, 127, 130, 34, 124, 127, 124, 10, 130, 124, 127, 19, 125, 128, 125, 34, 130, 128, 130, 35, 125, 130, 128, 8, 85, 90, 85, 26, 94, 90, 94, 27, 85, 94, 90, 26, 84, 87, 84, 6, 76, 87, 76, 23, 84, 76, 87, 27, 92, 89, 92, 23, 77, 89, 77, 7, 92, 77, 89, 26, 87, 94, 87, 23, 92, 94, 92, 27, 87, 92, 94, 9, 115, 96, 115, 32, 118, 96, 118, 28, 115, 118, 96, 32, 114, 116, 114, 8, 79, 116, 79, 24, 114, 79, 116, 28, 98, 95, 98, 24, 78, 95, 78, 1, 98, 78, 95, 32, 116, 118, 116, 24, 98, 118, 98, 28, 116, 98, 118]
        point3f[] points = [(-0.22628656, 0.48253253, 0.02), (-0.17371345, 0.48253253, 0.02), (-0.22628656, 0.39746746, 0.02), (-0.17371345, 0.39746746, 0.02), (-0.2, 0.41371346, 0.062532544), (-0.2, 0.46628657, 0.062532544), (-0.2, 0.41371346, -0.022532541), (-0.2, 0.46628657, -0.022532541), (-0.15746745, 0.44, -0.0062865554), (-0.15746745, 0.44, 0.046286557), (-0.24253254, 0.44, -0.0062865554), (-0.24253254, 0.44, 0.046286557), (-0.2, 0.49, 0.02), (-0.2, 0.39, 0.02), (-0.21545085, 0.39954916, 0.045), (-0.18454915, 0.39954916, 0.045), (-0.21545085, 0.48045084, 0.045), (-0.18454915, 0.48045084, 0.045), (-0.2, 0.44, 0.07), (-0.21545085, 0.39954916, -0.005), (-0.18454915, 0.39954916, -0.005), (-0.21545085, 0.48045084, -0.005), (-0.18454915, 0.48045084, -0.005), (-0.2, 0.44, -0.03), (-0.15954915, 0.465, 0.0045491504), (-0.15954915, 0.415, 0.0045491504), (-0.175, 0.42454916, -0.02045085), (-0.175, 0.45545086, -0.02045085), (-0.15954915, 0.465, 0.03545085), (-0.15954915, 0.415, 0.03545085), (-0.175, 0.42454916, 0.06045085), (-0.175, 0.45545086, 0.06045085), (-0.15, 0.44, 0.02), (-0.24045084, 0.465, 0.0045491504), (-0.24045084, 0.415, 0.0045491504), (-0.225, 0.42454916, -0.02045085), (-0.225, 0.45545086, -0.02045085), (-0.24045084, 0.465, 0.03545085), (-0.24045084, 0.415, 0.03545085), (-0.225, 0.42454916, 0.06045085), (-0.225, 0.45545086, 0.06045085), (-0.25, 0.44, 0.02), (-0.21366332, 0.48809692, 0.02), (-0.18633667, 0.48809692, 0.02), (-0.21366332, 0.39190307, 0.02), (-0.18633667, 0.39190307, 0.02), (-0.22169442, 0.3968666, 0.032994594), (-0.2080311, 0.405311, 0.055102322), (-0.208123, 0.39244717, 0.03314328), (-0.17830557, 0.3968666, 0.032994594), (-0.1919689, 0.405311, 0.055102322), (-0.19187701, 0.39244717, 0.03314328), (-0.2, 0.39746746, 0.046286557), (-0.22169442, 0.48313344, 0.032994594), (-0.2080311, 0.47468904, 0.055102322), (-0.208123, 0.48755282, 0.03314328), (-0.17830557, 0.48313344, 0.032994594), (-0.1919689, 0.47468904, 0.055102322), (-0.19187701, 0.48755282, 0.03314328), (-0.2, 0.48253253, 0.046286557), (-0.2, 0.42633668, 0.06809692), (-0.2, 0.45366332, 0.06809692), (-0.22169442, 0.3968666, 0.007005404), (-0.2080311, 0.405311, -0.015102322), (-0.208123, 0.39244717, 0.0068567223), (-0.17830557, 0.3968666, 0.007005404), (-0.1919689, 0.405311, -0.015102322), (-0.19187701, 0.39244717, 0.0068567223), (-0.2, 0.39746746, -0.0062865554), (-0.22169442, 0.48313344, 0.007005404), (-0.2080311, 0.47468904, -0.015102322), (-0.208123, 0.48755282, 0.0068567223), (-0.17830557, 0.48313344, 0.007005404), (-0.1919689, 0.47468904, -0.015102322), (-0.19187701, 0.48755282, 0.0068567223), (-0.2, 0.48253253, -0.0062865554), (-0.2, 0.42633668, -0.028096918), (-0.2, 0.45366332, -0.028096918), (-0.16531098, 0.47510234, 0.011968899), (-0.15686658, 0.45299459, -0.0016944283), (-0.17061074, 0.47440955, -0.0012662702), (-0.16531098, 0.4048977, 0.011968899), (-0.15686658, 0.4270054, -0.0016944283), (-0.17061074, 0.40559044, -0.0012662702), (-0.1870054, 0.41830558, -0.023133423), (-0.16489768, 0.4319689, -0.014689024), (-0.17873374, 0.41061074, -0.014409548), (-0.18685672, 0.43187702, -0.027552826), (-0.16559045, 0.41873372, -0.009389263), (-0.1870054, 0.46169442, -0.023133423), (-0.16489768, 0.4480311, -0.014689024), (-0.17873374, 0.46938926, -0.014409548), (-0.18685672, 0.44812298, -0.027552826), (-0.16559045, 0.46126628, -0.009389263), (-0.17371345, 0.44, -0.022532541), (-0.16531098, 0.47510234, 0.028031101), (-0.15686658, 0.45299459, 0.04169443), (-0.17061074, 0.47440955, 0.04126627), (-0.15746745, 0.46628657, 0.02), (-0.16531098, 0.4048977, 0.028031101), (-0.15686658, 0.4270054, 0.04169443), (-0.17061074, 0.40559044, 0.04126627), (-0.15746745, 0.41371346, 0.02), (-0.1870054, 0.41830558, 0.063133426), (-0.16489768, 0.4319689, 0.054689024), (-0.17873374, 0.41061074, 0.05440955), (-0.18685672, 0.43187702, 0.06755283), (-0.16559045, 0.41873372, 0.04938926), (-0.1870054, 0.46169442, 0.063133426), (-0.16489768, 0.4480311, 0.054689024), (-0.17873374, 0.46938926, 0.05440955), (-0.18685672, 0.44812298, 0.06755283), (-0.16559045, 0.46126628, 0.04938926), (-0.17371345, 0.44, 0.062532544), (-0.15190308, 0.44, 0.0063366736), (-0.15190308, 0.44, 0.033663325), (-0.15244718, 0.45314327, 0.011877008), (-0.15244718, 0.42685673, 0.011877008), (-0.15244718, 0.45314327, 0.028122993), (-0.15244718, 0.42685673, 0.028122993), (-0.23468903, 0.47510234, 0.011968899), (-0.24313343, 0.45299459, -0.0016944283), (-0.22938927, 0.47440955, -0.0012662702), (-0.23468903, 0.4048977, 0.011968899), (-0.24313343, 0.4270054, -0.0016944283), (-0.22938927, 0.40559044, -0.0012662702), (-0.21299459, 0.41830558, -0.023133423), (-0.23510233, 0.4319689, -0.014689024), (-0.22126627, 0.41061074, -0.014409548), (-0.21314327, 0.43187702, -0.027552826), (-0.23440954, 0.41873372, -0.009389263), (-0.21299459, 0.46169442, -0.023133423), (-0.23510233, 0.4480311, -0.014689024), (-0.22126627, 0.46938926, -0.014409548), (-0.21314327, 0.44812298, -0.027552826), (-0.23440954, 0.46126628, -0.009389263), (-0.22628656, 0.44, -0.022532541), (-0.23468903, 0.47510234, 0.028031101), (-0.24313343, 0.45299459, 0.04169443), (-0.22938927, 0.47440955, 0.04126627), (-0.24253254, 0.46628657, 0.02), (-0.23468903, 0.4048977, 0.028031101), (-0.24313343, 0.4270054, 0.04169443), (-0.22938927, 0.40559044, 0.04126627), (-0.24253254, 0.41371346, 0.02), (-0.21299459, 0.41830558, 0.063133426), (-0.23510233, 0.4319689, 0.054689024), (-0.22126627, 0.41061074, 0.05440955), (-0.21314327, 0.43187702, 0.06755283), (-0.23440954, 0.41873372, 0.04938926), (-0.21299459, 0.46169442, 0.063133426), (-0.23510233, 0.4480311, 0.054689024), (-0.22126627, 0.46938926, 0.05440955), (-0.21314327, 0.44812298, 0.06755283), (-0.23440954, 0.46126628, 0.04938926), (-0.22628656, 0.44, 0.062532544), (-0.24809691, 0.44, 0.0063366736), (-0.24809691, 0.44, 0.033663325), (-0.24755283, 0.45314327, 0.011877008), (-0.24755283, 0.42685673, 0.011877008), (-0.24755283, 0.45314327, 0.028122993), (-0.24755283, 0.42685673, 0.028122993)]
        color3f[] primvars:displayColor = [(0.95, 0.95, 0.95)]
    }

    def Mesh "Thigh_L"
    {
        int[] faceVertexCounts = [3, 3, 3, 3, 3, 3, 3, 3, 3, 3, 3, 3, 3, 3, 3, 3, 3, 3, 3, 3, 3, 3, 3, 3, 3, 3, 3, 3, 3, 3, 3, 3, 3, 3, 3, 3, 3, 3, 3, 3, 3, 3, 3, 3, 3, 3, 3, 3]
        int[] faceVertexIndices = [1, 0, 4, 1, 4, 2, 2, 4, 5, 2, 5, 3, 4, 0, 6, 4, 6, 5, 5, 6, 7, 5, 7, 3, 6, 0, 8, 6, 8, 7, 7, 8, 9, 7, 9, 3, 8, 0, 10, 8, 10, 9, 9, 10, 11, 9, 11, 3, 10, 0, 12, 10, 12, 11, 11, 12, 13, 11, 13, 3, 12, 0, 14, 12, 14, 13, 13, 14, 15, 13, 15, 3, 14, 0, 16, 14, 16, 15, 15, 16, 17, 15, 17, 3, 16, 0, 18, 16, 18, 17, 17, 18, 19, 17, 19, 3, 18, 0, 20, 18, 20, 19, 19, 20, 21, 19, 21, 3, 20, 0, 22, 20, 22, 21, 21, 22, 23, 21, 23, 3, 22, 0, 24, 22, 24, 23, 23, 24, 25, 23, 25, 3, 24, 0, 1, 24, 1, 25, 25, 1, 2, 25, 2, 3]
        point3f[] points = [(0.08, 0.65, 0.2), (0.135, 0.65, 0.2), (0.135, 0.25, 0.2), (0.08, 0.25, 0.2), (0.1276314, 0.65, 0.2275), (0.1276314, 0.25, 0.2275), (0.1075, 0.65, 0.2476314), (0.1075, 0.25, 0.2476314), (0.08, 0.65, 0.255), (0.08, 0.25, 0.255), (0.0525, 0.65, 0.2476314), (0.0525, 0.25, 0.2476314), (0.032368604, 0.65, 0.2275), (0.032368604, 0.25, 0.2275), (0.025, 0.65, 0.2), (0.025, 0.25, 0.2), (0.032368604, 0.65, 0.1725), (0.032368604, 0.25, 0.1725), (0.0525, 0.65, 0.1523686), (0.0525, 0.25, 0.1523686), (0.08, 0.65, 0.145), (0.08, 0.25, 0.145), (0.1075, 0.65, 0.1523686), (0.1075, 0.25, 0.1523686), (0.1276314, 0.65, 0.1725), (0.1276314, 0.25, 0.1725)]
        color3f[] primvars:displayColor = [(0.95, 0.95, 0.95)]
    }

    def Mesh "Shin_L"
    {
        int[] faceVertexCounts = [3, 3, 3, 3, 3, 3, 3, 3, 3, 3, 3, 3, 3, 3, 3, 3, 3, 3, 3, 3, 3, 3, 3, 3, 3, 3, 3, 3, 3, 3, 3, 3, 3, 3, 3, 3, 3, 3, 3, 3, 3, 3, 3, 3, 3, 3, 3, 3]
        int[] faceVertexIndices = [1, 0, 4, 1, 4, 2, 2, 4, 5, 2, 5, 3, 4, 0, 6, 4, 6, 5, 5, 6, 7, 5, 7, 3, 6, 0, 8, 6, 8, 7, 7, 8, 9, 7, 9, 3, 8, 0, 10, 8, 10, 9, 9, 10, 11, 9, 11, 3, 10, 0, 12, 10, 12, 11, 11, 12, 13, 11, 13, 3, 12, 0, 14, 12, 14, 13, 13, 14, 15, 13, 15, 3, 14, 0, 16, 14, 16, 15, 15, 16, 17, 15, 17, 3, 16, 0, 18, 16, 18, 17, 17, 18, 19, 17, 19, 3, 18, 0, 20, 18, 20, 19, 19, 20, 21, 19, 21, 3, 20, 0, 22, 20, 22, 21, 21, 22, 23, 21, 23, 3, 22, 0, 24, 22, 24, 23, 23, 24, 25, 23, 25, 3, 24, 0, 1, 24, 1, 25, 25, 1, 2, 25, 2, 3]
        point3f[] points = [(0.08, 0.27, 0.21), (0.125, 0.27, 0.21), (0.125, 0.27, 0.59), (0.08, 0.27, 0.59), (0.11897115, 0.2925, 0.21), (0.11897115, 0.2925, 0.59), (0.1025, 0.30897114, 0.21), (0.1025, 0.30897114, 0.59), (0.08, 0.315, 0.21), (0.08, 0.315, 0.59), (0.0575, 0.30897114, 0.21), (0.0575, 0.30897114, 0.59), (0.041028857, 0.2925, 0.21), (0.041028857, 0.2925, 0.59), (0.035, 0.27, 0.21), (0.035, 0.27, 0.59), (0.041028857, 0.2475, 0.21), (0.041028857, 0.2475, 0.59), (0.0575, 0.23102885, 0.21), (0.0575, 0.23102885, 0.59), (0.08, 0.225, 0.21), (0.08, 0.225, 0.59), (0.1025, 0.23102885, 0.21), (0.1025, 0.23102885, 0.59), (0.11897115, 0.2475, 0.21), (0.11897115, 0.2475, 0.59)]
        color3f[] primvars:displayColor = [(0.95, 0.95, 0.95)]
    }

    def Mesh "Foot_L"
    {
        int[] faceVertexCounts = [3, 3, 3, 3, 3, 3, 3, 3, 3, 3, 3, 3]
        int[] faceVertexIndices = [1, 3, 0, 4, 1, 0, 0, 3, 2, 2, 4, 0, 1, 7, 3, 5, 1, 4, 5, 7, 1, 3, 7, 2, 6, 4, 2, 2, 7, 6, 6, 5, 4, 7, 5, 6]
        point3f[] points = [(0.03, 0.025, 0.39), (0.03, 0.025, 0.61), (0.03, 0.075, 0.39), (0.03, 0.075, 0.61), (0.13, 0.025, 0.39), (0.13, 0.025, 0.61), (0.13, 0.075, 0.39), (0.13, 0.075, 0.61)]
        color3f[] primvars:displayColor = [(0.95, 0.95, 0.95)]
    }

    def Mesh "Thigh_R"
    {
        int[] faceVertexCounts = [3, 3, 3, 3, 3, 3, 3, 3, 3, 3, 3, 3, 3, 3, 3, 3, 3, 3, 3, 3, 3, 3, 3, 3, 3, 3, 3, 3, 3, 3, 3, 3, 3, 3, 3, 3, 3, 3, 3, 3, 3, 3, 3, 3, 3, 3, 3, 3]
        int[] faceVertexIndices = [1, 0, 4, 1, 4, 2, 2, 4, 5, 2, 5, 3, 4, 0, 6, 4, 6, 5, 5, 6, 7, 5, 7, 3, 6, 0, 8, 6, 8, 7, 7, 8, 9, 7, 9, 3, 8, 0, 10, 8, 10, 9, 9, 10, 11, 9, 11, 3, 10, 0, 12, 10, 12, 11, 11, 12, 13, 11, 13, 3, 12, 0, 14, 12, 14, 13, 13, 14, 15, 13, 15, 3, 14, 0, 16, 14, 16, 15, 15, 16, 17, 15, 17, 3, 16, 0, 18, 16, 18, 17, 17, 18, 19, 17, 19, 3, 18, 0, 20, 18, 20, 19, 19, 20, 21, 19, 21, 3, 20, 0, 22, 20, 22, 21, 21, 22, 23, 21, 23, 3, 22, 0, 24, 22, 24, 23, 23, 24, 25, 23, 25, 3, 24, 0, 1, 24, 1, 25, 25, 1, 2, 25, 2, 3]
        point3f[] points = [(-0.08, 0.65, 0.2), (-0.025, 0.65, 0.2), (-0.025, 0.25, 0.2), (-0.08, 0.25, 0.2), (-0.032368604, 0.65, 0.2275), (-0.032368604, 0.25, 0.2275), (-0.0525, 0.65, 0.2476314), (-0.0525, 0.25, 0.2476314), (-0.08, 0.65, 0.255), (-0.08, 0.25, 0.255), (-0.1075, 0.65, 0.2476314), (-0.1075, 0.25, 0.2476314), (-0.1276314, 0.65, 0.2275), (-0.1276314, 0.25, 0.2275), (-0.135, 0.65, 0.2), (-0.135, 0.25, 0.2), (-0.1276314, 0.65, 0.1725), (-0.1276314, 0.25, 0.1725), (-0.1075, 0.65, 0.1523686), (-0.1075, 0.25, 0.1523686), (-0.08, 0.65, 0.145), (-0.08, 0.25, 0.145), (-0.0525, 0.65, 0.1523686), (-0.0525, 0.25, 0.1523686), (-0.032368604, 0.65, 0.1725), (-0.032368604, 0.25, 0.1725)]
        color3f[] primvars:displayColor = [(0.95, 0.95, 0.95)]
    }

    def Mesh "Shin_R"
    {
        int[] faceVertexCounts = [3, 3, 3, 3, 3, 3, 3, 3, 3, 3, 3, 3, 3, 3, 3, 3, 3, 3, 3, 3, 3, 3, 3, 3, 3, 3, 3, 3, 3, 3, 3, 3, 3, 3, 3, 3, 3, 3, 3, 3, 3, 3, 3, 3, 3, 3, 3, 3]
        int[] faceVertexIndices = [1, 0, 4, 1, 4, 2, 2, 4, 5, 2, 5, 3, 4, 0, 6, 4, 6, 5, 5, 6, 7, 5, 7, 3, 6, 0, 8, 6, 8, 7, 7, 8, 9, 7, 9, 3, 8, 0, 10, 8, 10, 9, 9, 10, 11, 9, 11, 3, 10, 0, 12, 10, 12, 11, 11, 12, 13, 11, 13, 3, 12, 0, 14, 12, 14, 13, 13, 14, 15, 13, 15, 3, 14, 0, 16, 14, 16, 15, 15, 16, 17, 15, 17, 3, 16, 0, 18, 16, 18, 17, 17, 18, 19, 17, 19, 3, 18, 0, 20, 18, 20, 19, 19, 20, 21, 19, 21, 3, 20, 0, 22, 20, 22, 21, 21, 22, 23, 21, 23, 3, 22, 0, 24, 22, 24, 23, 23, 24, 25, 23, 25, 3, 24, 0, 1, 24, 1, 25, 25, 1, 2, 25, 2, 3]
        point3f[] points = [(-0.08, 0.27, 0.21), (-0.035, 0.27, 0.21), (-0.035, 0.27, 0.59), (-0.08, 0.27, 0.59), (-0.041028857, 0.2925, 0.21), (-0.041028857, 0.2925, 0.59), (-0.0575, 0.30897114, 0.21), (-0.0575, 0.30897114, 0.59), (-0.08, 0.315, 0.21), (-0.08, 0.315, 0.59), (-0.1025, 0.30897114, 0.21), (-0.1025, 0.30897114, 0.59), (-0.11897115, 0.2925, 0.21), (-0.11897115, 0.2925, 0.59), (-0.125, 0.27, 0.21), (-0.125, 0.27, 0.59), (-0.11897115, 0.2475, 0.21), (-0.11897115, 0.2475, 0.59), (-0.1025, 0.23102885, 0.21), (-0.1025, 0.23102885, 0.59), (-0.08, 0.225, 0.21), (-0.08, 0.225, 0.59), (-0.0575, 0.23102885, 0.21), (-0.0575, 0.23102885, 0.59), (-0.041028857, 0.2475, 0.21), (-0.041028857, 0.2475, 0.59)]
        color3f[] primvars:displayColor = [(0.95, 0.95, 0.95)]
    }

    def Mesh "Foot_R"
    {
        int[] faceVertexCounts = [3, 3, 3, 3, 3, 3, 3, 3, 3, 3, 3, 3]
        int[] faceVertexIndices = [1, 3, 0, 4, 1, 0, 0, 3, 2, 2, 4, 0, 1, 7, 3, 5, 1, 4, 5, 7, 1, 3, 7, 2, 6, 4, 2, 2, 7, 6, 6, 5, 4, 7, 5, 6]
        point3f[] points = [(-0.13, 0.025, 0.39), (-0.13, 0.025, 0.61), (-0.13, 0.075, 0.39), (-0.13, 0.075, 0.61), (-0.03, 0.025, 0.39), (-0.03, 0.025, 0.61), (-0.03, 0.075, 0.39), (-0.03, 0.075, 0.61)]
        color3f[] primvars:displayColor = [(0.95, 0.95, 0.95)]
    }
}

