#usda 1.0
(
    defaultPrim = "School"
    upAxis = "Y"
)

def Xform "School"
{
    def Mesh "main_block"
    {
        int[] faceVertexCounts = [3, 3, 3, 3, 3, 3, 3, 3, 3, 3, 3, 3]
        int[] faceVertexIndices = [1, 3, 0, 4, 1, 0, 0, 3, 2, 2, 4, 0, 1, 7, 3, 5, 1, 4, 5, 7, 1, 3, 7, 2, 6, 4, 2, 2, 7, 6, 6, 5, 4, 7, 5, 6]
        point3f[] points = [(-25, 0, -7), (-25, 0, 7), (-25, 18, -7), (-25, 18, 7), (25, 0, -7), (25, 0, 7), (25, 18, -7), (25, 18, 7)]
    }

    def Mesh "window_f0_w0"
    {
        int[] faceVertexCounts = [3, 3, 3, 3, 3, 3, 3, 3, 3, 3, 3, 3]
        int[] faceVertexIndices = [1, 3, 0, 4, 1, 0, 0, 3, 2, 2, 4, 0, 1, 7, 3, 5, 1, 4, 5, 7, 1, 3, 7, 2, 6, 4, 2, 2, 7, 6, 6, 5, 4, 7, 5, 6]
        point3f[] points = [(-22.7, 0.75, 6.925), (-22.7, 0.75, 6.975), (-22.7, 2.25, 6.925), (-22.7, 2.25, 6.975), (-21.3, 0.75, 6.925), (-21.3, 0.75, 6.975), (-21.3, 2.25, 6.925), (-21.3, 2.25, 6.975)]
    }

    def Mesh "window_f0_w1"
    {
        int[] faceVertexCounts = [3, 3, 3, 3, 3, 3, 3, 3, 3, 3, 3, 3]
        int[] faceVertexIndices = [1, 3, 0, 4, 1, 0, 0, 3, 2, 2, 4, 0, 1, 7, 3, 5, 1, 4, 5, 7, 1, 3, 7, 2, 6, 4, 2, 2, 7, 6, 6, 5, 4, 7, 5, 6]
        point3f[] points = [(-18.7, 0.75, 6.925), (-18.7, 0.75, 6.975), (-18.7, 2.25, 6.925), (-18.7, 2.25, 6.975), (-17.3, 0.75, 6.925), (-17.3, 0.75, 6.975), (-17.3, 2.25, 6.925), (-17.3, 2.25, 6.975)]
    }

    def Mesh "window_f0_w2"
    {
        int[] faceVertexCounts = [3, 3, 3, 3, 3, 3, 3, 3, 3, 3, 3, 3]
        int[] faceVertexIndices = [1, 3, 0, 4, 1, 0, 0, 3, 2, 2, 4, 0, 1, 7, 3, 5, 1, 4, 5, 7, 1, 3, 7, 2, 6, 4, 2, 2, 7, 6, 6, 5, 4, 7, 5, 6]
        point3f[] points = [(-14.7, 0.75, 6.925), (-14.7, 0.75, 6.975), (-14.7, 2.25, 6.925), (-14.7, 2.25, 6.975), (-13.3, 0.75, 6.925), (-13.3, 0.75, 6.975), (-13.3, 2.25, 6.925), (-13.3, 2.25, 6.975)]
    }

    def Mesh "window_f0_w3"
    {
        int[] faceVertexCounts = [3, 3, 3, 3, 3, 3, 3, 3, 3, 3, 3, 3]
        int[] faceVertexIndices = [1, 3, 0, 4, 1, 0, 0, 3, 2, 2, 4, 0, 1, 7, 3, 5, 1, 4, 5, 7, 1, 3, 7, 2, 6, 4, 2, 2, 7, 6, 6, 5, 4, 7, 5, 6]
        point3f[] points = [(-10.7, 0.75, 6.925), (-10.7, 0.75, 6.975), (-10.7, 2.25, 6.925), (-10.7, 2.25, 6.975), (-9.3, 0.75, 6.925), (-9.3, 0.75, 6.975), (-9.3, 2.25, 6.925), (-9.3, 2.25, 6.975)]
    }

    def Mesh "window_f0_w4"
    {
        int[] faceVertexCounts = [3, 3, 3, 3, 3, 3, 3, 3, 3, 3, 3, 3]
        int[] faceVertexIndices = [1, 3, 0, 4, 1, 0, 0, 3, 2, 2, 4, 0, 1, 7, 3, 5, 1, 4, 5, 7, 1, 3, 7, 2, 6, 4, 2, 2, 7, 6, 6, 5, 4, 7, 5, 6]
        point3f[] points = [(-6.7, 0.75, 6.925), (-6.7, 0.75, 6.975), (-6.7, 2.25, 6.925), (-6.7, 2.25, 6.975), (-5.3, 0.75, 6.925), (-5.3, 0.75, 6.975), (-5.3, 2.25, 6.925), (-5.3, 2.25, 6.975)]
    }

    def Mesh "window_f0_w5"
    {
        int[] faceVertexCounts = [3, 3, 3, 3, 3, 3, 3, 3, 3, 3, 3, 3]
        int[] faceVertexIndices = [1, 3, 0, 4, 1, 0, 0, 3, 2, 2, 4, 0, 1, 7, 3, 5, 1, 4, 5, 7, 1, 3, 7, 2, 6, 4, 2, 2, 7, 6, 6, 5, 4, 7, 5, 6]
        point3f[] points = [(-2.7, 0.75, 6.925), (-2.7, 0.75, 6.975), (-2.7, 2.25, 6.925), (-2.7, 2.25, 6.975), (-1.3, 0.75, 6.925), (-1.3, 0.75, 6.975), (-1.3, 2.25, 6.925), (-1.3, 2.25, 6.975)]
    }

    def Mesh "window_f0_w6"
    {
        int[] faceVertexCounts = [3, 3, 3, 3, 3, 3, 3, 3, 3, 3, 3, 3]
        int[] faceVertexIndices = [1, 3, 0, 4, 1, 0, 0, 3, 2, 2, 4, 0, 1, 7, 3, 5, 1, 4, 5, 7, 1, 3, 7, 2, 6, 4, 2, 2, 7, 6, 6, 5, 4, 7, 5, 6]
        point3f[] points = [(1.3, 0.75, 6.925), (1.3, 0.75, 6.975), (1.3, 2.25, 6.925), (1.3, 2.25, 6.975), (2.7, 0.75, 6.925), (2.7, 0.75, 6.975), (2.7, 2.25, 6.925), (2.7, 2.25, 6.975)]
    }

    def Mesh "window_f0_w7"
    {
        int[] faceVertexCounts = [3, 3, 3, 3, 3, 3, 3, 3, 3, 3, 3, 3]
        int[] faceVertexIndices = [1, 3, 0, 4, 1, 0, 0, 3, 2, 2, 4, 0, 1, 7, 3, 5, 1, 4, 5, 7, 1, 3, 7, 2, 6, 4, 2, 2, 7, 6, 6, 5, 4, 7, 5, 6]
        point3f[] points = [(5.3, 0.75, 6.925), (5.3, 0.75, 6.975), (5.3, 2.25, 6.925), (5.3, 2.25, 6.975), (6.7, 0.75, 6.925), (6.7, 0.75, 6.975), (6.7, 2.25, 6.925), (6.7, 2.25, 6.975)]
    }

    def Mesh "window_f0_w8"
    {
        int[] faceVertexCounts = [3, 3, 3, 3, 3, 3, 3, 3, 3, 3, 3, 3]
        int[] faceVertexIndices = [1, 3, 0, 4, 1, 0, 0, 3, 2, 2, 4, 0, 1, 7, 3, 5, 1, 4, 5, 7, 1, 3, 7, 2, 6, 4, 2, 2, 7, 6, 6, 5, 4, 7, 5, 6]
        point3f[] points = [(9.3, 0.75, 6.925), (9.3, 0.75, 6.975), (9.3, 2.25, 6.925), (9.3, 2.25, 6.975), (10.7, 0.75, 6.925), (10.7, 0.75, 6.975), (10.7, 2.25, 6.925), (10.7, 2.25, 6.975)]
    }

    def Mesh "window_f0_w9"
    {
        int[] faceVertexCounts = [3, 3, 3, 3, 3, 3, 3, 3, 3, 3, 3, 3]
        int[] faceVertexIndices = [1, 3, 0, 4, 1, 0, 0, 3, 2, 2, 4, 0, 1, 7, 3, 5, 1, 4, 5, 7, 1, 3, 7, 2, 6, 4, 2, 2, 7, 6, 6, 5, 4, 7, 5, 6]
        point3f[] points = [(13.3, 0.75, 6.925), (13.3, 0.75, 6.975), (13.3, 2.25, 6.925), (13.3, 2.25, 6.975), (14.7, 0.75, 6.925), (14.7, 0.75, 6.975), (14.7, 2.25, 6.925), (14.7, 2.25, 6.975)]
    }

    def Mesh "window_f0_w10"
    {
        int[] faceVertexCounts = [3, 3, 3, 3, 3, 3, 3, 3, 3, 3, 3, 3]
        int[] faceVertexIndices = [1, 3, 0, 4, 1, 0, 0, 3, 2, 2, 4, 0, 1, 7, 3, 5, 1, 4, 5, 7, 1, 3, 7, 2, 6, 4, 2, 2, 7, 6, 6, 5, 4, 7, 5, 6]
        point3f[] points = [(17.3, 0.75, 6.925), (17.3, 0.75, 6.975), (17.3, 2.25, 6.925), (17.3, 2.25, 6.975), (18.7, 0.75, 6.925), (18.7, 0.75, 6.975), (18.7, 2.25, 6.925), (18.7, 2.25, 6.975)]
    }

    def Mesh "window_f0_w11"
    {
        int[] faceVertexCounts = [3, 3, 3, 3, 3, 3, 3, 3, 3, 3, 3, 3]
        int[] faceVertexIndices = [1, 3, 0, 4, 1, 0, 0, 3, 2, 2, 4, 0, 1, 7, 3, 5, 1, 4, 5, 7, 1, 3, 7, 2, 6, 4, 2, 2, 7, 6, 6, 5, 4, 7, 5, 6]
        point3f[] points = [(21.3, 0.75, 6.925), (21.3, 0.75, 6.975), (21.3, 2.25, 6.925), (21.3, 2.25, 6.975), (22.7, 0.75, 6.925), (22.7, 0.75, 6.975), (22.7, 2.25, 6.925), (22.7, 2.25, 6.975)]
    }

    def Mesh "window_f1_w0"
    {
        int[] faceVertexCounts = [3, 3, 3, 3, 3, 3, 3, 3, 3, 3, 3, 3]
        int[] faceVertexIndices = [1, 3, 0, 4, 1, 0, 0, 3, 2, 2, 4, 0, 1, 7, 3, 5, 1, 4, 5, 7, 1, 3, 7, 2, 6, 4, 2, 2, 7, 6, 6, 5, 4, 7, 5, 6]
        point3f[] points = [(-22.7, 4.25, 6.925), (-22.7, 4.25, 6.975), (-22.7, 5.75, 6.925), (-22.7, 5.75, 6.975), (-21.3, 4.25, 6.925), (-21.3, 4.25, 6.975), (-21.3, 5.75, 6.925), (-21.3, 5.75, 6.975)]
    }

    def Mesh "window_f1_w1"
    {
        int[] faceVertexCounts = [3, 3, 3, 3, 3, 3, 3, 3, 3, 3, 3, 3]
        int[] faceVertexIndices = [1, 3, 0, 4, 1, 0, 0, 3, 2, 2, 4, 0, 1, 7, 3, 5, 1, 4, 5, 7, 1, 3, 7, 2, 6, 4, 2, 2, 7, 6, 6, 5, 4, 7, 5, 6]
        point3f[] points = [(-18.7, 4.25, 6.925), (-18.7, 4.25, 6.975), (-18.7, 5.75, 6.925), (-18.7, 5.75, 6.975), (-17.3, 4.25, 6.925), (-17.3, 4.25, 6.975), (-17.3, 5.75, 6.925), (-17.3, 5.75, 6.975)]
    }

    def Mesh "window_f1_w2"
    {
        int[] faceVertexCounts = [3, 3, 3, 3, 3, 3, 3, 3, 3, 3, 3, 3]
        int[] faceVertexIndices = [1, 3, 0, 4, 1, 0, 0, 3, 2, 2, 4, 0, 1, 7, 3, 5, 1, 4, 5, 7, 1, 3, 7, 2, 6, 4, 2, 2, 7, 6, 6, 5, 4, 7, 5, 6]
        point3f[] points = [(-14.7, 4.25, 6.925), (-14.7, 4.25, 6.975), (-14.7, 5.75, 6.925), (-14.7, 5.75, 6.975), (-13.3, 4.25, 6.925), (-13.3, 4.25, 6.975), (-13.3, 5.75, 6.925), (-13.3, 5.75, 6.975)]
    }

    def Mesh "window_f1_w3"
    {
        int[] faceVertexCounts = [3, 3, 3, 3, 3, 3, 3, 3, 3, 3, 3, 3]
        int[] faceVertexIndices = [1, 3, 0, 4, 1, 0, 0, 3, 2, 2, 4, 0, 1, 7, 3, 5, 1, 4, 5, 7, 1, 3, 7, 2, 6, 4, 2, 2, 7, 6, 6, 5, 4, 7, 5, 6]
        point3f[] points = [(-10.7, 4.25, 6.925), (-10.7, 4.25, 6.975), (-10.7, 5.75, 6.925), (-10.7, 5.75, 6.975), (-9.3, 4.25, 6.925), (-9.3, 4.25, 6.975), (-9.3, 5.75, 6.925), (-9.3, 5.75, 6.975)]
    }

    def Mesh "window_f1_w4"
    {
        int[] faceVertexCounts = [3, 3, 3, 3, 3, 3, 3, 3, 3, 3, 3, 3]
        int[] faceVertexIndices = [1, 3, 0, 4, 1, 0, 0, 3, 2, 2, 4, 0, 1, 7, 3, 5, 1, 4, 5, 7, 1, 3, 7, 2, 6, 4, 2, 2, 7, 6, 6, 5, 4, 7, 5, 6]
        point3f[] points = [(-6.7, 4.25, 6.925), (-6.7, 4.25, 6.975), (-6.7, 5.75, 6.925), (-6.7, 5.75, 6.975), (-5.3, 4.25, 6.925), (-5.3, 4.25, 6.975), (-5.3, 5.75, 6.925), (-5.3, 5.75, 6.975)]
    }

    def Mesh "window_f1_w5"
    {
        int[] faceVertexCounts = [3, 3, 3, 3, 3, 3, 3, 3, 3, 3, 3, 3]
        int[] faceVertexIndices = [1, 3, 0, 4, 1, 0, 0, 3, 2, 2, 4, 0, 1, 7, 3, 5, 1, 4, 5, 7, 1, 3, 7, 2, 6, 4, 2, 2, 7, 6, 6, 5, 4, 7, 5, 6]
        point3f[] points = [(-2.7, 4.25, 6.925), (-2.7, 4.25, 6.975), (-2.7, 5.75, 6.925), (-2.7, 5.75, 6.975), (-1.3, 4.25, 6.925), (-1.3, 4.25, 6.975), (-1.3, 5.75, 6.925), (-1.3, 5.75, 6.975)]
    }

    def Mesh "window_f1_w6"
    {
        int[] faceVertexCounts = [3, 3, 3, 3, 3, 3, 3, 3, 3, 3, 3, 3]
        int[] faceVertexIndices = [1, 3, 0, 4, 1, 0, 0, 3, 2, 2, 4, 0, 1, 7, 3, 5, 1, 4, 5, 7, 1, 3, 7, 2, 6, 4, 2, 2, 7, 6, 6, 5, 4, 7, 5, 6]
        point3f[] points = [(1.3, 4.25, 6.925), (1.3, 4.25, 6.975), (1.3, 5.75, 6.925), (1.3, 5.75, 6.975), (2.7, 4.25, 6.925), (2.7, 4.25, 6.975), (2.7, 5.75, 6.925), (2.7, 5.75, 6.975)]
    }

    def Mesh "window_f1_w7"
    {
        int[] faceVertexCounts = [3, 3, 3, 3, 3, 3, 3, 3, 3, 3, 3, 3]
        int[] faceVertexIndices = [1, 3, 0, 4, 1, 0, 0, 3, 2, 2, 4, 0, 1, 7, 3, 5, 1, 4, 5, 7, 1, 3, 7, 2, 6, 4, 2, 2, 7, 6, 6, 5, 4, 7, 5, 6]
        point3f[] points = [(5.3, 4.25, 6.925), (5.3, 4.25, 6.975), (5.3, 5.75, 6.925), (5.3, 5.75, 6.975), (6.7, 4.25, 6.925), (6.7, 4.25, 6.975), (6.7, 5.75, 6.925), (6.7, 5.75, 6.975)]
    }

    def Mesh "window_f1_w8"
    {
        int[] faceVertexCounts = [3, 3, 3, 3, 3, 3, 3, 3, 3, 3, 3, 3]
        int[] faceVertexIndices = [1, 3, 0, 4, 1, 0, 0, 3, 2, 2, 4, 0, 1, 7, 3, 5, 1, 4, 5, 7, 1, 3, 7, 2, 6, 4, 2, 2, 7, 6, 6, 5, 4, 7, 5, 6]
        point3f[] points = [(9.3, 4.25, 6.925), (9.3, 4.25, 6.975), (9.3, 5.75, 6.925), (9.3, 5.75, 6.975), (10.7, 4.25, 6.925), (10.7, 4.25, 6.975), (10.7, 5.75, 6.925), (10.7, 5.75, 6.975)]
    }

    def Mesh "window_f1_w9"
    {
        int[] faceVertexCounts = [3, 3, 3, 3, 3, 3, 3, 3, 3, 3, 3, 3]
        int[] faceVertexIndices = [1, 3, 0, 4, 1, 0, 0, 3, 2, 2, 4, 0, 1, 7, 3, 5, 1, 4, 5, 7, 1, 3, 7, 2, 6, 4, 2, 2, 7, 6, 6, 5, 4, 7, 5, 6]
        point3f[] points = [(13.3, 4.25, 6.925), (13.3, 4.25, 6.975), (13.3, 5.75, 6.925), (13.3, 5.75, 6.975), (14.7, 4.25, 6.925), (14.7, 4.25, 6.975), (14.7, 5.75, 6.925), (14.7, 5.75, 6.975)]
    }

    def Mesh "window_f1_w10"
    {
        int[] faceVertexCounts = [3, 3, 3, 3, 3, 3, 3, 3, 3, 3, 3, 3]
        int[] faceVertexIndices = [1, 3, 0, 4, 1, 0, 0, 3, 2, 2, 4, 0, 1, 7, 3, 5, 1, 4, 5, 7, 1, 3, 7, 2, 6, 4, 2, 2, 7, 6, 6, 5, 4, 7, 5, 6]
        point3f[] points = [(17.3, 4.25, 6.925), (17.3, 4.25, 6.975), (17.3, 5.75, 6.925), (17.3, 5.75, 6.975), (18.7, 4.25, 6.925), (18.7, 4.25, 6.975), (18.7, 5.75, 6.925), (18.7, 5.75, 6.975)]
    }

    def Mesh "window_f1_w11"
    {
        int[] faceVertexCounts = [3, 3, 3, 3, 3, 3, 3, 3, 3, 3, 3, 3]
        int[] faceVertexIndices = [1, 3, 0, 4, 1, 0, 0, 3, 2, 2, 4, 0, 1, 7, 3, 5, 1, 4, 5, 7, 1, 3, 7, 2, 6, 4, 2, 2, 7, 6, 6, 5, 4, 7, 5, 6]
        point3f[] points = [(21.3, 4.25, 6.925), (21.3, 4.25, 6.975), (21.3, 5.75, 6.925), (21.3, 5.75, 6.975), (22.7, 4.25, 6.925), (22.7, 4.25, 6.975), (22.7, 5.75, 6.925), (22.7, 5.75, 6.975)]
    }

    def Mesh "window_f2_w0"
    {
        int[] faceVertexCounts = [3, 3, 3, 3, 3, 3, 3, 3, 3, 3, 3, 3]
        int[] faceVertexIndices = [1, 3, 0, 4, 1, 0, 0, 3, 2, 2, 4, 0, 1, 7, 3, 5, 1, 4, 5, 7, 1, 3, 7, 2, 6, 4, 2, 2, 7, 6, 6, 5, 4, 7, 5, 6]
        point3f[] points = [(-22.7, 7.75, 6.925), (-22.7, 7.75, 6.975), (-22.7, 9.25, 6.925), (-22.7, 9.25, 6.975), (-21.3, 7.75, 6.925), (-21.3, 7.75, 6.975), (-21.3, 9.25, 6.925), (-21.3, 9.25, 6.975)]
    }

    def Mesh "window_f2_w1"
    {
        int[] faceVertexCounts = [3, 3, 3, 3, 3, 3, 3, 3, 3, 3, 3, 3]
        int[] faceVertexIndices = [1, 3, 0, 4, 1, 0, 0, 3, 2, 2, 4, 0, 1, 7, 3, 5, 1, 4, 5, 7, 1, 3, 7, 2, 6, 4, 2, 2, 7, 6, 6, 5, 4, 7, 5, 6]
        point3f[] points = [(-18.7, 7.75, 6.925), (-18.7, 7.75, 6.975), (-18.7, 9.25, 6.925), (-18.7, 9.25, 6.975), (-17.3, 7.75, 6.925), (-17.3, 7.75, 6.975), (-17.3, 9.25, 6.925), (-17.3, 9.25, 6.975)]
    }

    def Mesh "window_f2_w2"
    {
        int[] faceVertexCounts = [3, 3, 3, 3, 3, 3, 3, 3, 3, 3, 3, 3]
        int[] faceVertexIndices = [1, 3, 0, 4, 1, 0, 0, 3, 2, 2, 4, 0, 1, 7, 3, 5, 1, 4, 5, 7, 1, 3, 7, 2, 6, 4, 2, 2, 7, 6, 6, 5, 4, 7, 5, 6]
        point3f[] points = [(-14.7, 7.75, 6.925), (-14.7, 7.75, 6.975), (-14.7, 9.25, 6.925), (-14.7, 9.25, 6.975), (-13.3, 7.75, 6.925), (-13.3, 7.75, 6.975), (-13.3, 9.25, 6.925), (-13.3, 9.25, 6.975)]
    }

    def Mesh "window_f2_w3"
    {
        int[] faceVertexCounts = [3, 3, 3, 3, 3, 3, 3, 3, 3, 3, 3, 3]
        int[] faceVertexIndices = [1, 3, 0, 4, 1, 0, 0, 3, 2, 2, 4, 0, 1, 7, 3, 5, 1, 4, 5, 7, 1, 3, 7, 2, 6, 4, 2, 2, 7, 6, 6, 5, 4, 7, 5, 6]
        point3f[] points = [(-10.7, 7.75, 6.925), (-10.7, 7.75, 6.975), (-10.7, 9.25, 6.925), (-10.7, 9.25, 6.975), (-9.3, 7.75, 6.925), (-9.3, 7.75, 6.975), (-9.3, 9.25, 6.925), (-9.3, 9.25, 6.975)]
    }

    def Mesh "window_f2_w4"
    {
        int[] faceVertexCounts = [3, 3, 3, 3, 3, 3, 3, 3, 3, 3, 3, 3]
        int[] faceVertexIndices = [1, 3, 0, 4, 1, 0, 0, 3, 2, 2, 4, 0, 1, 7, 3, 5, 1, 4, 5, 7, 1, 3, 7, 2, 6, 4, 2, 2, 7, 6, 6, 5, 4, 7, 5, 6]
        point3f[] points = [(-6.7, 7.75, 6.925), (-6.7, 7.75, 6.975), (-6.7, 9.25, 6.925), (-6.7, 9.25, 6.975), (-5.3, 7.75, 6.925), (-5.3, 7.75, 6.975), (-5.3, 9.25, 6.925), (-5.3, 9.25, 6.975)]
    }

    def Mesh "window_f2_w5"
    {
        int[] faceVertexCounts = [3, 3, 3, 3, 3, 3, 3, 3, 3, 3, 3, 3]
        int[] faceVertexIndices = [1, 3, 0, 4, 1, 0, 0, 3, 2, 2, 4, 0, 1, 7, 3, 5, 1, 4, 5, 7, 1, 3, 7, 2, 6, 4, 2, 2, 7, 6, 6, 5, 4, 7, 5, 6]
        point3f[] points = [(-2.7, 7.75, 6.925), (-2.7, 7.75, 6.975), (-2.7, 9.25, 6.925), (-2.7, 9.25, 6.975), (-1.3, 7.75, 6.925), (-1.3, 7.75, 6.975), (-1.3, 9.25, 6.925), (-1.3, 9.25, 6.975)]
    }

    def Mesh "window_f2_w6"
    {
        int[] faceVertexCounts = [3, 3, 3, 3, 3, 3, 3, 3, 3, 3, 3, 3]
        int[] faceVertexIndices = [1, 3, 0, 4, 1, 0, 0, 3, 2, 2, 4, 0, 1, 7, 3, 5, 1, 4, 5, 7, 1, 3, 7, 2, 6, 4, 2, 2, 7, 6, 6, 5, 4, 7, 5, 6]
        point3f[] points = [(1.3, 7.75, 6.925), (1.3, 7.75, 6.975), (1.3, 9.25, 6.925), (1.3, 9.25, 6.975), (2.7, 7.75, 6.925), (2.7, 7.75, 6.975), (2.7, 9.25, 6.925), (2.7, 9.25, 6.975)]
    }

    def Mesh "window_f2_w7"
    {
        int[] faceVertexCounts = [3, 3, 3, 3, 3, 3, 3, 3, 3, 3, 3, 3]
        int[] faceVertexIndices = [1, 3, 0, 4, 1, 0, 0, 3, 2, 2, 4, 0, 1, 7, 3, 5, 1, 4, 5, 7, 1, 3, 7, 2, 6, 4, 2, 2, 7, 6, 6, 5, 4, 7, 5, 6]
        point3f[] points = [(5.3, 7.75, 6.925), (5.3, 7.75, 6.975), (5.3, 9.25, 6.925), (5.3, 9.25, 6.975), (6.7, 7.75, 6.925), (6.7, 7.75, 6.975), (6.7, 9.25, 6.925), (6.7, 9.25, 6.975)]
    }

    def Mesh "window_f2_w8"
    {
        int[] faceVertexCounts = [3, 3, 3, 3, 3, 3, 3, 3, 3, 3, 3, 3]
        int[] faceVertexIndices = [1, 3, 0, 4, 1, 0, 0, 3, 2, 2, 4, 0, 1, 7, 3, 5, 1, 4, 5, 7, 1, 3, 7, 2, 6, 4, 2, 2, 7, 6, 6, 5, 4, 7, 5, 6]
        point3f[] points = [(9.3, 7.75, 6.925), (9.3, 7.75, 6.975), (9.3, 9.25, 6.925), (9.3, 9.25, 6.975), (10.7, 7.75, 6.925), (10.7, 7.75, 6.975), (10.7, 9.25, 6.925), (10.7, 9.25, 6.975)]
    }

    def Mesh "window_f2_w9"
    {
        int[] faceVertexCounts = [3, 3, 3, 3, 3, 3, 3, 3, 3, 3, 3, 3]
        int[] faceVertexIndices = [1, 3, 0, 4, 1, 0, 0, 3, 2, 2, 4, 0, 1, 7, 3, 5, 1, 4, 5, 7, 1, 3, 7, 2, 6, 4, 2, 2, 7, 6, 6, 5, 4, 7, 5, 6]
        point3f[] points = [(13.3, 7.75, 6.925), (13.3, 7.75, 6.975), (13.3, 9.25, 6.925), (13.3, 9.25, 6.975), (14.7, 7.75, 6.925), (14.7, 7.75, 6.975), (14.7, 9.25, 6.925), (14.7, 9.25, 6.975)]
    }

    def Mesh "window_f2_w10"
    {
        int[] faceVertexCounts = [3, 3, 3, 3, 3, 3, 3, 3, 3, 3, 3, 3]
        int[] faceVertexIndices = [1, 3, 0, 4, 1, 0, 0, 3, 2, 2, 4, 0, 1, 7, 3, 5, 1, 4, 5, 7, 1, 3, 7, 2, 6, 4, 2, 2, 7, 6, 6, 5, 4, 7, 5, 6]
        point3f[] points = [(17.3, 7.75, 6.925), (17.3, 7.75, 6.975), (17.3, 9.25, 6.925), (17.3, 9.25, 6.975), (18.7, 7.75, 6.925), (18.7, 7.75, 6.975), (18.7, 9.25, 6.925), (18.7, 9.25, 6.975)]
    }

    def Mesh "window_f2_w11"
    {
        int[] faceVertexCounts = [3, 3, 3, 3, 3, 3, 3, 3, 3, 3, 3, 3]
        int[] faceVertexIndices = [1, 3, 0, 4, 1, 0, 0, 3, 2, 2, 4, 0, 1, 7, 3, 5, 1, 4, 5, 7, 1, 3, 7, 2, 6, 4, 2, 2, 7, 6, 6, 5, 4, 7, 5, 6]
        point3f[] points = [(21.3, 7.75, 6.925), (21.3, 7.75, 6.975), (21.3, 9.25, 6.925), (21.3, 9.25, 6.975), (22.7, 7.75, 6.925), (22.7, 7.75, 6.975), (22.7, 9.25, 6.925), (22.7, 9.25, 6.975)]
    }

    def Mesh "window_f3_w0"
    {
        int[] faceVertexCounts = [3, 3, 3, 3, 3, 3, 3, 3, 3, 3, 3, 3]
        int[] faceVertexIndices = [1, 3, 0, 4, 1, 0, 0, 3, 2, 2, 4, 0, 1, 7, 3, 5, 1, 4, 5, 7, 1, 3, 7, 2, 6, 4, 2, 2, 7, 6, 6, 5, 4, 7, 5, 6]
        point3f[] points = [(-22.7, 11.25, 6.925), (-22.7, 11.25, 6.975), (-22.7, 12.75, 6.925), (-22.7, 12.75, 6.975), (-21.3, 11.25, 6.925), (-21.3, 11.25, 6.975), (-21.3, 12.75, 6.925), (-21.3, 12.75, 6.975)]
    }

    def Mesh "window_f3_w1"
    {
        int[] faceVertexCounts = [3, 3, 3, 3, 3, 3, 3, 3, 3, 3, 3, 3]
        int[] faceVertexIndices = [1, 3, 0, 4, 1, 0, 0, 3, 2, 2, 4, 0, 1, 7, 3, 5, 1, 4, 5, 7, 1, 3, 7, 2, 6, 4, 2, 2, 7, 6, 6, 5, 4, 7, 5, 6]
        point3f[] points = [(-18.7, 11.25, 6.925), (-18.7, 11.25, 6.975), (-18.7, 12.75, 6.925), (-18.7, 12.75, 6.975), (-17.3, 11.25, 6.925), (-17.3, 11.25, 6.975), (-17.3, 12.75, 6.925), (-17.3, 12.75, 6.975)]
    }

    def Mesh "window_f3_w2"
    {
        int[] faceVertexCounts = [3, 3, 3, 3, 3, 3, 3, 3, 3, 3, 3, 3]
        int[] faceVertexIndices = [1, 3, 0, 4, 1, 0, 0, 3, 2, 2, 4, 0, 1, 7, 3, 5, 1, 4, 5, 7, 1, 3, 7, 2, 6, 4, 2, 2, 7, 6, 6, 5, 4, 7, 5, 6]
        point3f[] points = [(-14.7, 11.25, 6.925), (-14.7, 11.25, 6.975), (-14.7, 12.75, 6.925), (-14.7, 12.75, 6.975), (-13.3, 11.25, 6.925), (-13.3, 11.25, 6.975), (-13.3, 12.75, 6.925), (-13.3, 12.75, 6.975)]
    }

    def Mesh "window_f3_w3"
    {
        int[] faceVertexCounts = [3, 3, 3, 3, 3, 3, 3, 3, 3, 3, 3, 3]
        int[] faceVertexIndices = [1, 3, 0, 4, 1, 0, 0, 3, 2, 2, 4, 0, 1, 7, 3, 5, 1, 4, 5, 7, 1, 3, 7, 2, 6, 4, 2, 2, 7, 6, 6, 5, 4, 7, 5, 6]
        point3f[] points = [(-10.7, 11.25, 6.925), (-10.7, 11.25, 6.975), (-10.7, 12.75, 6.925), (-10.7, 12.75, 6.975), (-9.3, 11.25, 6.925), (-9.3, 11.25, 6.975), (-9.3, 12.75, 6.925), (-9.3, 12.75, 6.975)]
    }

    def Mesh "window_f3_w4"
    {
        int[] faceVertexCounts = [3, 3, 3, 3, 3, 3, 3, 3, 3, 3, 3, 3]
        int[] faceVertexIndices = [1, 3, 0, 4, 1, 0, 0, 3, 2, 2, 4, 0, 1, 7, 3, 5, 1, 4, 5, 7, 1, 3, 7, 2, 6, 4, 2, 2, 7, 6, 6, 5, 4, 7, 5, 6]
        point3f[] points = [(-6.7, 11.25, 6.925), (-6.7, 11.25, 6.975), (-6.7, 12.75, 6.925), (-6.7, 12.75, 6.975), (-5.3, 11.25, 6.925), (-5.3, 11.25, 6.975), (-5.3, 12.75, 6.925), (-5.3, 12.75, 6.975)]
    }

    def Mesh "window_f3_w5"
    {
        int[] faceVertexCounts = [3, 3, 3, 3, 3, 3, 3, 3, 3, 3, 3, 3]
        int[] faceVertexIndices = [1, 3, 0, 4, 1, 0, 0, 3, 2, 2, 4, 0, 1, 7, 3, 5, 1, 4, 5, 7, 1, 3, 7, 2, 6, 4, 2, 2, 7, 6, 6, 5, 4, 7, 5, 6]
        point3f[] points = [(-2.7, 11.25, 6.925), (-2.7, 11.25, 6.975), (-2.7, 12.75, 6.925), (-2.7, 12.75, 6.975), (-1.3, 11.25, 6.925), (-1.3, 11.25, 6.975), (-1.3, 12.75, 6.925), (-1.3, 12.75, 6.975)]
    }

    def Mesh "window_f3_w6"
    {
        int[] faceVertexCounts = [3, 3, 3, 3, 3, 3, 3, 3, 3, 3, 3, 3]
        int[] faceVertexIndices = [1, 3, 0, 4, 1, 0, 0, 3, 2, 2, 4, 0, 1, 7, 3, 5, 1, 4, 5, 7, 1, 3, 7, 2, 6, 4, 2, 2, 7, 6, 6, 5, 4, 7, 5, 6]
        point3f[] points = [(1.3, 11.25, 6.925), (1.3, 11.25, 6.975), (1.3, 12.75, 6.925), (1.3, 12.75, 6.975), (2.7, 11.25, 6.925), (2.7, 11.25, 6.975), (2.7, 12.75, 6.925), (2.7, 12.75, 6.975)]
    }

    def Mesh "window_f3_w7"
    {
        int[] faceVertexCounts = [3, 3, 3, 3, 3, 3, 3, 3, 3, 3, 3, 3]
        int[] faceVertexIndices = [1, 3, 0, 4, 1, 0, 0, 3, 2, 2, 4, 0, 1, 7, 3, 5, 1, 4, 5, 7, 1, 3, 7, 2, 6, 4, 2, 2, 7, 6, 6, 5, 4, 7, 5, 6]
        point3f[] points = [(5.3, 11.25, 6.925), (5.3, 11.25, 6.975), (5.3, 12.75, 6.925), (5.3, 12.75, 6.975), (6.7, 11.25, 6.925), (6.7, 11.25, 6.975), (6.7, 12.75, 6.925), (6.7, 12.75, 6.975)]
    }

    def Mesh "window_f3_w8"
    {
        int[] faceVertexCounts = [3, 3, 3, 3, 3, 3, 3, 3, 3, 3, 3, 3]
        int[] faceVertexIndices = [1, 3, 0, 4, 1, 0, 0, 3, 2, 2, 4, 0, 1, 7, 3, 5, 1, 4, 5, 7, 1, 3, 7, 2, 6, 4, 2, 2, 7, 6, 6, 5, 4, 7, 5, 6]
        point3f[] points = [(9.3, 11.25, 6.925), (9.3, 11.25, 6.975), (9.3, 12.75, 6.925), (9.3, 12.75, 6.975), (10.7, 11.25, 6.925), (10.7, 11.25, 6.975), (10.7, 12.75, 6.925), (10.7, 12.75, 6.975)]
    }

    def Mesh "window_f3_w9"
    {
        int[] faceVertexCounts = [3, 3, 3, 3, 3, 3, 3, 3, 3, 3, 3, 3]
        int[] faceVertexIndices = [1, 3, 0, 4, 1, 0, 0, 3, 2, 2, 4, 0, 1, 7, 3, 5, 1, 4, 5, 7, 1, 3, 7, 2, 6, 4, 2, 2, 7, 6, 6, 5, 4, 7, 5, 6]
        point3f[] points = [(13.3, 11.25, 6.925), (13.3, 11.25, 6.975), (13.3, 12.75, 6.925), (13.3, 12.75, 6.975), (14.7, 11.25, 6.925), (14.7, 11.25, 6.975), (14.7, 12.75, 6.925), (14.7, 12.75, 6.975)]
    }

    def Mesh "window_f3_w10"
    {
        int[] faceVertexCounts = [3, 3, 3, 3, 3, 3, 3, 3, 3, 3, 3, 3]
        int[] faceVertexIndices = [1, 3, 0, 4, 1, 0, 0, 3, 2, 2, 4, 0, 1, 7, 3, 5, 1, 4, 5, 7, 1, 3, 7, 2, 6, 4, 2, 2, 7, 6, 6, 5, 4, 7, 5, 6]
        point3f[] points = [(17.3, 11.25, 6.925), (17.3, 11.25, 6.975), (17.3, 12.75, 6.925), (17.3, 12.75, 6.975), (18.7, 11.25, 6.925), (18.7, 11.25, 6.975), (18.7, 12.75, 6.925), (18.7, 12.75, 6.975)]
    }

    def Mesh "window_f3_w11"
    {
        int[] faceVertexCounts = [3, 3, 3, 3, 3, 3, 3, 3, 3, 3, 3, 3]
        int[] faceVertexIndices = [1, 3, 0, 4, 1, 0, 0, 3, 2, 2, 4, 0, 1, 7, 3, 5, 1, 4, 5, 7, 1, 3, 7, 2, 6, 4, 2, 2, 7, 6, 6, 5, 4, 7, 5, 6]
        point3f[] points = [(21.3, 11.25, 6.925), (21.3, 11.25, 6.975), (21.3, 12.75, 6.925), (21.3, 12.75, 6.975), (22.7, 11.25, 6.925), (22.7, 11.25, 6.975), (22.7, 12.75, 6.925), (22.7, 12.75, 6.975)]
    }

    def Mesh "window_f4_w0"
    {
        int[] faceVertexCounts = [3, 3, 3, 3, 3, 3, 3, 3, 3, 3, 3, 3]
        int[] faceVertexIndices = [1, 3, 0, 4, 1, 0, 0, 3, 2, 2, 4, 0, 1, 7, 3, 5, 1, 4, 5, 7, 1, 3, 7, 2, 6, 4, 2, 2, 7, 6, 6, 5, 4, 7, 5, 6]
        point3f[] points = [(-22.7, 14.75, 6.925), (-22.7, 14.75, 6.975), (-22.7, 16.25, 6.925), (-22.7, 16.25, 6.975), (-21.3, 14.75, 6.925), (-21.3, 14.75, 6.975), (-21.3, 16.25, 6.925), (-21.3, 16.25, 6.975)]
    }

    def Mesh "window_f4_w1"
    {
        int[] faceVertexCounts = [3, 3, 3, 3, 3, 3, 3, 3, 3, 3, 3, 3]
        int[] faceVertexIndices = [1, 3, 0, 4, 1, 0, 0, 3, 2, 2, 4, 0, 1, 7, 3, 5, 1, 4, 5, 7, 1, 3, 7, 2, 6, 4, 2, 2, 7, 6, 6, 5, 4, 7, 5, 6]
        point3f[] points = [(-18.7, 14.75, 6.925), (-18.7, 14.75, 6.975), (-18.7, 16.25, 6.925), (-18.7, 16.25, 6.975), (-17.3, 14.75, 6.925), (-17.3, 14.75, 6.975), (-17.3, 16.25, 6.925), (-17.3, 16.25, 6.975)]
    }

    def Mesh "window_f4_w2"
    {
        int[] faceVertexCounts = [3, 3, 3, 3, 3, 3, 3, 3, 3, 3, 3, 3]
        int[] faceVertexIndices = [1, 3, 0, 4, 1, 0, 0, 3, 2, 2, 4, 0, 1, 7, 3, 5, 1, 4, 5, 7, 1, 3, 7, 2, 6, 4, 2, 2, 7, 6, 6, 5, 4, 7, 5, 6]
        point3f[] points = [(-14.7, 14.75, 6.925), (-14.7, 14.75, 6.975), (-14.7, 16.25, 6.925), (-14.7, 16.25, 6.975), (-13.3, 14.75, 6.925), (-13.3, 14.75, 6.975), (-13.3, 16.25, 6.925), (-13.3, 16.25, 6.975)]
    }

    def Mesh "window_f4_w3"
    {
        int[] faceVertexCounts = [3, 3, 3, 3, 3, 3, 3, 3, 3, 3, 3, 3]
        int[] faceVertexIndices = [1, 3, 0, 4, 1, 0, 0, 3, 2, 2, 4, 0, 1, 7, 3, 5, 1, 4, 5, 7, 1, 3, 7, 2, 6, 4, 2, 2, 7, 6, 6, 5, 4, 7, 5, 6]
        point3f[] points = [(-10.7, 14.75, 6.925), (-10.7, 14.75, 6.975), (-10.7, 16.25, 6.925), (-10.7, 16.25, 6.975), (-9.3, 14.75, 6.925), (-9.3, 14.75, 6.975), (-9.3, 16.25, 6.925), (-9.3, 16.25, 6.975)]
    }

    def Mesh "window_f4_w4"
    {
        int[] faceVertexCounts = [3, 3, 3, 3, 3, 3, 3, 3, 3, 3, 3, 3]
        int[] faceVertexIndices = [1, 3, 0, 4, 1, 0, 0, 3, 2, 2, 4, 0, 1, 7, 3, 5, 1, 4, 5, 7, 1, 3, 7, 2, 6, 4, 2, 2, 7, 6, 6, 5, 4, 7, 5, 6]
        point3f[] points = [(-6.7, 14.75, 6.925), (-6.7, 14.75, 6.975), (-6.7, 16.25, 6.925), (-6.7, 16.25, 6.975), (-5.3, 14.75, 6.925), (-5.3, 14.75, 6.975), (-5.3, 16.25, 6.925), (-5.3, 16.25, 6.975)]
    }

    def Mesh "window_f4_w5"
    {
        int[] faceVertexCounts = [3, 3, 3, 3, 3, 3, 3, 3, 3, 3, 3, 3]
        int[] faceVertexIndices = [1, 3, 0, 4, 1, 0, 0, 3, 2, 2, 4, 0, 1, 7, 3, 5, 1, 4, 5, 7, 1, 3, 7, 2, 6, 4, 2, 2, 7, 6, 6, 5, 4, 7, 5, 6]
        point3f[] points = [(-2.7, 14.75, 6.925), (-2.7, 14.75, 6.975), (-2.7, 16.25, 6.925), (-2.7, 16.25, 6.975), (-1.3, 14.75, 6.925), (-1.3, 14.75, 6.975), (-1.3, 16.25, 6.925), (-1.3, 16.25, 6.975)]
    }

    def Mesh "window_f4_w6"
    {
        int[] faceVertexCounts = [3, 3, 3, 3, 3, 3, 3, 3, 3, 3, 3, 3]
        int[] faceVertexIndices = [1, 3, 0, 4, 1, 0, 0, 3, 2, 2, 4, 0, 1, 7, 3, 5, 1, 4, 5, 7, 1, 3, 7, 2, 6, 4, 2, 2, 7, 6, 6, 5, 4, 7, 5, 6]
        point3f[] points = [(1.3, 14.75, 6.925), (1.3, 14.75, 6.975), (1.3, 16.25, 6.925), (1.3, 16.25, 6.975), (2.7, 14.75, 6.925), (2.7, 14.75, 6.975), (2.7, 16.25, 6.925), (2.7, 16.25, 6.975)]
    }

    def Mesh "window_f4_w7"
    {
        int[] faceVertexCounts = [3, 3, 3, 3, 3, 3, 3, 3, 3, 3, 3, 3]
        int[] faceVertexIndices = [1, 3, 0, 4, 1, 0, 0, 3, 2, 2, 4, 0, 1, 7, 3, 5, 1, 4, 5, 7, 1, 3, 7, 2, 6, 4, 2, 2, 7, 6, 6, 5, 4, 7, 5, 6]
        point3f[] points = [(5.3, 14.75, 6.925), (5.3, 14.75, 6.975), (5.3, 16.25, 6.925), (5.3, 16.25, 6.975), (6.7, 14.75, 6.925), (6.7, 14.75, 6.975), (6.7, 16.25, 6.925), (6.7, 16.25, 6.975)]
    }

    def Mesh "window_f4_w8"
    {
        int[] faceVertexCounts = [3, 3, 3, 3, 3, 3, 3, 3, 3, 3, 3, 3]
        int[] faceVertexIndices = [1, 3, 0, 4, 1, 0, 0, 3, 2, 2, 4, 0, 1, 7, 3, 5, 1, 4, 5, 7, 1, 3, 7, 2, 6, 4, 2, 2, 7, 6, 6, 5, 4, 7, 5, 6]
        point3f[] points = [(9.3, 14.75, 6.925), (9.3, 14.75, 6.975), (9.3, 16.25, 6.925), (9.3, 16.25, 6.975), (10.7, 14.75, 6.925), (10.7, 14.75, 6.975), (10.7, 16.25, 6.925), (10.7, 16.25, 6.975)]
    }

    def Mesh "window_f4_w9"
    {
        int[] faceVertexCounts = [3, 3, 3, 3, 3, 3, 3, 3, 3, 3, 3, 3]
        int[] faceVertexIndices = [1, 3, 0, 4, 1, 0, 0, 3, 2, 2, 4, 0, 1, 7, 3, 5, 1, 4, 5, 7, 1, 3, 7, 2, 6, 4, 2, 2, 7, 6, 6, 5, 4, 7, 5, 6]
        point3f[] points = [(13.3, 14.75, 6.925), (13.3, 14.75, 6.975), (13.3, 16.25, 6.925), (13.3, 16.25, 6.975), (14.7, 14.75, 6.925), (14.7, 14.75, 6.975), (14.7, 16.25, 6.925), (14.7, 16.25, 6.975)]
    }

    def Mesh "window_f4_w10"
    {
        int[] faceVertexCounts = [3, 3, 3, 3, 3, 3, 3, 3, 3, 3, 3, 3]
        int[] faceVertexIndices = [1, 3, 0, 4, 1, 0, 0, 3, 2, 2, 4, 0, 1, 7, 3, 5, 1, 4, 5, 7, 1, 3, 7, 2, 6, 4, 2, 2, 7, 6, 6, 5, 4, 7, 5, 6]
        point3f[] points = [(17.3, 14.75, 6.925), (17.3, 14.75, 6.975), (17.3, 16.25, 6.925), (17.3, 16.25, 6.975), (18.7, 14.75, 6.925), (18.7, 14.75, 6.975), (18.7, 16.25, 6.925), (18.7, 16.25, 6.975)]
    }

    def Mesh "window_f4_w11"
    {
        int[] faceVertexCounts = [3, 3, 3, 3, 3, 3, 3, 3, 3, 3, 3, 3]
        int[] faceVertexIndices = [1, 3, 0, 4, 1, 0, 0, 3, 2, 2, 4, 0, 1, 7, 3, 5, 1, 4, 5, 7, 1, 3, 7, 2, 6, 4, 2, 2, 7, 6, 6, 5, 4, 7, 5, 6]
        point3f[] points = [(21.3, 14.75, 6.925), (21.3, 14.75, 6.975), (21.3, 16.25, 6.925), (21.3, 16.25, 6.975), (22.7, 14.75, 6.925), (22.7, 14.75, 6.975), (22.7, 16.25, 6.925), (22.7, 16.25, 6.975)]
    }

    def Mesh "entrance_canopy"
    {
        int[] faceVertexCounts = [3, 3, 3, 3, 3, 3, 3, 3, 3, 3, 3, 3]
        int[] faceVertexIndices = [1, 3, 0, 4, 1, 0, 0, 3, 2, 2, 4, 0, 1, 7, 3, 5, 1, 4, 5, 7, 1, 3, 7, 2, 6, 4, 2, 2, 7, 6, 6, 5, 4, 7, 5, 6]
        point3f[] points = [(-4, 3.35, 7), (-4, 3.35, 10), (-4, 3.65, 7), (-4, 3.65, 10), (4, 3.35, 7), (4, 3.35, 10), (4, 3.65, 7), (4, 3.65, 10)]
    }

    def Mesh "door_l"
    {
        int[] faceVertexCounts = [3, 3, 3, 3, 3, 3, 3, 3, 3, 3, 3, 3]
        int[] faceVertexIndices = [1, 3, 0, 4, 1, 0, 0, 3, 2, 2, 4, 0, 1, 7, 3, 5, 1, 4, 5, 7, 1, 3, 7, 2, 6, 4, 2, 2, 7, 6, 6, 5, 4, 7, 5, 6]
        point3f[] points = [(-1.3, 0, 6.975), (-1.3, 0, 7.025), (-1.3, 2.4, 6.975), (-1.3, 2.4, 7.025), (-0.1, 0, 6.975), (-0.1, 0, 7.025), (-0.1, 2.4, 6.975), (-0.1, 2.4, 7.025)]
    }

    def Mesh "door_r"
    {
        int[] faceVertexCounts = [3, 3, 3, 3, 3, 3, 3, 3, 3, 3, 3, 3]
        int[] faceVertexIndices = [1, 3, 0, 4, 1, 0, 0, 3, 2, 2, 4, 0, 1, 7, 3, 5, 1, 4, 5, 7, 1, 3, 7, 2, 6, 4, 2, 2, 7, 6, 6, 5, 4, 7, 5, 6]
        point3f[] points = [(0.1, 0, 6.975), (0.1, 0, 7.025), (0.1, 2.4, 6.975), (0.1, 2.4, 7.025), (1.3, 0, 6.975), (1.3, 0, 7.025), (1.3, 2.4, 6.975), (1.3, 2.4, 7.025)]
    }

    def Mesh "flag_pole"
    {
        int[] faceVertexCounts = [3, 3, 3, 3, 3, 3, 3, 3, 3, 3, 3, 3, 3, 3, 3, 3, 3, 3, 3, 3, 3, 3, 3, 3, 3, 3, 3, 3, 3, 3, 3, 3, 3, 3, 3, 3, 3, 3, 3, 3, 3, 3, 3, 3, 3, 3, 3, 3]
        int[] faceVertexIndices = [1, 0, 4, 1, 4, 2, 2, 4, 5, 2, 5, 3, 4, 0, 6, 4, 6, 5, 5, 6, 7, 5, 7, 3, 6, 0, 8, 6, 8, 7, 7, 8, 9, 7, 9, 3, 8, 0, 10, 8, 10, 9, 9, 10, 11, 9, 11, 3, 10, 0, 12, 10, 12, 11, 11, 12, 13, 11, 13, 3, 12, 0, 14, 12, 14, 13, 13, 14, 15, 13, 15, 3, 14, 0, 16, 14, 16, 15, 15, 16, 17, 15, 17, 3, 16, 0, 18, 16, 18, 17, 17, 18, 19, 17, 19, 3, 18, 0, 20, 18, 20, 19, 19, 20, 21, 19, 21, 3, 20, 0, 22, 20, 22, 21, 21, 22, 23, 21, 23, 3, 22, 0, 24, 22, 24, 23, 23, 24, 25, 23, 25, 3, 24, 0, 1, 24, 1, 25, 25, 1, 2, 25, 2, 3]
        point3f[] points = [(12, 6, 5), (12.1, 6, 5), (12.1, 6, 17), (12, 6, 17), (12.086602, 6.05, 5), (12.086602, 6.05, 17), (12.05, 6.0866027, 5), (12.05, 6.0866027, 17), (12, 6.1, 5), (12, 6.1, 17), (11.95, 6.0866027, 5), (11.95, 6.0866027, 17), (11.913398, 6.05, 5), (11.913398, 6.05, 17), (11.9, 6, 5), (11.9, 6, 17), (11.913398, 5.95, 5), (11.913398, 5.95, 17), (11.95, 5.9133973, 5), (11.95, 5.9133973, 17), (12, 5.9, 5), (12, 5.9, 17), (12.05, 5.9133973, 5), (12.05, 5.9133973, 17), (12.086602, 5.95, 5), (12.086602, 5.95, 17)]
    }

    def Mesh "gym"
    {
        int[] faceVertexCounts = [3, 3, 3, 3, 3, 3, 3, 3, 3, 3, 3, 3]
        int[] faceVertexIndices = [1, 3, 0, 4, 1, 0, 0, 3, 2, 2, 4, 0, 1, 7, 3, 5, 1, 4, 5, 7, 1, 3, 7, 2, 6, 4, 2, 2, 7, 6, 6, 5, 4, 7, 5, 6]
        point3f[] points = [(-47.5, 0, -1), (-47.5, 0, 17), (-47.5, 12, -1), (-47.5, 12, 17), (-22.5, 0, -1), (-22.5, 0, 17), (-22.5, 12, -1), (-22.5, 12, 17)]
    }

    def Mesh "yard_ground"
    {
        int[] faceVertexCounts = [3, 3, 3, 3, 3, 3, 3, 3, 3, 3, 3, 3]
        int[] faceVertexIndices = [1, 3, 0, 4, 1, 0, 0, 3, 2, 2, 4, 0, 1, 7, 3, 5, 1, 4, 5, 7, 1, 3, 7, 2, 6, 4, 2, 2, 7, 6, 6, 5, 4, 7, 5, 6]
        point3f[] points = [(-35, 0, 10), (-35, 0, 40), (-35, 0.02, 10), (-35, 0.02, 40), (25, 0, 10), (25, 0, 40), (25, 0.02, 10), (25, 0.02, 40)]
    }

    def Mesh "tree_trunk_0"
    {
        int[] faceVertexCounts = [3, 3, 3, 3, 3, 3, 3, 3, 3, 3, 3, 3, 3, 3, 3, 3, 3, 3, 3, 3, 3, 3, 3, 3, 3, 3, 3, 3, 3, 3, 3, 3, 3, 3, 3, 3, 3, 3, 3, 3, 3, 3, 3, 3, 3, 3, 3, 3]
        int[] faceVertexIndices = [1, 0, 4, 1, 4, 2, 2, 4, 5, 2, 5, 3, 4, 0, 6, 4, 6, 5, 5, 6, 7, 5, 7, 3, 6, 0, 8, 6, 8, 7, 7, 8, 9, 7, 9, 3, 8, 0, 10, 8, 10, 9, 9, 10, 11, 9, 11, 3, 10, 0, 12, 10, 12, 11, 11, 12, 13, 11, 13, 3, 12, 0, 14, 12, 14, 13, 13, 14, 15, 13, 15, 3, 14, 0, 16, 14, 16, 15, 15, 16, 17, 15, 17, 3, 16, 0, 18, 16, 18, 17, 17, 18, 19, 17, 19, 3, 18, 0, 20, 18, 20, 19, 19, 20, 21, 19, 21, 3, 20, 0, 22, 20, 22, 21, 21, 22, 23, 21, 23, 3, 22, 0, 24, 22, 24, 23, 23, 24, 25, 23, 25, 3, 24, 0, 1, 24, 1, 25, 25, 1, 2, 25, 2, 3]
        point3f[] points = [(-25, 2, 9), (-24.7, 2, 9), (-24.7, 2, 13), (-25, 2, 13), (-24.740192, 2.15, 9), (-24.740192, 2.15, 13), (-24.85, 2.2598076, 9), (-24.85, 2.2598076, 13), (-25, 2.3, 9), (-25, 2.3, 13), (-25.15, 2.2598076, 9), (-25.15, 2.2598076, 13), (-25.259808, 2.15, 9), (-25.259808, 2.15, 13), (-25.3, 2, 9), (-25.3, 2, 13), (-25.259808, 1.85, 9), (-25.259808, 1.85, 13), (-25.15, 1.7401924, 9), (-25.15, 1.7401924, 13), (-25, 1.7, 9), (-25, 1.7, 13), (-24.85, 1.7401924, 9), (-24.85, 1.7401924, 13), (-24.740192, 1.85, 9), (-24.740192, 1.85, 13)]
    }

    def Mesh "tree_crown_0"
    {
        int[] faceVertexCounts = [3, 3, 3, 3, 3, 3, 3, 3, 3, 3, 3, 3, 3, 3, 3, 3, 3, 3, 3, 3, 3, 3, 3, 3, 3, 3, 3, 3, 3, 3, 3, 3, 3, 3, 3, 3, 3, 3, 3, 3, 3, 3, 3, 3, 3, 3, 3, 3, 3, 3, 3, 3, 3, 3, 3, 3, 3, 3, 3, 3, 3, 3, 3, 3, 3, 3, 3, 3, 3, 3, 3, 3, 3, 3, 3, 3, 3, 3, 3, 3, 3, 3, 3, 3, 3, 3, 3, 3, 3, 3, 3, 3, 3, 3, 3, 3, 3, 3, 3, 3, 3, 3, 3, 3, 3, 3, 3, 3, 3, 3, 3, 3, 3, 3, 3, 3, 3, 3, 3, 3, 3, 3, 3, 3, 3, 3, 3, 3, 3, 3, 3, 3, 3, 3, 3, 3, 3, 3, 3, 3, 3, 3, 3, 3, 3, 3, 3, 3, 3, 3, 3, 3, 3, 3, 3, 3, 3, 3, 3, 3, 3, 3, 3, 3, 3, 3, 3, 3, 3, 3, 3, 3, 3, 3, 3, 3, 3, 3, 3, 3, 3, 3, 3, 3, 3, 3, 3, 3, 3, 3, 3, 3, 3, 3, 3, 3, 3, 3, 3, 3, 3, 3, 3, 3, 3, 3, 3, 3, 3, 3, 3, 3, 3, 3, 3, 3, 3, 3, 3, 3, 3, 3, 3, 3, 3, 3, 3, 3, 3, 3, 3, 3, 3, 3, 3, 3, 3, 3, 3, 3, 3, 3, 3, 3, 3, 3, 3, 3, 3, 3, 3, 3, 3, 3, 3, 3, 3, 3, 3, 3, 3, 3, 3, 3, 3, 3, 3, 3, 3, 3, 3, 3, 3, 3, 3, 3, 3, 3, 3, 3, 3, 3, 3, 3, 3, 3, 3, 3, 3, 3, 3, 3, 3, 3, 3, 3, 3, 3, 3, 3, 3, 3, 3, 3, 3, 3, 3, 3, 3, 3, 3, 3, 3, 3, 3, 3, 3, 3, 3, 3]
        int[] faceVertexIndices = [0, 137, 53, 137, 37, 139, 53, 139, 16, 137, 139, 53, 37, 138, 154, 138, 11, 151, 154, 151, 40, 138, 151, 154, 16, 152, 54, 152, 40, 150, 54, 150, 5, 152, 150, 54, 37, 154, 139, 154, 40, 152, 139, 152, 16, 154, 152, 139, 0, 53, 42, 53, 16, 55, 42, 55, 12, 53, 55, 42, 16, 54, 59, 54, 5, 57, 59, 57, 17, 54, 57, 59, 12, 58, 43, 58, 17, 56, 43, 56, 1, 58, 56, 43, 16, 59, 55, 59, 17, 58, 55, 58, 12, 59, 58, 55, 0, 42, 69, 42, 12, 71, 69, 71, 21, 42, 71, 69, 12, 43, 74, 43, 1, 72, 74, 72, 22, 43, 72, 74, 21, 75, 70, 75, 22, 73, 70, 73, 7, 75, 73, 70, 12, 74, 71, 74, 22, 75, 71, 75, 21, 74, 75, 71, 0, 69, 120, 69, 21, 122, 120, 122, 33, 69, 122, 120, 21, 70, 133, 70, 7, 131, 133, 131, 36, 70, 131, 133, 33, 135, 121, 135, 36, 132, 121, 132, 10, 135, 132, 121, 21, 133, 122, 133, 36, 135, 122, 135, 33, 133, 135, 122, 0, 120, 137, 120, 33, 140, 137, 140, 37, 120, 140, 137, 33, 121, 158, 121, 10, 156, 158, 156, 41, 121, 156, 158, 37, 160, 138, 160, 41, 157, 138, 157, 11, 160, 157, 138, 33, 158, 140, 158, 41, 160, 140, 160, 37, 158, 160, 140, 1, 56, 95, 56, 17, 97, 95, 97, 28, 56, 97, 95, 17, 57, 110, 57, 5, 108, 110, 108, 31, 57, 108, 110, 28, 112, 96, 112, 31, 109, 96, 109, 9, 112, 109, 96, 17, 110, 97, 110, 31, 112, 97, 112, 28, 110, 112, 97, 5, 150, 61, 150, 40, 153, 61, 153, 18, 150, 153, 61, 40, 151, 155, 151, 11, 146, 155, 146, 39, 151, 146, 155, 18, 148, 60, 148, 39, 145, 60, 145, 4, 148, 145, 60, 40, 155, 153, 155, 39, 148, 153, 148, 18, 155, 148, 153, 11, 157, 142, 157, 41, 161, 142, 161, 38, 157, 161, 142, 41, 156, 159, 156, 10, 124, 159, 124, 34, 156, 124, 159, 38, 144, 141, 144, 34, 123, 141, 123, 2, 144, 123, 141, 41, 159, 161, 159, 34, 144, 161, 144, 38, 159, 144, 161, 10, 132, 127, 132, 36, 136, 127, 136, 35, 132, 136, 127, 36, 131, 134, 131, 7, 77, 134, 77, 23, 131, 77, 134, 35, 129, 126, 129, 23, 76, 126, 76, 6, 129, 76, 126, 36, 134, 136, 134, 23, 129, 136, 129, 35, 134, 129, 136, 7, 73, 89, 73, 22, 91, 89, 91, 27, 73, 91, 89, 22, 72, 80, 72, 1, 78, 80, 78, 24, 72, 78, 80, 27, 93, 90, 93, 24, 79, 90, 79, 8, 93, 79, 90, 22, 80, 91, 80, 24, 93, 91, 93, 27, 80, 93, 91, 3, 99, 49, 99, 29, 101, 49, 101, 15, 99, 101, 49, 29, 100, 107, 100, 9, 104, 107, 104, 30, 100, 104, 107, 15, 105, 50, 105, 30, 103, 50, 103, 4, 105, 103, 50, 29, 107, 101, 107, 30, 105, 101, 105, 15, 107, 105, 101, 3, 49, 45, 49, 15, 51, 45, 51, 13, 49, 51, 45, 15, 50, 52, 50, 4, 47, 52, 47, 14, 50, 47, 52, 13, 48, 44, 48, 14, 46, 44, 46, 2, 48, 46, 44, 15, 52, 51, 52, 14, 48, 51, 48, 13, 52, 48, 51, 3, 45, 65, 45, 13, 67, 65, 67, 20, 45, 67, 65, 13, 44, 64, 44, 2, 62, 64, 62, 19, 44, 62, 64, 20, 68, 66, 68, 19, 63, 66, 63, 6, 68, 63, 66, 13, 64, 67, 64, 19, 68, 67, 68, 20, 64, 68, 67, 3, 65, 81, 65, 20, 83, 81, 83, 25, 65, 83, 81, 20, 66, 86, 66, 6, 84, 86, 84, 26, 66, 84, 86, 25, 88, 82, 88, 26, 85, 82, 85, 8, 88, 85, 82, 20, 86, 83, 86, 26, 88, 83, 88, 25, 86, 88, 83, 3, 81, 99, 81, 25, 102, 99, 102, 29, 81, 102, 99, 25, 82, 117, 82, 8, 114, 117, 114, 32, 82, 114, 117, 29, 119, 100, 119, 32, 115, 100, 115, 9, 119, 115, 100, 25, 117, 102, 117, 32, 119, 102, 119, 29, 117, 119, 102, 4, 103, 60, 103, 30, 106, 60, 106, 18, 103, 106, 60, 30, 104, 113, 104, 9, 109, 113, 109, 31, 104, 109, 113, 18, 111, 61, 111, 31, 108, 61, 108, 5, 111, 108, 61, 30, 113, 106, 113, 31, 111, 106, 111, 18, 113, 111, 106, 2, 46, 141, 46, 14, 143, 141, 143, 38, 46, 143, 141, 14, 47, 147, 47, 4, 145, 147, 145, 39, 47, 145, 147, 38, 149, 142, 149, 39, 146, 142, 146, 11, 149, 146, 142, 14, 147, 143, 147, 39, 149, 143, 149, 38, 147, 149, 143, 6, 63, 126, 63, 19, 128, 126, 128, 35, 63, 128, 126, 19, 62, 125, 62, 2, 123, 125, 123, 34, 62, 123, 125, 35, 130, 127, 130, 34, 124, 127, 124, 10, 130, 124, 127, 19, 125, 128, 125, 34, 130, 128, 130, 35, 125, 130, 128, 8, 85, 90, 85, 26, 94, 90, 94, 27, 85, 94, 90, 26, 84, 87, 84, 6, 76, 87, 76, 23, 84, 76, 87, 27, 92, 89, 92, 23, 77, 89, 77, 7, 92, 77, 89, 26, 87, 94, 87, 23, 92, 94, 92, 27, 87, 92, 94, 9, 115, 96, 115, 32, 118, 96, 118, 28, 115, 118, 96, 32, 114, 116, 114, 8, 79, 116, 79, 24, 114, 79, 116, 28, 98, 95, 98, 24, 78, 95, 78, 1, 98, 78, 95, 32, 116, 118, 116, 24, 98, 118, 98, 28, 116, 98, 118]
        point3f[] points = [(-25.84117, 6.361041, 11), (-24.15883, 6.361041, 11), (-25.84117, 3.6389587, 11), (-24.15883, 3.6389587, 11), (-25, 4.15883, 12.361041), (-25, 5.84117, 12.361041), (-25, 4.15883, 9.638959), (-25, 5.84117, 9.638959), (-23.638958, 5, 10.158831), (-23.638958, 5, 11.841169), (-26.361042, 5, 10.158831), (-26.361042, 5, 11.841169), (-25, 6.6, 11), (-25, 3.4, 11), (-25.494427, 3.7055728, 11.8), (-24.505573, 3.7055728, 11.8), (-25.494427, 6.2944274, 11.8), (-24.505573, 6.2944274, 11.8), (-25, 5, 12.6), (-25.494427, 3.7055728, 10.2), (-24.505573, 3.7055728, 10.2), (-25.494427, 6.2944274, 10.2), (-24.505573, 6.2944274, 10.2), (-25, 5, 9.4), (-23.705572, 5.8, 10.505573), (-23.705572, 4.2, 10.505573), (-24.2, 4.505573, 9.705573), (-24.2, 5.494427, 9.705573), (-23.705572, 5.8, 11.494427), (-23.705572, 4.2, 11.494427), (-24.2, 4.505573, 12.294427), (-24.2, 5.494427, 12.294427), (-23.4, 5, 11), (-26.294428, 5.8, 10.505573), (-26.294428, 4.2, 10.505573), (-25.8, 4.505573, 9.705573), (-25.8, 5.494427, 9.705573), (-26.294428, 5.8, 11.494427), (-26.294428, 4.2, 11.494427), (-25.8, 4.505573, 12.294427), (-25.8, 5.494427, 12.294427), (-26.6, 5, 11), (-25.437227, 6.5391016, 11), (-24.562773, 6.5391016, 11), (-25.437227, 3.4608986, 11), (-24.562773, 3.4608986, 11), (-25.694221, 3.6197305, 11.415827), (-25.256996, 3.8899512, 12.123274), (-25.259935, 3.4783096, 11.420585), (-24.305779, 3.6197305, 11.415827), (-24.743004, 3.8899512, 12.123274), (-24.740065, 3.4783096, 11.420585), (-25, 3.6389587, 11.841169), (-25.694221, 6.3802695, 11.415827), (-25.256996, 6.110049, 12.123274), (-25.259935, 6.5216904, 11.420585), (-24.305779, 6.3802695, 11.415827), (-24.743004, 6.110049, 12.123274), (-24.740065, 6.5216904, 11.420585), (-25, 6.361041, 11.841169), (-25, 4.5627737, 12.539102), (-25, 5.4372263, 12.539102), (-25.694221, 3.6197305, 10.584173), (-25.256996, 3.8899512, 9.876726), (-25.259935, 3.4783096, 10.579415), (-24.305779, 3.6197305, 10.584173), (-24.743004, 3.8899512, 9.876726), (-24.740065, 3.4783096, 10.579415), (-25, 3.6389587, 10.158831), (-25.694221, 6.3802695, 10.584173), (-25.256996, 6.110049, 9.876726), (-25.259935, 6.5216904, 10.579415), (-24.305779, 6.3802695, 10.584173), (-24.743004, 6.110049, 9.876726), (-24.740065, 6.5216904, 10.579415), (-25, 6.361041, 10.158831), (-25, 4.5627737, 9.460898), (-25, 5.4372263, 9.460898), (-23.889952, 6.1232743, 10.743005), (-23.61973, 5.4158273, 10.3057785), (-24.059544, 6.1011057, 10.319479), (-23.889952, 3.8767257, 10.743005), (-23.61973, 4.5841727, 10.3057785), (-24.059544, 3.8988945, 10.319479), (-24.584173, 4.3057785, 9.61973), (-23.876726, 4.743005, 9.889952), (-24.319479, 4.0595436, 9.898894), (-24.579414, 4.740064, 9.47831), (-23.898895, 4.3194795, 10.059544), (-24.584173, 5.6942215, 9.61973), (-23.876726, 5.256995, 9.889952), (-24.319479, 5.9404564, 9.898894), (-24.579414, 5.259936, 9.47831), (-23.898895, 5.6805205, 10.059544), (-24.15883, 5, 9.638959), (-23.889952, 6.1232743, 11.256995), (-23.61973, 5.4158273, 11.6942215), (-24.059544, 6.1011057, 11.680521), (-23.638958, 5.84117, 11), (-23.889952, 3.8767257, 11.256995), (-23.61973, 4.5841727, 11.6942215), (-24.059544, 3.8988945, 11.680521), (-23.638958, 4.15883, 11), (-24.584173, 4.3057785, 12.38027), (-23.876726, 4.743005, 12.110048), (-24.319479, 4.0595436, 12.101106), (-24.579414, 4.740064, 12.52169), (-23.898895, 4.3194795, 11.940456), (-24.584173, 5.6942215, 12.38027), (-23.876726, 5.256995, 12.110048), (-24.319479, 5.9404564, 12.101106), (-24.579414, 5.259936, 12.52169), (-23.898895, 5.6805205, 11.940456), (-24.15883, 5, 12.361041), (-23.4609, 5, 10.562774), (-23.4609, 5, 11.437226), (-23.47831, 5.4205847, 10.740065), (-23.47831, 4.5794153, 10.740065), (-23.47831, 5.4205847, 11.259935), (-23.47831, 4.5794153, 11.259935), (-26.110048, 6.1232743, 10.743005), (-26.38027, 5.4158273, 10.3057785), (-25.940456, 6.1011057, 10.319479), (-26.110048, 3.8767257, 10.743005), (-26.38027, 4.5841727, 10.3057785), (-25.940456, 3.8988945, 10.319479), (-25.415827, 4.3057785, 9.61973), (-26.123274, 4.743005, 9.889952), (-25.680521, 4.0595436, 9.898894), (-25.420586, 4.740064, 9.47831), (-26.101105, 4.3194795, 10.059544), (-25.415827, 5.6942215, 9.61973), (-26.123274, 5.256995, 9.889952), (-25.680521, 5.9404564, 9.898894), (-25.420586, 5.259936, 9.47831), (-26.101105, 5.6805205, 10.059544), (-25.84117, 5, 9.638959), (-26.110048, 6.1232743, 11.256995), (-26.38027, 5.4158273, 11.6942215), (-25.940456, 6.1011057, 11.680521), (-26.361042, 5.84117, 11), (-26.110048, 3.8767257, 11.256995), (-26.38027, 4.5841727, 11.6942215), (-25.940456, 3.8988945, 11.680521), (-26.361042, 4.15883, 11), (-25.415827, 4.3057785, 12.38027), (-26.123274, 4.743005, 12.110048), (-25.680521, 4.0595436, 12.101106), (-25.420586, 4.740064, 12.52169), (-26.101105, 4.3194795, 11.940456), (-25.415827, 5.6942215, 12.38027), (-26.123274, 5.256995, 12.110048), (-25.680521, 5.9404564, 12.101106), (-25.420586, 5.259936, 12.52169), (-26.101105, 5.6805205, 11.940456), (-25.84117, 5, 12.361041), (-26.5391, 5, 10.562774), (-26.5391, 5, 11.437226), (-26.52169, 5.4205847, 10.740065), (-26.52169, 4.5794153, 10.740065), (-26.52169, 5.4205847, 11.259935), (-26.52169, 4.5794153, 11.259935)]
    }

    def Mesh "tree_trunk_1"
    {
        int[] faceVertexCounts = [3, 3, 3, 3, 3, 3, 3, 3, 3, 3, 3, 3, 3, 3, 3, 3, 3, 3, 3, 3, 3, 3, 3, 3, 3, 3, 3, 3, 3, 3, 3, 3, 3, 3, 3, 3, 3, 3, 3, 3, 3, 3, 3, 3, 3, 3, 3, 3]
        int[] faceVertexIndices = [1, 0, 4, 1, 4, 2, 2, 4, 5, 2, 5, 3, 4, 0, 6, 4, 6, 5, 5, 6, 7, 5, 7, 3, 6, 0, 8, 6, 8, 7, 7, 8, 9, 7, 9, 3, 8, 0, 10, 8, 10, 9, 9, 10, 11, 9, 11, 3, 10, 0, 12, 10, 12, 11, 11, 12, 13, 11, 13, 3, 12, 0, 14, 12, 14, 13, 13, 14, 15, 13, 15, 3, 14, 0, 16, 14, 16, 15, 15, 16, 17, 15, 17, 3, 16, 0, 18, 16, 18, 17, 17, 18, 19, 17, 19, 3, 18, 0, 20, 18, 20, 19, 19, 20, 21, 19, 21, 3, 20, 0, 22, 20, 22, 21, 21, 22, 23, 21, 23, 3, 22, 0, 24, 22, 24, 23, 23, 24, 25, 23, 25, 3, 24, 0, 1, 24, 1, 25, 25, 1, 2, 25, 2, 3]
        point3f[] points = [(-15, 2, 9), (-14.7, 2, 9), (-14.7, 2, 13), (-15, 2, 13), (-14.740192, 2.15, 9), (-14.740192, 2.15, 13), (-14.85, 2.2598076, 9), (-14.85, 2.2598076, 13), (-15, 2.3, 9), (-15, 2.3, 13), (-15.15, 2.2598076, 9), (-15.15, 2.2598076, 13), (-15.259808, 2.15, 9), (-15.259808, 2.15, 13), (-15.3, 2, 9), (-15.3, 2, 13), (-15.259808, 1.85, 9), (-15.259808, 1.85, 13), (-15.15, 1.7401924, 9), (-15.15, 1.7401924, 13), (-15, 1.7, 9), (-15, 1.7, 13), (-14.85, 1.7401924, 9), (-14.85, 1.7401924, 13), (-14.740192, 1.85, 9), (-14.740192, 1.85, 13)]
    }

    def Mesh "tree_crown_1"
    {
        int[] faceVertexCounts = [3, 3, 3, 3, 3, 3, 3, 3, 3, 3, 3, 3, 3, 3, 3, 3, 3, 3, 3, 3, 3, 3, 3, 3, 3, 3, 3, 3, 3, 3, 3, 3, 3, 3, 3, 3, 3, 3, 3, 3, 3, 3, 3, 3, 3, 3, 3, 3, 3, 3, 3, 3, 3, 3, 3, 3, 3, 3, 3, 3, 3, 3, 3, 3, 3, 3, 3, 3, 3, 3, 3, 3, 3, 3, 3, 3, 3, 3, 3, 3, 3, 3, 3, 3, 3, 3, 3, 3, 3, 3, 3, 3, 3, 3, 3, 3, 3, 3, 3, 3, 3, 3, 3, 3, 3, 3, 3, 3, 3, 3, 3, 3, 3, 3, 3, 3, 3, 3, 3, 3, 3, 3, 3, 3, 3, 3, 3, 3, 3, 3, 3, 3, 3, 3, 3, 3, 3, 3, 3, 3, 3, 3, 3, 3, 3, 3, 3, 3, 3, 3, 3, 3, 3, 3, 3, 3, 3, 3, 3, 3, 3, 3, 3, 3, 3, 3, 3, 3, 3, 3, 3, 3, 3, 3, 3, 3, 3, 3, 3, 3, 3, 3, 3, 3, 3, 3, 3, 3, 3, 3, 3, 3, 3, 3, 3, 3, 3, 3, 3, 3, 3, 3, 3, 3, 3, 3, 3, 3, 3, 3, 3, 3, 3, 3, 3, 3, 3, 3, 3, 3, 3, 3, 3, 3, 3, 3, 3, 3, 3, 3, 3, 3, 3, 3, 3, 3, 3, 3, 3, 3, 3, 3, 3, 3, 3, 3, 3, 3, 3, 3, 3, 3, 3, 3, 3, 3, 3, 3, 3, 3, 3, 3, 3, 3, 3, 3, 3, 3, 3, 3, 3, 3, 3, 3, 3, 3, 3, 3, 3, 3, 3, 3, 3, 3, 3, 3, 3, 3, 3, 3, 3, 3, 3, 3, 3, 3, 3, 3, 3, 3, 3, 3, 3, 3, 3, 3, 3, 3, 3, 3, 3, 3, 3, 3, 3, 3, 3, 3, 3, 3]
        int[] faceVertexIndices = [0, 137, 53, 137, 37, 139, 53, 139, 16, 137, 139, 53, 37, 138, 154, 138, 11, 151, 154, 151, 40, 138, 151, 154, 16, 152, 54, 152, 40, 150, 54, 150, 5, 152, 150, 54, 37, 154, 139, 154, 40, 152, 139, 152, 16, 154, 152, 139, 0, 53, 42, 53, 16, 55, 42, 55, 12, 53, 55, 42, 16, 54, 59, 54, 5, 57, 59, 57, 17, 54, 57, 59, 12, 58, 43, 58, 17, 56, 43, 56, 1, 58, 56, 43, 16, 59, 55, 59, 17, 58, 55, 58, 12, 59, 58, 55, 0, 42, 69, 42, 12, 71, 69, 71, 21, 42, 71, 69, 12, 43, 74, 43, 1, 72, 74, 72, 22, 43, 72, 74, 21, 75, 70, 75, 22, 73, 70, 73, 7, 75, 73, 70, 12, 74, 71, 74, 22, 75, 71, 75, 21, 74, 75, 71, 0, 69, 120, 69, 21, 122, 120, 122, 33, 69, 122, 120, 21, 70, 133, 70, 7, 131, 133, 131, 36, 70, 131, 133, 33, 135, 121, 135, 36, 132, 121, 132, 10, 135, 132, 121, 21, 133, 122, 133, 36, 135, 122, 135, 33, 133, 135, 122, 0, 120, 137, 120, 33, 140, 137, 140, 37, 120, 140, 137, 33, 121, 158, 121, 10, 156, 158, 156, 41, 121, 156, 158, 37, 160, 138, 160, 41, 157, 138, 157, 11, 160, 157, 138, 33, 158, 140, 158, 41, 160, 140, 160, 37, 158, 160, 140, 1, 56, 95, 56, 17, 97, 95, 97, 28, 56, 97, 95, 17, 57, 110, 57, 5, 108, 110, 108, 31, 57, 108, 110, 28, 112, 96, 112, 31, 109, 96, 109, 9, 112, 109, 96, 17, 110, 97, 110, 31, 112, 97, 112, 28, 110, 112, 97, 5, 150, 61, 150, 40, 153, 61, 153, 18, 150, 153, 61, 40, 151, 155, 151, 11, 146, 155, 146, 39, 151, 146, 155, 18, 148, 60, 148, 39, 145, 60, 145, 4, 148, 145, 60, 40, 155, 153, 155, 39, 148, 153, 148, 18, 155, 148, 153, 11, 157, 142, 157, 41, 161, 142, 161, 38, 157, 161, 142, 41, 156, 159, 156, 10, 124, 159, 124, 34, 156, 124, 159, 38, 144, 141, 144, 34, 123, 141, 123, 2, 144, 123, 141, 41, 159, 161, 159, 34, 144, 161, 144, 38, 159, 144, 161, 10, 132, 127, 132, 36, 136, 127, 136, 35, 132, 136, 127, 36, 131, 134, 131, 7, 77, 134, 77, 23, 131, 77, 134, 35, 129, 126, 129, 23, 76, 126, 76, 6, 129, 76, 126, 36, 134, 136, 134, 23, 129, 136, 129, 35, 134, 129, 136, 7, 73, 89, 73, 22, 91, 89, 91, 27, 73, 91, 89, 22, 72, 80, 72, 1, 78, 80, 78, 24, 72, 78, 80, 27, 93, 90, 93, 24, 79, 90, 79, 8, 93, 79, 90, 22, 80, 91, 80, 24, 93, 91, 93, 27, 80, 93, 91, 3, 99, 49, 99, 29, 101, 49, 101, 15, 99, 101, 49, 29, 100, 107, 100, 9, 104, 107, 104, 30, 100, 104, 107, 15, 105, 50, 105, 30, 103, 50, 103, 4, 105, 103, 50, 29, 107, 101, 107, 30, 105, 101, 105, 15, 107, 105, 101, 3, 49, 45, 49, 15, 51, 45, 51, 13, 49, 51, 45, 15, 50, 52, 50, 4, 47, 52, 47, 14, 50, 47, 52, 13, 48, 44, 48, 14, 46, 44, 46, 2, 48, 46, 44, 15, 52, 51, 52, 14, 48, 51, 48, 13, 52, 48, 51, 3, 45, 65, 45, 13, 67, 65, 67, 20, 45, 67, 65, 13, 44, 64, 44, 2, 62, 64, 62, 19, 44, 62, 64, 20, 68, 66, 68, 19, 63, 66, 63, 6, 68, 63, 66, 13, 64, 67, 64, 19, 68, 67, 68, 20, 64, 68, 67, 3, 65, 81, 65, 20, 83, 81, 83, 25, 65, 83, 81, 20, 66, 86, 66, 6, 84, 86, 84, 26, 66, 84, 86, 25, 88, 82, 88, 26, 85, 82, 85, 8, 88, 85, 82, 20, 86, 83, 86, 26, 88, 83, 88, 25, 86, 88, 83, 3, 81, 99, 81, 25, 102, 99, 102, 29, 81, 102, 99, 25, 82, 117, 82, 8, 114, 117, 114, 32, 82, 114, 117, 29, 119, 100, 119, 32, 115, 100, 115, 9, 119, 115, 100, 25, 117, 102, 117, 32, 119, 102, 119, 29, 117, 119, 102, 4, 103, 60, 103, 30, 106, 60, 106, 18, 103, 106, 60, 30, 104, 113, 104, 9, 109, 113, 109, 31, 104, 109, 113, 18, 111, 61, 111, 31, 108, 61, 108, 5, 111, 108, 61, 30, 113, 106, 113, 31, 111, 106, 111, 18, 113, 111, 106, 2, 46, 141, 46, 14, 143, 141, 143, 38, 46, 143, 141, 14, 47, 147, 47, 4, 145, 147, 145, 39, 47, 145, 147, 38, 149, 142, 149, 39, 146, 142, 146, 11, 149, 146, 142, 14, 147, 143, 147, 39, 149, 143, 149, 38, 147, 149, 143, 6, 63, 126, 63, 19, 128, 126, 128, 35, 63, 128, 126, 19, 62, 125, 62, 2, 123, 125, 123, 34, 62, 123, 125, 35, 130, 127, 130, 34, 124, 127, 124, 10, 130, 124, 127, 19, 125, 128, 125, 34, 130, 128, 130, 35, 125, 130, 128, 8, 85, 90, 85, 26, 94, 90, 94, 27, 85, 94, 90, 26, 84, 87, 84, 6, 76, 87, 76, 23, 84, 76, 87, 27, 92, 89, 92, 23, 77, 89, 77, 7, 92, 77, 89, 26, 87, 94, 87, 23, 92, 94, 92, 27, 87, 92, 94, 9, 115, 96, 115, 32, 118, 96, 118, 28, 115, 118, 96, 32, 114, 116, 114, 8, 79, 116, 79, 24, 114, 79, 116, 28, 98, 95, 98, 24, 78, 95, 78, 1, 98, 78, 95, 32, 116, 118, 116, 24, 98, 118, 98, 28, 116, 98, 118]
        point3f[] points = [(-15.841169, 6.361041, 11), (-14.158831, 6.361041, 11), (-15.841169, 3.6389587, 11), (-14.158831, 3.6389587, 11), (-15, 4.15883, 12.361041), (-15, 5.84117, 12.361041), (-15, 4.15883, 9.638959), (-15, 5.84117, 9.638959), (-13.638959, 5, 10.158831), (-13.638959, 5, 11.841169), (-16.361042, 5, 10.158831), (-16.361042, 5, 11.841169), (-15, 6.6, 11), (-15, 3.4, 11), (-15.494427, 3.7055728, 11.8), (-14.505573, 3.7055728, 11.8), (-15.494427, 6.2944274, 11.8), (-14.505573, 6.2944274, 11.8), (-15, 5, 12.6), (-15.494427, 3.7055728, 10.2), (-14.505573, 3.7055728, 10.2), (-15.494427, 6.2944274, 10.2), (-14.505573, 6.2944274, 10.2), (-15, 5, 9.4), (-13.705573, 5.8, 10.505573), (-13.705573, 4.2, 10.505573), (-14.2, 4.505573, 9.705573), (-14.2, 5.494427, 9.705573), (-13.705573, 5.8, 11.494427), (-13.705573, 4.2, 11.494427), (-14.2, 4.505573, 12.294427), (-14.2, 5.494427, 12.294427), (-13.4, 5, 11), (-16.294428, 5.8, 10.505573), (-16.294428, 4.2, 10.505573), (-15.8, 4.505573, 9.705573), (-15.8, 5.494427, 9.705573), (-16.294428, 5.8, 11.494427), (-16.294428, 4.2, 11.494427), (-15.8, 4.505573, 12.294427), (-15.8, 5.494427, 12.294427), (-16.6, 5, 11), (-15.437226, 6.5391016, 11), (-14.562774, 6.5391016, 11), (-15.437226, 3.4608986, 11), (-14.562774, 3.4608986, 11), (-15.6942215, 3.6197305, 11.415827), (-15.256995, 3.8899512, 12.123274), (-15.259935, 3.4783096, 11.420585), (-14.3057785, 3.6197305, 11.415827), (-14.743005, 3.8899512, 12.123274), (-14.740065, 3.4783096, 11.420585), (-15, 3.6389587, 11.841169), (-15.6942215, 6.3802695, 11.415827), (-15.256995, 6.110049, 12.123274), (-15.259935, 6.5216904, 11.420585), (-14.3057785, 6.3802695, 11.415827), (-14.743005, 6.110049, 12.123274), (-14.740065, 6.5216904, 11.420585), (-15, 6.361041, 11.841169), (-15, 4.5627737, 12.539102), (-15, 5.4372263, 12.539102), (-15.6942215, 3.6197305, 10.584173), (-15.256995, 3.8899512, 9.876726), (-15.259935, 3.4783096, 10.579415), (-14.3057785, 3.6197305, 10.584173), (-14.743005, 3.8899512, 9.876726), (-14.740065, 3.4783096, 10.579415), (-15, 3.6389587, 10.158831), (-15.6942215, 6.3802695, 10.584173), (-15.256995, 6.110049, 9.876726), (-15.259935, 6.5216904, 10.579415), (-14.3057785, 6.3802695, 10.584173), (-14.743005, 6.110049, 9.876726), (-14.740065, 6.5216904, 10.579415), (-15, 6.361041, 10.158831), (-15, 4.5627737, 9.460898), (-15, 5.4372263, 9.460898), (-13.889952, 6.1232743, 10.743005), (-13.61973, 5.4158273, 10.3057785), (-14.059544, 6.1011057, 10.319479), (-13.889952, 3.8767257, 10.743005), (-13.61973, 4.5841727, 10.3057785), (-14.059544, 3.8988945, 10.319479), (-14.584173, 4.3057785, 9.61973), (-13.876726, 4.743005, 9.889952), (-14.319479, 4.0595436, 9.898894), (-14.579415, 4.740064, 9.47831), (-13.898894, 4.3194795, 10.059544), (-14.584173, 5.6942215, 9.61973), (-13.876726, 5.256995, 9.889952), (-14.319479, 5.9404564, 9.898894), (-14.579415, 5.259936, 9.47831), (-13.898894, 5.6805205, 10.059544), (-14.158831, 5, 9.638959), (-13.889952, 6.1232743, 11.256995), (-13.61973, 5.4158273, 11.6942215), (-14.059544, 6.1011057, 11.680521), (-13.638959, 5.84117, 11), (-13.889952, 3.8767257, 11.256995), (-13.61973, 4.5841727, 11.6942215), (-14.059544, 3.8988945, 11.680521), (-13.638959, 4.15883, 11), (-14.584173, 4.3057785, 12.38027), (-13.876726, 4.743005, 12.110048), (-14.319479, 4.0595436, 12.101106), (-14.579415, 4.740064, 12.52169), (-13.898894, 4.3194795, 11.940456), (-14.584173, 5.6942215, 12.38027), (-13.876726, 5.256995, 12.110048), (-14.319479, 5.9404564, 12.101106), (-14.579415, 5.259936, 12.52169), (-13.898894, 5.6805205, 11.940456), (-14.158831, 5, 12.361041), (-13.460898, 5, 10.562774), (-13.460898, 5, 11.437226), (-13.47831, 5.4205847, 10.740065), (-13.47831, 4.5794153, 10.740065), (-13.47831, 5.4205847, 11.259935), (-13.47831, 4.5794153, 11.259935), (-16.110048, 6.1232743, 10.743005), (-16.38027, 5.4158273, 10.3057785), (-15.940456, 6.1011057, 10.319479), (-16.110048, 3.8767257, 10.743005), (-16.38027, 4.5841727, 10.3057785), (-15.940456, 3.8988945, 10.319479), (-15.415827, 4.3057785, 9.61973), (-16.123274, 4.743005, 9.889952), (-15.680521, 4.0595436, 9.898894), (-15.420585, 4.740064, 9.47831), (-16.101105, 4.3194795, 10.059544), (-15.415827, 5.6942215, 9.61973), (-16.123274, 5.256995, 9.889952), (-15.680521, 5.9404564, 9.898894), (-15.420585, 5.259936, 9.47831), (-16.101105, 5.6805205, 10.059544), (-15.841169, 5, 9.638959), (-16.110048, 6.1232743, 11.256995), (-16.38027, 5.4158273, 11.6942215), (-15.940456, 6.1011057, 11.680521), (-16.361042, 5.84117, 11), (-16.110048, 3.8767257, 11.256995), (-16.38027, 4.5841727, 11.6942215), (-15.940456, 3.8988945, 11.680521), (-16.361042, 4.15883, 11), (-15.415827, 4.3057785, 12.38027), (-16.123274, 4.743005, 12.110048), (-15.680521, 4.0595436, 12.101106), (-15.420585, 4.740064, 12.52169), (-16.101105, 4.3194795, 11.940456), (-15.415827, 5.6942215, 12.38027), (-16.123274, 5.256995, 12.110048), (-15.680521, 5.9404564, 12.101106), (-15.420585, 5.259936, 12.52169), (-16.101105, 5.6805205, 11.940456), (-15.841169, 5, 12.361041), (-16.5391, 5, 10.562774), (-16.5391, 5, 11.437226), (-16.52169, 5.4205847, 10.740065), (-16.52169, 4.5794153, 10.740065), (-16.52169, 5.4205847, 11.259935), (-16.52169, 4.5794153, 11.259935)]
    }

    def Mesh "tree_trunk_2"
    {
        int[] faceVertexCounts = [3, 3, 3, 3, 3, 3, 3, 3, 3, 3, 3, 3, 3, 3, 3, 3, 3, 3, 3, 3, 3, 3, 3, 3, 3, 3, 3, 3, 3, 3, 3, 3, 3, 3, 3, 3, 3, 3, 3, 3, 3, 3, 3, 3, 3, 3, 3, 3]
        int[] faceVertexIndices = [1, 0, 4, 1, 4, 2, 2, 4, 5, 2, 5, 3, 4, 0, 6, 4, 6, 5, 5, 6, 7, 5, 7, 3, 6, 0, 8, 6, 8, 7, 7, 8, 9, 7, 9, 3, 8, 0, 10, 8, 10, 9, 9, 10, 11, 9, 11, 3, 10, 0, 12, 10, 12, 11, 11, 12, 13, 11, 13, 3, 12, 0, 14, 12, 14, 13, 13, 14, 15, 13, 15, 3, 14, 0, 16, 14, 16, 15, 15, 16, 17, 15, 17, 3, 16, 0, 18, 16, 18, 17, 17, 18, 19, 17, 19, 3, 18, 0, 20, 18, 20, 19, 19, 20, 21, 19, 21, 3, 20, 0, 22, 20, 22, 21, 21, 22, 23, 21, 23, 3, 22, 0, 24, 22, 24, 23, 23, 24, 25, 23, 25, 3, 24, 0, 1, 24, 1, 25, 25, 1, 2, 25, 2, 3]
        point3f[] points = [(-5, 2, 9), (-4.7, 2, 9), (-4.7, 2, 13), (-5, 2, 13), (-4.7401924, 2.15, 9), (-4.7401924, 2.15, 13), (-4.85, 2.2598076, 9), (-4.85, 2.2598076, 13), (-5, 2.3, 9), (-5, 2.3, 13), (-5.15, 2.2598076, 9), (-5.15, 2.2598076, 13), (-5.2598076, 2.15, 9), (-5.2598076, 2.15, 13), (-5.3, 2, 9), (-5.3, 2, 13), (-5.2598076, 1.85, 9), (-5.2598076, 1.85, 13), (-5.15, 1.7401924, 9), (-5.15, 1.7401924, 13), (-5, 1.7, 9), (-5, 1.7, 13), (-4.85, 1.7401924, 9), (-4.85, 1.7401924, 13), (-4.7401924, 1.85, 9), (-4.7401924, 1.85, 13)]
    }

    def Mesh "tree_crown_2"
    {
        int[] faceVertexCounts = [3, 3, 3, 3, 3, 3, 3, 3, 3, 3, 3, 3, 3, 3, 3, 3, 3, 3, 3, 3, 3, 3, 3, 3, 3, 3, 3, 3, 3, 3, 3, 3, 3, 3, 3, 3, 3, 3, 3, 3, 3, 3, 3, 3, 3, 3, 3, 3, 3, 3, 3, 3, 3, 3, 3, 3, 3, 3, 3, 3, 3, 3, 3, 3, 3, 3, 3, 3, 3, 3, 3, 3, 3, 3, 3, 3, 3, 3, 3, 3, 3, 3, 3, 3, 3, 3, 3, 3, 3, 3, 3, 3, 3, 3, 3, 3, 3, 3, 3, 3, 3, 3, 3, 3, 3, 3, 3, 3, 3, 3, 3, 3, 3, 3, 3, 3, 3, 3, 3, 3, 3, 3, 3, 3, 3, 3, 3, 3, 3, 3, 3, 3, 3, 3, 3, 3, 3, 3, 3, 3, 3, 3, 3, 3, 3, 3, 3, 3, 3, 3, 3, 3, 3, 3, 3, 3, 3, 3, 3, 3, 3, 3, 3, 3, 3, 3, 3, 3, 3, 3, 3, 3, 3, 3, 3, 3, 3, 3, 3, 3, 3, 3, 3, 3, 3, 3, 3, 3, 3, 3, 3, 3, 3, 3, 3, 3, 3, 3, 3, 3, 3, 3, 3, 3, 3, 3, 3, 3, 3, 3, 3, 3, 3, 3, 3, 3, 3, 3, 3, 3, 3, 3, 3, 3, 3, 3, 3, 3, 3, 3, 3, 3, 3, 3, 3, 3, 3, 3, 3, 3, 3, 3, 3, 3, 3, 3, 3, 3, 3, 3, 3, 3, 3, 3, 3, 3, 3, 3, 3, 3, 3, 3, 3, 3, 3, 3, 3, 3, 3, 3, 3, 3, 3, 3, 3, 3, 3, 3, 3, 3, 3, 3, 3, 3, 3, 3, 3, 3, 3, 3, 3, 3, 3, 3, 3, 3, 3, 3, 3, 3, 3, 3, 3, 3, 3, 3, 3, 3, 3, 3, 3, 3, 3, 3, 3, 3, 3, 3, 3, 3]
        int[] faceVertexIndices = [0, 137, 53, 137, 37, 139, 53, 139, 16, 137, 139, 53, 37, 138, 154, 138, 11, 151, 154, 151, 40, 138, 151, 154, 16, 152, 54, 152, 40, 150, 54, 150, 5, 152, 150, 54, 37, 154, 139, 154, 40, 152, 139, 152, 16, 154, 152, 139, 0, 53, 42, 53, 16, 55, 42, 55, 12, 53, 55, 42, 16, 54, 59, 54, 5, 57, 59, 57, 17, 54, 57, 59, 12, 58, 43, 58, 17, 56, 43, 56, 1, 58, 56, 43, 16, 59, 55, 59, 17, 58, 55, 58, 12, 59, 58, 55, 0, 42, 69, 42, 12, 71, 69, 71, 21, 42, 71, 69, 12, 43, 74, 43, 1, 72, 74, 72, 22, 43, 72, 74, 21, 75, 70, 75, 22, 73, 70, 73, 7, 75, 73, 70, 12, 74, 71, 74, 22, 75, 71, 75, 21, 74, 75, 71, 0, 69, 120, 69, 21, 122, 120, 122, 33, 69, 122, 120, 21, 70, 133, 70, 7, 131, 133, 131, 36, 70, 131, 133, 33, 135, 121, 135, 36, 132, 121, 132, 10, 135, 132, 121, 21, 133, 122, 133, 36, 135, 122, 135, 33, 133, 135, 122, 0, 120, 137, 120, 33, 140, 137, 140, 37, 120, 140, 137, 33, 121, 158, 121, 10, 156, 158, 156, 41, 121, 156, 158, 37, 160, 138, 160, 41, 157, 138, 157, 11, 160, 157, 138, 33, 158, 140, 158, 41, 160, 140, 160, 37, 158, 160, 140, 1, 56, 95, 56, 17, 97, 95, 97, 28, 56, 97, 95, 17, 57, 110, 57, 5, 108, 110, 108, 31, 57, 108, 110, 28, 112, 96, 112, 31, 109, 96, 109, 9, 112, 109, 96, 17, 110, 97, 110, 31, 112, 97, 112, 28, 110, 112, 97, 5, 150, 61, 150, 40, 153, 61, 153, 18, 150, 153, 61, 40, 151, 155, 151, 11, 146, 155, 146, 39, 151, 146, 155, 18, 148, 60, 148, 39, 145, 60, 145, 4, 148, 145, 60, 40, 155, 153, 155, 39, 148, 153, 148, 18, 155, 148, 153, 11, 157, 142, 157, 41, 161, 142, 161, 38, 157, 161, 142, 41, 156, 159, 156, 10, 124, 159, 124, 34, 156, 124, 159, 38, 144, 141, 144, 34, 123, 141, 123, 2, 144, 123, 141, 41, 159, 161, 159, 34, 144, 161, 144, 38, 159, 144, 161, 10, 132, 127, 132, 36, 136, 127, 136, 35, 132, 136, 127, 36, 131, 134, 131, 7, 77, 134, 77, 23, 131, 77, 134, 35, 129, 126, 129, 23, 76, 126, 76, 6, 129, 76, 126, 36, 134, 136, 134, 23, 129, 136, 129, 35, 134, 129, 136, 7, 73, 89, 73, 22, 91, 89, 91, 27, 73, 91, 89, 22, 72, 80, 72, 1, 78, 80, 78, 24, 72, 78, 80, 27, 93, 90, 93, 24, 79, 90, 79, 8, 93, 79, 90, 22, 80, 91, 80, 24, 93, 91, 93, 27, 80, 93, 91, 3, 99, 49, 99, 29, 101, 49, 101, 15, 99, 101, 49, 29, 100, 107, 100, 9, 104, 107, 104, 30, 100, 104, 107, 15, 105, 50, 105, 30, 103, 50, 103, 4, 105, 103, 50, 29, 107, 101, 107, 30, 105, 101, 105, 15, 107, 105, 101, 3, 49, 45, 49, 15, 51, 45, 51, 13, 49, 51, 45, 15, 50, 52, 50, 4, 47, 52, 47, 14, 50, 47, 52, 13, 48, 44, 48, 14, 46, 44, 46, 2, 48, 46, 44, 15, 52, 51, 52, 14, 48, 51, 48, 13, 52, 48, 51, 3, 45, 65, 45, 13, 67, 65, 67, 20, 45, 67, 65, 13, 44, 64, 44, 2, 62, 64, 62, 19, 44, 62, 64, 20, 68, 66, 68, 19, 63, 66, 63, 6, 68, 63, 66, 13, 64, 67, 64, 19, 68, 67, 68, 20, 64, 68, 67, 3, 65, 81, 65, 20, 83, 81, 83, 25, 65, 83, 81, 20, 66, 86, 66, 6, 84, 86, 84, 26, 66, 84, 86, 25, 88, 82, 88, 26, 85, 82, 85, 8, 88, 85, 82, 20, 86, 83, 86, 26, 88, 83, 88, 25, 86, 88, 83, 3, 81, 99, 81, 25, 102, 99, 102, 29, 81, 102, 99, 25, 82, 117, 82, 8, 114, 117, 114, 32, 82, 114, 117, 29, 119, 100, 119, 32, 115, 100, 115, 9, 119, 115, 100, 25, 117, 102, 117, 32, 119, 102, 119, 29, 117, 119, 102, 4, 103, 60, 103, 30, 106, 60, 106, 18, 103, 106, 60, 30, 104, 113, 104, 9, 109, 113, 109, 31, 104, 109, 113, 18, 111, 61, 111, 31, 108, 61, 108, 5, 111, 108, 61, 30, 113, 106, 113, 31, 111, 106, 111, 18, 113, 111, 106, 2, 46, 141, 46, 14, 143, 141, 143, 38, 46, 143, 141, 14, 47, 147, 47, 4, 145, 147, 145, 39, 47, 145, 147, 38, 149, 142, 149, 39, 146, 142, 146, 11, 149, 146, 142, 14, 147, 143, 147, 39, 149, 143, 149, 38, 147, 149, 143, 6, 63, 126, 63, 19, 128, 126, 128, 35, 63, 128, 126, 19, 62, 125, 62, 2, 123, 125, 123, 34, 62, 123, 125, 35, 130, 127, 130, 34, 124, 127, 124, 10, 130, 124, 127, 19, 125, 128, 125, 34, 130, 128, 130, 35, 125, 130, 128, 8, 85, 90, 85, 26, 94, 90, 94, 27, 85, 94, 90, 26, 84, 87, 84, 6, 76, 87, 76, 23, 84, 76, 87, 27, 92, 89, 92, 23, 77, 89, 77, 7, 92, 77, 89, 26, 87, 94, 87, 23, 92, 94, 92, 27, 87, 92, 94, 9, 115, 96, 115, 32, 118, 96, 118, 28, 115, 118, 96, 32, 114, 116, 114, 8, 79, 116, 79, 24, 114, 79, 116, 28, 98, 95, 98, 24, 78, 95, 78, 1, 98, 78, 95, 32, 116, 118, 116, 24, 98, 118, 98, 28, 116, 98, 118]
        point3f[] points = [(-5.84117, 6.361041, 11), (-4.15883, 6.361041, 11), (-5.84117, 3.6389587, 11), (-4.15883, 3.6389587, 11), (-5, 4.15883, 12.361041), (-5, 5.84117, 12.361041), (-5, 4.15883, 9.638959), (-5, 5.84117, 9.638959), (-3.6389587, 5, 10.158831), (-3.6389587, 5, 11.841169), (-6.361041, 5, 10.158831), (-6.361041, 5, 11.841169), (-5, 6.6, 11), (-5, 3.4, 11), (-5.494427, 3.7055728, 11.8), (-4.505573, 3.7055728, 11.8), (-5.494427, 6.2944274, 11.8), (-4.505573, 6.2944274, 11.8), (-5, 5, 12.6), (-5.494427, 3.7055728, 10.2), (-4.505573, 3.7055728, 10.2), (-5.494427, 6.2944274, 10.2), (-4.505573, 6.2944274, 10.2), (-5, 5, 9.4), (-3.7055728, 5.8, 10.505573), (-3.7055728, 4.2, 10.505573), (-4.2, 4.505573, 9.705573), (-4.2, 5.494427, 9.705573), (-3.7055728, 5.8, 11.494427), (-3.7055728, 4.2, 11.494427), (-4.2, 4.505573, 12.294427), (-4.2, 5.494427, 12.294427), (-3.4, 5, 11), (-6.2944274, 5.8, 10.505573), (-6.2944274, 4.2, 10.505573), (-5.8, 4.505573, 9.705573), (-5.8, 5.494427, 9.705573), (-6.2944274, 5.8, 11.494427), (-6.2944274, 4.2, 11.494427), (-5.8, 4.505573, 12.294427), (-5.8, 5.494427, 12.294427), (-6.6, 5, 11), (-5.4372263, 6.5391016, 11), (-4.5627737, 6.5391016, 11), (-5.4372263, 3.4608986, 11), (-4.5627737, 3.4608986, 11), (-5.6942215, 3.6197305, 11.415827), (-5.256995, 3.8899512, 12.123274), (-5.259936, 3.4783096, 11.420585), (-4.3057785, 3.6197305, 11.415827), (-4.743005, 3.8899512, 12.123274), (-4.740064, 3.4783096, 11.420585), (-5, 3.6389587, 11.841169), (-5.6942215, 6.3802695, 11.415827), (-5.256995, 6.110049, 12.123274), (-5.259936, 6.5216904, 11.420585), (-4.3057785, 6.3802695, 11.415827), (-4.743005, 6.110049, 12.123274), (-4.740064, 6.5216904, 11.420585), (-5, 6.361041, 11.841169), (-5, 4.5627737, 12.539102), (-5, 5.4372263, 12.539102), (-5.6942215, 3.6197305, 10.584173), (-5.256995, 3.8899512, 9.876726), (-5.259936, 3.4783096, 10.579415), (-4.3057785, 3.6197305, 10.584173), (-4.743005, 3.8899512, 9.876726), (-4.740064, 3.4783096, 10.579415), (-5, 3.6389587, 10.158831), (-5.6942215, 6.3802695, 10.584173), (-5.256995, 6.110049, 9.876726), (-5.259936, 6.5216904, 10.579415), (-4.3057785, 6.3802695, 10.584173), (-4.743005, 6.110049, 9.876726), (-4.740064, 6.5216904, 10.579415), (-5, 6.361041, 10.158831), (-5, 4.5627737, 9.460898), (-5, 5.4372263, 9.460898), (-3.8899512, 6.1232743, 10.743005), (-3.6197305, 5.4158273, 10.3057785), (-4.0595436, 6.1011057, 10.319479), (-3.8899512, 3.8767257, 10.743005), (-3.6197305, 4.5841727, 10.3057785), (-4.0595436, 3.8988945, 10.319479), (-4.5841727, 4.3057785, 9.61973), (-3.8767257, 4.743005, 9.889952), (-4.3194795, 4.0595436, 9.898894), (-4.5794153, 4.740064, 9.47831), (-3.8988945, 4.3194795, 10.059544), (-4.5841727, 5.6942215, 9.61973), (-3.8767257, 5.256995, 9.889952), (-4.3194795, 5.9404564, 9.898894), (-4.5794153, 5.259936, 9.47831), (-3.8988945, 5.6805205, 10.059544), (-4.15883, 5, 9.638959), (-3.8899512, 6.1232743, 11.256995), (-3.6197305, 5.4158273, 11.6942215), (-4.0595436, 6.1011057, 11.680521), (-3.6389587, 5.84117, 11), (-3.8899512, 3.8767257, 11.256995), (-3.6197305, 4.5841727, 11.6942215), (-4.0595436, 3.8988945, 11.680521), (-3.6389587, 4.15883, 11), (-4.5841727, 4.3057785, 12.38027), (-3.8767257, 4.743005, 12.110048), (-4.3194795, 4.0595436, 12.101106), (-4.5794153, 4.740064, 12.52169), (-3.8988945, 4.3194795, 11.940456), (-4.5841727, 5.6942215, 12.38027), (-3.8767257, 5.256995, 12.110048), (-4.3194795, 5.9404564, 12.101106), (-4.5794153, 5.259936, 12.52169), (-3.8988945, 5.6805205, 11.940456), (-4.15883, 5, 12.361041), (-3.4608986, 5, 10.562774), (-3.4608986, 5, 11.437226), (-3.4783096, 5.4205847, 10.740065), (-3.4783096, 4.5794153, 10.740065), (-3.4783096, 5.4205847, 11.259935), (-3.4783096, 4.5794153, 11.259935), (-6.110049, 6.1232743, 10.743005), (-6.3802695, 5.4158273, 10.3057785), (-5.9404564, 6.1011057, 10.319479), (-6.110049, 3.8767257, 10.743005), (-6.3802695, 4.5841727, 10.3057785), (-5.9404564, 3.8988945, 10.319479), (-5.4158273, 4.3057785, 9.61973), (-6.1232743, 4.743005, 9.889952), (-5.6805205, 4.0595436, 9.898894), (-5.4205847, 4.740064, 9.47831), (-6.1011057, 4.3194795, 10.059544), (-5.4158273, 5.6942215, 9.61973), (-6.1232743, 5.256995, 9.889952), (-5.6805205, 5.9404564, 9.898894), (-5.4205847, 5.259936, 9.47831), (-6.1011057, 5.6805205, 10.059544), (-5.84117, 5, 9.638959), (-6.110049, 6.1232743, 11.256995), (-6.3802695, 5.4158273, 11.6942215), (-5.9404564, 6.1011057, 11.680521), (-6.361041, 5.84117, 11), (-6.110049, 3.8767257, 11.256995), (-6.3802695, 4.5841727, 11.6942215), (-5.9404564, 3.8988945, 11.680521), (-6.361041, 4.15883, 11), (-5.4158273, 4.3057785, 12.38027), (-6.1232743, 4.743005, 12.110048), (-5.6805205, 4.0595436, 12.101106), (-5.4205847, 4.740064, 12.52169), (-6.1011057, 4.3194795, 11.940456), (-5.4158273, 5.6942215, 12.38027), (-6.1232743, 5.256995, 12.110048), (-5.6805205, 5.9404564, 12.101106), (-5.4205847, 5.259936, 12.52169), (-6.1011057, 5.6805205, 11.940456), (-5.84117, 5, 12.361041), (-6.5391016, 5, 10.562774), (-6.5391016, 5, 11.437226), (-6.5216904, 5.4205847, 10.740065), (-6.5216904, 4.5794153, 10.740065), (-6.5216904, 5.4205847, 11.259935), (-6.5216904, 4.5794153, 11.259935)]
    }

    def Mesh "tree_trunk_3"
    {
        int[] faceVertexCounts = [3, 3, 3, 3, 3, 3, 3, 3, 3, 3, 3, 3, 3, 3, 3, 3, 3, 3, 3, 3, 3, 3, 3, 3, 3, 3, 3, 3, 3, 3, 3, 3, 3, 3, 3, 3, 3, 3, 3, 3, 3, 3, 3, 3, 3, 3, 3, 3]
        int[] faceVertexIndices = [1, 0, 4, 1, 4, 2, 2, 4, 5, 2, 5, 3, 4, 0, 6, 4, 6, 5, 5, 6, 7, 5, 7, 3, 6, 0, 8, 6, 8, 7, 7, 8, 9, 7, 9, 3, 8, 0, 10, 8, 10, 9, 9, 10, 11, 9, 11, 3, 10, 0, 12, 10, 12, 11, 11, 12, 13, 11, 13, 3, 12, 0, 14, 12, 14, 13, 13, 14, 15, 13, 15, 3, 14, 0, 16, 14, 16, 15, 15, 16, 17, 15, 17, 3, 16, 0, 18, 16, 18, 17, 17, 18, 19, 17, 19, 3, 18, 0, 20, 18, 20, 19, 19, 20, 21, 19, 21, 3, 20, 0, 22, 20, 22, 21, 21, 22, 23, 21, 23, 3, 22, 0, 24, 22, 24, 23, 23, 24, 25, 23, 25, 3, 24, 0, 1, 24, 1, 25, 25, 1, 2, 25, 2, 3]
        point3f[] points = [(5, 2, 9), (5.3, 2, 9), (5.3, 2, 13), (5, 2, 13), (5.2598076, 2.15, 9), (5.2598076, 2.15, 13), (5.15, 2.2598076, 9), (5.15, 2.2598076, 13), (5, 2.3, 9), (5, 2.3, 13), (4.85, 2.2598076, 9), (4.85, 2.2598076, 13), (4.7401924, 2.15, 9), (4.7401924, 2.15, 13), (4.7, 2, 9), (4.7, 2, 13), (4.7401924, 1.85, 9), (4.7401924, 1.85, 13), (4.85, 1.7401924, 9), (4.85, 1.7401924, 13), (5, 1.7, 9), (5, 1.7, 13), (5.15, 1.7401924, 9), (5.15, 1.7401924, 13), (5.2598076, 1.85, 9), (5.2598076, 1.85, 13)]
    }

    def Mesh "tree_crown_3"
    {
        int[] faceVertexCounts = [3, 3, 3, 3, 3, 3, 3, 3, 3, 3, 3, 3, 3, 3, 3, 3, 3, 3, 3, 3, 3, 3, 3, 3, 3, 3, 3, 3, 3, 3, 3, 3, 3, 3, 3, 3, 3, 3, 3, 3, 3, 3, 3, 3, 3, 3, 3, 3, 3, 3, 3, 3, 3, 3, 3, 3, 3, 3, 3, 3, 3, 3, 3, 3, 3, 3, 3, 3, 3, 3, 3, 3, 3, 3, 3, 3, 3, 3, 3, 3, 3, 3, 3, 3, 3, 3, 3, 3, 3, 3, 3, 3, 3, 3, 3, 3, 3, 3, 3, 3, 3, 3, 3, 3, 3, 3, 3, 3, 3, 3, 3, 3, 3, 3, 3, 3, 3, 3, 3, 3, 3, 3, 3, 3, 3, 3, 3, 3, 3, 3, 3, 3, 3, 3, 3, 3, 3, 3, 3, 3, 3, 3, 3, 3, 3, 3, 3, 3, 3, 3, 3, 3, 3, 3, 3, 3, 3, 3, 3, 3, 3, 3, 3, 3, 3, 3, 3, 3, 3, 3, 3, 3, 3, 3, 3, 3, 3, 3, 3, 3, 3, 3, 3, 3, 3, 3, 3, 3, 3, 3, 3, 3, 3, 3, 3, 3, 3, 3, 3, 3, 3, 3, 3, 3, 3, 3, 3, 3, 3, 3, 3, 3, 3, 3, 3, 3, 3, 3, 3, 3, 3, 3, 3, 3, 3, 3, 3, 3, 3, 3, 3, 3, 3, 3, 3, 3, 3, 3, 3, 3, 3, 3, 3, 3, 3, 3, 3, 3, 3, 3, 3, 3, 3, 3, 3, 3, 3, 3, 3, 3, 3, 3, 3, 3, 3, 3, 3, 3, 3, 3, 3, 3, 3, 3, 3, 3, 3, 3, 3, 3, 3, 3, 3, 3, 3, 3, 3, 3, 3, 3, 3, 3, 3, 3, 3, 3, 3, 3, 3, 3, 3, 3, 3, 3, 3, 3, 3, 3, 3, 3, 3, 3, 3, 3, 3, 3, 3, 3, 3, 3]
        int[] faceVertexIndices = [0, 137, 53, 137, 37, 139, 53, 139, 16, 137, 139, 53, 37, 138, 154, 138, 11, 151, 154, 151, 40, 138, 151, 154, 16, 152, 54, 152, 40, 150, 54, 150, 5, 152, 150, 54, 37, 154, 139, 154, 40, 152, 139, 152, 16, 154, 152, 139, 0, 53, 42, 53, 16, 55, 42, 55, 12, 53, 55, 42, 16, 54, 59, 54, 5, 57, 59, 57, 17, 54, 57, 59, 12, 58, 43, 58, 17, 56, 43, 56, 1, 58, 56, 43, 16, 59, 55, 59, 17, 58, 55, 58, 12, 59, 58, 55, 0, 42, 69, 42, 12, 71, 69, 71, 21, 42, 71, 69, 12, 43, 74, 43, 1, 72, 74, 72, 22, 43, 72, 74, 21, 75, 70, 75, 22, 73, 70, 73, 7, 75, 73, 70, 12, 74, 71, 74, 22, 75, 71, 75, 21, 74, 75, 71, 0, 69, 120, 69, 21, 122, 120, 122, 33, 69, 122, 120, 21, 70, 133, 70, 7, 131, 133, 131, 36, 70, 131, 133, 33, 135, 121, 135, 36, 132, 121, 132, 10, 135, 132, 121, 21, 133, 122, 133, 36, 135, 122, 135, 33, 133, 135, 122, 0, 120, 137, 120, 33, 140, 137, 140, 37, 120, 140, 137, 33, 121, 158, 121, 10, 156, 158, 156, 41, 121, 156, 158, 37, 160, 138, 160, 41, 157, 138, 157, 11, 160, 157, 138, 33, 158, 140, 158, 41, 160, 140, 160, 37, 158, 160, 140, 1, 56, 95, 56, 17, 97, 95, 97, 28, 56, 97, 95, 17, 57, 110, 57, 5, 108, 110, 108, 31, 57, 108, 110, 28, 112, 96, 112, 31, 109, 96, 109, 9, 112, 109, 96, 17, 110, 97, 110, 31, 112, 97, 112, 28, 110, 112, 97, 5, 150, 61, 150, 40, 153, 61, 153, 18, 150, 153, 61, 40, 151, 155, 151, 11, 146, 155, 146, 39, 151, 146, 155, 18, 148, 60, 148, 39, 145, 60, 145, 4, 148, 145, 60, 40, 155, 153, 155, 39, 148, 153, 148, 18, 155, 148, 153, 11, 157, 142, 157, 41, 161, 142, 161, 38, 157, 161, 142, 41, 156, 159, 156, 10, 124, 159, 124, 34, 156, 124, 159, 38, 144, 141, 144, 34, 123, 141, 123, 2, 144, 123, 141, 41, 159, 161, 159, 34, 144, 161, 144, 38, 159, 144, 161, 10, 132, 127, 132, 36, 136, 127, 136, 35, 132, 136, 127, 36, 131, 134, 131, 7, 77, 134, 77, 23, 131, 77, 134, 35, 129, 126, 129, 23, 76, 126, 76, 6, 129, 76, 126, 36, 134, 136, 134, 23, 129, 136, 129, 35, 134, 129, 136, 7, 73, 89, 73, 22, 91, 89, 91, 27, 73, 91, 89, 22, 72, 80, 72, 1, 78, 80, 78, 24, 72, 78, 80, 27, 93, 90, 93, 24, 79, 90, 79, 8, 93, 79, 90, 22, 80, 91, 80, 24, 93, 91, 93, 27, 80, 93, 91, 3, 99, 49, 99, 29, 101, 49, 101, 15, 99, 101, 49, 29, 100, 107, 100, 9, 104, 107, 104, 30, 100, 104, 107, 15, 105, 50, 105, 30, 103, 50, 103, 4, 105, 103, 50, 29, 107, 101, 107, 30, 105, 101, 105, 15, 107, 105, 101, 3, 49, 45, 49, 15, 51, 45, 51, 13, 49, 51, 45, 15, 50, 52, 50, 4, 47, 52, 47, 14, 50, 47, 52, 13, 48, 44, 48, 14, 46, 44, 46, 2, 48, 46, 44, 15, 52, 51, 52, 14, 48, 51, 48, 13, 52, 48, 51, 3, 45, 65, 45, 13, 67, 65, 67, 20, 45, 67, 65, 13, 44, 64, 44, 2, 62, 64, 62, 19, 44, 62, 64, 20, 68, 66, 68, 19, 63, 66, 63, 6, 68, 63, 66, 13, 64, 67, 64, 19, 68, 67, 68, 20, 64, 68, 67, 3, 65, 81, 65, 20, 83, 81, 83, 25, 65, 83, 81, 20, 66, 86, 66, 6, 84, 86, 84, 26, 66, 84, 86, 25, 88, 82, 88, 26, 85, 82, 85, 8, 88, 85, 82, 20, 86, 83, 86, 26, 88, 83, 88, 25, 86, 88, 83, 3, 81, 99, 81, 25, 102, 99, 102, 29, 81, 102, 99, 25, 82, 117, 82, 8, 114, 117, 114, 32, 82, 114, 117, 29, 119, 100, 119, 32, 115, 100, 115, 9, 119, 115, 100, 25, 117, 102, 117, 32, 119, 102, 119, 29, 117, 119, 102, 4, 103, 60, 103, 30, 106, 60, 106, 18, 103, 106, 60, 30, 104, 113, 104, 9, 109, 113, 109, 31, 104, 109, 113, 18, 111, 61, 111, 31, 108, 61, 108, 5, 111, 108, 61, 30, 113, 106, 113, 31, 111, 106, 111, 18, 113, 111, 106, 2, 46, 141, 46, 14, 143, 141, 143, 38, 46, 143, 141, 14, 47, 147, 47, 4, 145, 147, 145, 39, 47, 145, 147, 38, 149, 142, 149, 39, 146, 142, 146, 11, 149, 146, 142, 14, 147, 143, 147, 39, 149, 143, 149, 38, 147, 149, 143, 6, 63, 126, 63, 19, 128, 126, 128, 35, 63, 128, 126, 19, 62, 125, 62, 2, 123, 125, 123, 34, 62, 123, 125, 35, 130, 127, 130, 34, 124, 127, 124, 10, 130, 124, 127, 19, 125, 128, 125, 34, 130, 128, 130, 35, 125, 130, 128, 8, 85, 90, 85, 26, 94, 90, 94, 27, 85, 94, 90, 26, 84, 87, 84, 6, 76, 87, 76, 23, 84, 76, 87, 27, 92, 89, 92, 23, 77, 89, 77, 7, 92, 77, 89, 26, 87, 94, 87, 23, 92, 94, 92, 27, 87, 92, 94, 9, 115, 96, 115, 32, 118, 96, 118, 28, 115, 118, 96, 32, 114, 116, 114, 8, 79, 116, 79, 24, 114, 79, 116, 28, 98, 95, 98, 24, 78, 95, 78, 1, 98, 78, 95, 32, 116, 118, 116, 24, 98, 118, 98, 28, 116, 98, 118]
        point3f[] points = [(4.15883, 6.361041, 11), (5.84117, 6.361041, 11), (4.15883, 3.6389587, 11), (5.84117, 3.6389587, 11), (5, 4.15883, 12.361041), (5, 5.84117, 12.361041), (5, 4.15883, 9.638959), (5, 5.84117, 9.638959), (6.361041, 5, 10.158831), (6.361041, 5, 11.841169), (3.6389587, 5, 10.158831), (3.6389587, 5, 11.841169), (5, 6.6, 11), (5, 3.4, 11), (4.505573, 3.7055728, 11.8), (5.494427, 3.7055728, 11.8), (4.505573, 6.2944274, 11.8), (5.494427, 6.2944274, 11.8), (5, 5, 12.6), (4.505573, 3.7055728, 10.2), (5.494427, 3.7055728, 10.2), (4.505573, 6.2944274, 10.2), (5.494427, 6.2944274, 10.2), (5, 5, 9.4), (6.2944274, 5.8, 10.505573), (6.2944274, 4.2, 10.505573), (5.8, 4.505573, 9.705573), (5.8, 5.494427, 9.705573), (6.2944274, 5.8, 11.494427), (6.2944274, 4.2, 11.494427), (5.8, 4.505573, 12.294427), (5.8, 5.494427, 12.294427), (6.6, 5, 11), (3.7055728, 5.8, 10.505573), (3.7055728, 4.2, 10.505573), (4.2, 4.505573, 9.705573), (4.2, 5.494427, 9.705573), (3.7055728, 5.8, 11.494427), (3.7055728, 4.2, 11.494427), (4.2, 4.505573, 12.294427), (4.2, 5.494427, 12.294427), (3.4, 5, 11), (4.5627737, 6.5391016, 11), (5.4372263, 6.5391016, 11), (4.5627737, 3.4608986, 11), (5.4372263, 3.4608986, 11), (4.3057785, 3.6197305, 11.415827), (4.743005, 3.8899512, 12.123274), (4.740064, 3.4783096, 11.420585), (5.6942215, 3.6197305, 11.415827), (5.256995, 3.8899512, 12.123274), (5.259936, 3.4783096, 11.420585), (5, 3.6389587, 11.841169), (4.3057785, 6.3802695, 11.415827), (4.743005, 6.110049, 12.123274), (4.740064, 6.5216904, 11.420585), (5.6942215, 6.3802695, 11.415827), (5.256995, 6.110049, 12.123274), (5.259936, 6.5216904, 11.420585), (5, 6.361041, 11.841169), (5, 4.5627737, 12.539102), (5, 5.4372263, 12.539102), (4.3057785, 3.6197305, 10.584173), (4.743005, 3.8899512, 9.876726), (4.740064, 3.4783096, 10.579415), (5.6942215, 3.6197305, 10.584173), (5.256995, 3.8899512, 9.876726), (5.259936, 3.4783096, 10.579415), (5, 3.6389587, 10.158831), (4.3057785, 6.3802695, 10.584173), (4.743005, 6.110049, 9.876726), (4.740064, 6.5216904, 10.579415), (5.6942215, 6.3802695, 10.584173), (5.256995, 6.110049, 9.876726), (5.259936, 6.5216904, 10.579415), (5, 6.361041, 10.158831), (5, 4.5627737, 9.460898), (5, 5.4372263, 9.460898), (6.110049, 6.1232743, 10.743005), (6.3802695, 5.4158273, 10.3057785), (5.9404564, 6.1011057, 10.319479), (6.110049, 3.8767257, 10.743005), (6.3802695, 4.5841727, 10.3057785), (5.9404564, 3.8988945, 10.319479), (5.4158273, 4.3057785, 9.61973), (6.1232743, 4.743005, 9.889952), (5.6805205, 4.0595436, 9.898894), (5.4205847, 4.740064, 9.47831), (6.1011057, 4.3194795, 10.059544), (5.4158273, 5.6942215, 9.61973), (6.1232743, 5.256995, 9.889952), (5.6805205, 5.9404564, 9.898894), (5.4205847, 5.259936, 9.47831), (6.1011057, 5.6805205, 10.059544), (5.84117, 5, 9.638959), (6.110049, 6.1232743, 11.256995), (6.3802695, 5.4158273, 11.6942215), (5.9404564, 6.1011057, 11.680521), (6.361041, 5.84117, 11), (6.110049, 3.8767257, 11.256995), (6.3802695, 4.5841727, 11.6942215), (5.9404564, 3.8988945, 11.680521), (6.361041, 4.15883, 11), (5.4158273, 4.3057785, 12.38027), (6.1232743, 4.743005, 12.110048), (5.6805205, 4.0595436, 12.101106), (5.4205847, 4.740064, 12.52169), (6.1011057, 4.3194795, 11.940456), (5.4158273, 5.6942215, 12.38027), (6.1232743, 5.256995, 12.110048), (5.6805205, 5.9404564, 12.101106), (5.4205847, 5.259936, 12.52169), (6.1011057, 5.6805205, 11.940456), (5.84117, 5, 12.361041), (6.5391016, 5, 10.562774), (6.5391016, 5, 11.437226), (6.5216904, 5.4205847, 10.740065), (6.5216904, 4.5794153, 10.740065), (6.5216904, 5.4205847, 11.259935), (6.5216904, 4.5794153, 11.259935), (3.8899512, 6.1232743, 10.743005), (3.6197305, 5.4158273, 10.3057785), (4.0595436, 6.1011057, 10.319479), (3.8899512, 3.8767257, 10.743005), (3.6197305, 4.5841727, 10.3057785), (4.0595436, 3.8988945, 10.319479), (4.5841727, 4.3057785, 9.61973), (3.8767257, 4.743005, 9.889952), (4.3194795, 4.0595436, 9.898894), (4.5794153, 4.740064, 9.47831), (3.8988945, 4.3194795, 10.059544), (4.5841727, 5.6942215, 9.61973), (3.8767257, 5.256995, 9.889952), (4.3194795, 5.9404564, 9.898894), (4.5794153, 5.259936, 9.47831), (3.8988945, 5.6805205, 10.059544), (4.15883, 5, 9.638959), (3.8899512, 6.1232743, 11.256995), (3.6197305, 5.4158273, 11.6942215), (4.0595436, 6.1011057, 11.680521), (3.6389587, 5.84117, 11), (3.8899512, 3.8767257, 11.256995), (3.6197305, 4.5841727, 11.6942215), (4.0595436, 3.8988945, 11.680521), (3.6389587, 4.15883, 11), (4.5841727, 4.3057785, 12.38027), (3.8767257, 4.743005, 12.110048), (4.3194795, 4.0595436, 12.101106), (4.5794153, 4.740064, 12.52169), (3.8988945, 4.3194795, 11.940456), (4.5841727, 5.6942215, 12.38027), (3.8767257, 5.256995, 12.110048), (4.3194795, 5.9404564, 12.101106), (4.5794153, 5.259936, 12.52169), (3.8988945, 5.6805205, 11.940456), (4.15883, 5, 12.361041), (3.4608986, 5, 10.562774), (3.4608986, 5, 11.437226), (3.4783096, 5.4205847, 10.740065), (3.4783096, 4.5794153, 10.740065), (3.4783096, 5.4205847, 11.259935), (3.4783096, 4.5794153, 11.259935)]
    }

    def Mesh "tree_trunk_4"
    {
        int[] faceVertexCounts = [3, 3, 3, 3, 3, 3, 3, 3, 3, 3, 3, 3, 3, 3, 3, 3, 3, 3, 3, 3, 3, 3, 3, 3, 3, 3, 3, 3, 3, 3, 3, 3, 3, 3, 3, 3, 3, 3, 3, 3, 3, 3, 3, 3, 3, 3, 3, 3]
        int[] faceVertexIndices = [1, 0, 4, 1, 4, 2, 2, 4, 5, 2, 5, 3, 4, 0, 6, 4, 6, 5, 5, 6, 7, 5, 7, 3, 6, 0, 8, 6, 8, 7, 7, 8, 9, 7, 9, 3, 8, 0, 10, 8, 10, 9, 9, 10, 11, 9, 11, 3, 10, 0, 12, 10, 12, 11, 11, 12, 13, 11, 13, 3, 12, 0, 14, 12, 14, 13, 13, 14, 15, 13, 15, 3, 14, 0, 16, 14, 16, 15, 15, 16, 17, 15, 17, 3, 16, 0, 18, 16, 18, 17, 17, 18, 19, 17, 19, 3, 18, 0, 20, 18, 20, 19, 19, 20, 21, 19, 21, 3, 20, 0, 22, 20, 22, 21, 21, 22, 23, 21, 23, 3, 22, 0, 24, 22, 24, 23, 23, 24, 25, 23, 25, 3, 24, 0, 1, 24, 1, 25, 25, 1, 2, 25, 2, 3]
        point3f[] points = [(15, 2, 9), (15.3, 2, 9), (15.3, 2, 13), (15, 2, 13), (15.259808, 2.15, 9), (15.259808, 2.15, 13), (15.15, 2.2598076, 9), (15.15, 2.2598076, 13), (15, 2.3, 9), (15, 2.3, 13), (14.85, 2.2598076, 9), (14.85, 2.2598076, 13), (14.740192, 2.15, 9), (14.740192, 2.15, 13), (14.7, 2, 9), (14.7, 2, 13), (14.740192, 1.85, 9), (14.740192, 1.85, 13), (14.85, 1.7401924, 9), (14.85, 1.7401924, 13), (15, 1.7, 9), (15, 1.7, 13), (15.15, 1.7401924, 9), (15.15, 1.7401924, 13), (15.259808, 1.85, 9), (15.259808, 1.85, 13)]
    }

    def Mesh "tree_crown_4"
    {
        int[] faceVertexCounts = [3, 3, 3, 3, 3, 3, 3, 3, 3, 3, 3, 3, 3, 3, 3, 3, 3, 3, 3, 3, 3, 3, 3, 3, 3, 3, 3, 3, 3, 3, 3, 3, 3, 3, 3, 3, 3, 3, 3, 3, 3, 3, 3, 3, 3, 3, 3, 3, 3, 3, 3, 3, 3, 3, 3, 3, 3, 3, 3, 3, 3, 3, 3, 3, 3, 3, 3, 3, 3, 3, 3, 3, 3, 3, 3, 3, 3, 3, 3, 3, 3, 3, 3, 3, 3, 3, 3, 3, 3, 3, 3, 3, 3, 3, 3, 3, 3, 3, 3, 3, 3, 3, 3, 3, 3, 3, 3, 3, 3, 3, 3, 3, 3, 3, 3, 3, 3, 3, 3, 3, 3, 3, 3, 3, 3, 3, 3, 3, 3, 3, 3, 3, 3, 3, 3, 3, 3, 3, 3, 3, 3, 3, 3, 3, 3, 3, 3, 3, 3, 3, 3, 3, 3, 3, 3, 3, 3, 3, 3, 3, 3, 3, 3, 3, 3, 3, 3, 3, 3, 3, 3, 3, 3, 3, 3, 3, 3, 3, 3, 3, 3, 3, 3, 3, 3, 3, 3, 3, 3, 3, 3, 3, 3, 3, 3, 3, 3, 3, 3, 3, 3, 3, 3, 3, 3, 3, 3, 3, 3, 3, 3, 3, 3, 3, 3, 3, 3, 3, 3, 3, 3, 3, 3, 3, 3, 3, 3, 3, 3, 3, 3, 3, 3, 3, 3, 3, 3, 3, 3, 3, 3, 3, 3, 3, 3, 3, 3, 3, 3, 3, 3, 3, 3, 3, 3, 3, 3, 3, 3, 3, 3, 3, 3, 3, 3, 3, 3, 3, 3, 3, 3, 3, 3, 3, 3, 3, 3, 3, 3, 3, 3, 3, 3, 3, 3, 3, 3, 3, 3, 3, 3, 3, 3, 3, 3, 3, 3, 3, 3, 3, 3, 3, 3, 3, 3, 3, 3, 3, 3, 3, 3, 3, 3, 3, 3, 3, 3, 3, 3, 3]
        int[] faceVertexIndices = [0, 137, 53, 137, 37, 139, 53, 139, 16, 137, 139, 53, 37, 138, 154, 138, 11, 151, 154, 151, 40, 138, 151, 154, 16, 152, 54, 152, 40, 150, 54, 150, 5, 152, 150, 54, 37, 154, 139, 154, 40, 152, 139, 152, 16, 154, 152, 139, 0, 53, 42, 53, 16, 55, 42, 55, 12, 53, 55, 42, 16, 54, 59, 54, 5, 57, 59, 57, 17, 54, 57, 59, 12, 58, 43, 58, 17, 56, 43, 56, 1, 58, 56, 43, 16, 59, 55, 59, 17, 58, 55, 58, 12, 59, 58, 55, 0, 42, 69, 42, 12, 71, 69, 71, 21, 42, 71, 69, 12, 43, 74, 43, 1, 72, 74, 72, 22, 43, 72, 74, 21, 75, 70, 75, 22, 73, 70, 73, 7, 75, 73, 70, 12, 74, 71, 74, 22, 75, 71, 75, 21, 74, 75, 71, 0, 69, 120, 69, 21, 122, 120, 122, 33, 69, 122, 120, 21, 70, 133, 70, 7, 131, 133, 131, 36, 70, 131, 133, 33, 135, 121, 135, 36, 132, 121, 132, 10, 135, 132, 121, 21, 133, 122, 133, 36, 135, 122, 135, 33, 133, 135, 122, 0, 120, 137, 120, 33, 140, 137, 140, 37, 120, 140, 137, 33, 121, 158, 121, 10, 156, 158, 156, 41, 121, 156, 158, 37, 160, 138, 160, 41, 157, 138, 157, 11, 160, 157, 138, 33, 158, 140, 158, 41, 160, 140, 160, 37, 158, 160, 140, 1, 56, 95, 56, 17, 97, 95, 97, 28, 56, 97, 95, 17, 57, 110, 57, 5, 108, 110, 108, 31, 57, 108, 110, 28, 112, 96, 112, 31, 109, 96, 109, 9, 112, 109, 96, 17, 110, 97, 110, 31, 112, 97, 112, 28, 110, 112, 97, 5, 150, 61, 150, 40, 153, 61, 153, 18, 150, 153, 61, 40, 151, 155, 151, 11, 146, 155, 146, 39, 151, 146, 155, 18, 148, 60, 148, 39, 145, 60, 145, 4, 148, 145, 60, 40, 155, 153, 155, 39, 148, 153, 148, 18, 155, 148, 153, 11, 157, 142, 157, 41, 161, 142, 161, 38, 157, 161, 142, 41, 156, 159, 156, 10, 124, 159, 124, 34, 156, 124, 159, 38, 144, 141, 144, 34, 123, 141, 123, 2, 144, 123, 141, 41, 159, 161, 159, 34, 144, 161, 144, 38, 159, 144, 161, 10, 132, 127, 132, 36, 136, 127, 136, 35, 132, 136, 127, 36, 131, 134, 131, 7, 77, 134, 77, 23, 131, 77, 134, 35, 129, 126, 129, 23, 76, 126, 76, 6, 129, 76, 126, 36, 134, 136, 134, 23, 129, 136, 129, 35, 134, 129, 136, 7, 73, 89, 73, 22, 91, 89, 91, 27, 73, 91, 89, 22, 72, 80, 72, 1, 78, 80, 78, 24, 72, 78, 80, 27, 93, 90, 93, 24, 79, 90, 79, 8, 93, 79, 90, 22, 80, 91, 80, 24, 93, 91, 93, 27, 80, 93, 91, 3, 99, 49, 99, 29, 101, 49, 101, 15, 99, 101, 49, 29, 100, 107, 100, 9, 104, 107, 104, 30, 100, 104, 107, 15, 105, 50, 105, 30, 103, 50, 103, 4, 105, 103, 50, 29, 107, 101, 107, 30, 105, 101, 105, 15, 107, 105, 101, 3, 49, 45, 49, 15, 51, 45, 51, 13, 49, 51, 45, 15, 50, 52, 50, 4, 47, 52, 47, 14, 50, 47, 52, 13, 48, 44, 48, 14, 46, 44, 46, 2, 48, 46, 44, 15, 52, 51, 52, 14, 48, 51, 48, 13, 52, 48, 51, 3, 45, 65, 45, 13, 67, 65, 67, 20, 45, 67, 65, 13, 44, 64, 44, 2, 62, 64, 62, 19, 44, 62, 64, 20, 68, 66, 68, 19, 63, 66, 63, 6, 68, 63, 66, 13, 64, 67, 64, 19, 68, 67, 68, 20, 64, 68, 67, 3, 65, 81, 65, 20, 83, 81, 83, 25, 65, 83, 81, 20, 66, 86, 66, 6, 84, 86, 84, 26, 66, 84, 86, 25, 88, 82, 88, 26, 85, 82, 85, 8, 88, 85, 82, 20, 86, 83, 86, 26, 88, 83, 88, 25, 86, 88, 83, 3, 81, 99, 81, 25, 102, 99, 102, 29, 81, 102, 99, 25, 82, 117, 82, 8, 114, 117, 114, 32, 82, 114, 117, 29, 119, 100, 119, 32, 115, 100, 115, 9, 119, 115, 100, 25, 117, 102, 117, 32, 119, 102, 119, 29, 117, 119, 102, 4, 103, 60, 103, 30, 106, 60, 106, 18, 103, 106, 60, 30, 104, 113, 104, 9, 109, 113, 109, 31, 104, 109, 113, 18, 111, 61, 111, 31, 108, 61, 108, 5, 111, 108, 61, 30, 113, 106, 113, 31, 111, 106, 111, 18, 113, 111, 106, 2, 46, 141, 46, 14, 143, 141, 143, 38, 46, 143, 141, 14, 47, 147, 47, 4, 145, 147, 145, 39, 47, 145, 147, 38, 149, 142, 149, 39, 146, 142, 146, 11, 149, 146, 142, 14, 147, 143, 147, 39, 149, 143, 149, 38, 147, 149, 143, 6, 63, 126, 63, 19, 128, 126, 128, 35, 63, 128, 126, 19, 62, 125, 62, 2, 123, 125, 123, 34, 62, 123, 125, 35, 130, 127, 130, 34, 124, 127, 124, 10, 130, 124, 127, 19, 125, 128, 125, 34, 130, 128, 130, 35, 125, 130, 128, 8, 85, 90, 85, 26, 94, 90, 94, 27, 85, 94, 90, 26, 84, 87, 84, 6, 76, 87, 76, 23, 84, 76, 87, 27, 92, 89, 92, 23, 77, 89, 77, 7, 92, 77, 89, 26, 87, 94, 87, 23, 92, 94, 92, 27, 87, 92, 94, 9, 115, 96, 115, 32, 118, 96, 118, 28, 115, 118, 96, 32, 114, 116, 114, 8, 79, 116, 79, 24, 114, 79, 116, 28, 98, 95, 98, 24, 78, 95, 78, 1, 98, 78, 95, 32, 116, 118, 116, 24, 98, 118, 98, 28, 116, 98, 118]
        point3f[] points = [(14.158831, 6.361041, 11), (15.841169, 6.361041, 11), (14.158831, 3.6389587, 11), (15.841169, 3.6389587, 11), (15, 4.15883, 12.361041), (15, 5.84117, 12.361041), (15, 4.15883, 9.638959), (15, 5.84117, 9.638959), (16.361042, 5, 10.158831), (16.361042, 5, 11.841169), (13.638959, 5, 10.158831), (13.638959, 5, 11.841169), (15, 6.6, 11), (15, 3.4, 11), (14.505573, 3.7055728, 11.8), (15.494427, 3.7055728, 11.8), (14.505573, 6.2944274, 11.8), (15.494427, 6.2944274, 11.8), (15, 5, 12.6), (14.505573, 3.7055728, 10.2), (15.494427, 3.7055728, 10.2), (14.505573, 6.2944274, 10.2), (15.494427, 6.2944274, 10.2), (15, 5, 9.4), (16.294428, 5.8, 10.505573), (16.294428, 4.2, 10.505573), (15.8, 4.505573, 9.705573), (15.8, 5.494427, 9.705573), (16.294428, 5.8, 11.494427), (16.294428, 4.2, 11.494427), (15.8, 4.505573, 12.294427), (15.8, 5.494427, 12.294427), (16.6, 5, 11), (13.705573, 5.8, 10.505573), (13.705573, 4.2, 10.505573), (14.2, 4.505573, 9.705573), (14.2, 5.494427, 9.705573), (13.705573, 5.8, 11.494427), (13.705573, 4.2, 11.494427), (14.2, 4.505573, 12.294427), (14.2, 5.494427, 12.294427), (13.4, 5, 11), (14.562774, 6.5391016, 11), (15.437226, 6.5391016, 11), (14.562774, 3.4608986, 11), (15.437226, 3.4608986, 11), (14.3057785, 3.6197305, 11.415827), (14.743005, 3.8899512, 12.123274), (14.740065, 3.4783096, 11.420585), (15.6942215, 3.6197305, 11.415827), (15.256995, 3.8899512, 12.123274), (15.259935, 3.4783096, 11.420585), (15, 3.6389587, 11.841169), (14.3057785, 6.3802695, 11.415827), (14.743005, 6.110049, 12.123274), (14.740065, 6.5216904, 11.420585), (15.6942215, 6.3802695, 11.415827), (15.256995, 6.110049, 12.123274), (15.259935, 6.5216904, 11.420585), (15, 6.361041, 11.841169), (15, 4.5627737, 12.539102), (15, 5.4372263, 12.539102), (14.3057785, 3.6197305, 10.584173), (14.743005, 3.8899512, 9.876726), (14.740065, 3.4783096, 10.579415), (15.6942215, 3.6197305, 10.584173), (15.256995, 3.8899512, 9.876726), (15.259935, 3.4783096, 10.579415), (15, 3.6389587, 10.158831), (14.3057785, 6.3802695, 10.584173), (14.743005, 6.110049, 9.876726), (14.740065, 6.5216904, 10.579415), (15.6942215, 6.3802695, 10.584173), (15.256995, 6.110049, 9.876726), (15.259935, 6.5216904, 10.579415), (15, 6.361041, 10.158831), (15, 4.5627737, 9.460898), (15, 5.4372263, 9.460898), (16.110048, 6.1232743, 10.743005), (16.38027, 5.4158273, 10.3057785), (15.940456, 6.1011057, 10.319479), (16.110048, 3.8767257, 10.743005), (16.38027, 4.5841727, 10.3057785), (15.940456, 3.8988945, 10.319479), (15.415827, 4.3057785, 9.61973), (16.123274, 4.743005, 9.889952), (15.680521, 4.0595436, 9.898894), (15.420585, 4.740064, 9.47831), (16.101105, 4.3194795, 10.059544), (15.415827, 5.6942215, 9.61973), (16.123274, 5.256995, 9.889952), (15.680521, 5.9404564, 9.898894), (15.420585, 5.259936, 9.47831), (16.101105, 5.6805205, 10.059544), (15.841169, 5, 9.638959), (16.110048, 6.1232743, 11.256995), (16.38027, 5.4158273, 11.6942215), (15.940456, 6.1011057, 11.680521), (16.361042, 5.84117, 11), (16.110048, 3.8767257, 11.256995), (16.38027, 4.5841727, 11.6942215), (15.940456, 3.8988945, 11.680521), (16.361042, 4.15883, 11), (15.415827, 4.3057785, 12.38027), (16.123274, 4.743005, 12.110048), (15.680521, 4.0595436, 12.101106), (15.420585, 4.740064, 12.52169), (16.101105, 4.3194795, 11.940456), (15.415827, 5.6942215, 12.38027), (16.123274, 5.256995, 12.110048), (15.680521, 5.9404564, 12.101106), (15.420585, 5.259936, 12.52169), (16.101105, 5.6805205, 11.940456), (15.841169, 5, 12.361041), (16.5391, 5, 10.562774), (16.5391, 5, 11.437226), (16.52169, 5.4205847, 10.740065), (16.52169, 4.5794153, 10.740065), (16.52169, 5.4205847, 11.259935), (16.52169, 4.5794153, 11.259935), (13.889952, 6.1232743, 10.743005), (13.61973, 5.4158273, 10.3057785), (14.059544, 6.1011057, 10.319479), (13.889952, 3.8767257, 10.743005), (13.61973, 4.5841727, 10.3057785), (14.059544, 3.8988945, 10.319479), (14.584173, 4.3057785, 9.61973), (13.876726, 4.743005, 9.889952), (14.319479, 4.0595436, 9.898894), (14.579415, 4.740064, 9.47831), (13.898894, 4.3194795, 10.059544), (14.584173, 5.6942215, 9.61973), (13.876726, 5.256995, 9.889952), (14.319479, 5.9404564, 9.898894), (14.579415, 5.259936, 9.47831), (13.898894, 5.6805205, 10.059544), (14.158831, 5, 9.638959), (13.889952, 6.1232743, 11.256995), (13.61973, 5.4158273, 11.6942215), (14.059544, 6.1011057, 11.680521), (13.638959, 5.84117, 11), (13.889952, 3.8767257, 11.256995), (13.61973, 4.5841727, 11.6942215), (14.059544, 3.8988945, 11.680521), (13.638959, 4.15883, 11), (14.584173, 4.3057785, 12.38027), (13.876726, 4.743005, 12.110048), (14.319479, 4.0595436, 12.101106), (14.579415, 4.740064, 12.52169), (13.898894, 4.3194795, 11.940456), (14.584173, 5.6942215, 12.38027), (13.876726, 5.256995, 12.110048), (14.319479, 5.9404564, 12.101106), (14.579415, 5.259936, 12.52169), (13.898894, 5.6805205, 11.940456), (14.158831, 5, 12.361041), (13.460898, 5, 10.562774), (13.460898, 5, 11.437226), (13.47831, 5.4205847, 10.740065), (13.47831, 4.5794153, 10.740065), (13.47831, 5.4205847, 11.259935), (13.47831, 4.5794153, 11.259935)]
    }

    def Mesh "tree_trunk_5"
    {
        int[] faceVertexCounts = [3, 3, 3, 3, 3, 3, 3, 3, 3, 3, 3, 3, 3, 3, 3, 3, 3, 3, 3, 3, 3, 3, 3, 3, 3, 3, 3, 3, 3, 3, 3, 3, 3, 3, 3, 3, 3, 3, 3, 3, 3, 3, 3, 3, 3, 3, 3, 3]
        int[] faceVertexIndices = [1, 0, 4, 1, 4, 2, 2, 4, 5, 2, 5, 3, 4, 0, 6, 4, 6, 5, 5, 6, 7, 5, 7, 3, 6, 0, 8, 6, 8, 7, 7, 8, 9, 7, 9, 3, 8, 0, 10, 8, 10, 9, 9, 10, 11, 9, 11, 3, 10, 0, 12, 10, 12, 11, 11, 12, 13, 11, 13, 3, 12, 0, 14, 12, 14, 13, 13, 14, 15, 13, 15, 3, 14, 0, 16, 14, 16, 15, 15, 16, 17, 15, 17, 3, 16, 0, 18, 16, 18, 17, 17, 18, 19, 17, 19, 3, 18, 0, 20, 18, 20, 19, 19, 20, 21, 19, 21, 3, 20, 0, 22, 20, 22, 21, 21, 22, 23, 21, 23, 3, 22, 0, 24, 22, 24, 23, 23, 24, 25, 23, 25, 3, 24, 0, 1, 24, 1, 25, 25, 1, 2, 25, 2, 3]
        point3f[] points = [(25, 2, 9), (25.3, 2, 9), (25.3, 2, 13), (25, 2, 13), (25.259808, 2.15, 9), (25.259808, 2.15, 13), (25.15, 2.2598076, 9), (25.15, 2.2598076, 13), (25, 2.3, 9), (25, 2.3, 13), (24.85, 2.2598076, 9), (24.85, 2.2598076, 13), (24.740192, 2.15, 9), (24.740192, 2.15, 13), (24.7, 2, 9), (24.7, 2, 13), (24.740192, 1.85, 9), (24.740192, 1.85, 13), (24.85, 1.7401924, 9), (24.85, 1.7401924, 13), (25, 1.7, 9), (25, 1.7, 13), (25.15, 1.7401924, 9), (25.15, 1.7401924, 13), (25.259808, 1.85, 9), (25.259808, 1.85, 13)]
    }

    def Mesh "tree_crown_5"
    {
        int[] faceVertexCounts = [3, 3, 3, 3, 3, 3, 3, 3, 3, 3, 3, 3, 3, 3, 3, 3, 3, 3, 3, 3, 3, 3, 3, 3, 3, 3, 3, 3, 3, 3, 3, 3, 3, 3, 3, 3, 3, 3, 3, 3, 3, 3, 3, 3, 3, 3, 3, 3, 3, 3, 3, 3, 3, 3, 3, 3, 3, 3, 3, 3, 3, 3, 3, 3, 3, 3, 3, 3, 3, 3, 3, 3, 3, 3, 3, 3, 3, 3, 3, 3, 3, 3, 3, 3, 3, 3, 3, 3, 3, 3, 3, 3, 3, 3, 3, 3, 3, 3, 3, 3, 3, 3, 3, 3, 3, 3, 3, 3, 3, 3, 3, 3, 3, 3, 3, 3, 3, 3, 3, 3, 3, 3, 3, 3, 3, 3, 3, 3, 3, 3, 3, 3, 3, 3, 3, 3, 3, 3, 3, 3, 3, 3, 3, 3, 3, 3, 3, 3, 3, 3, 3, 3, 3, 3, 3, 3, 3, 3, 3, 3, 3, 3, 3, 3, 3, 3, 3, 3, 3, 3, 3, 3, 3, 3, 3, 3, 3, 3, 3, 3, 3, 3, 3, 3, 3, 3, 3, 3, 3, 3, 3, 3, 3, 3, 3, 3, 3, 3, 3, 3, 3, 3, 3, 3, 3, 3, 3, 3, 3, 3, 3, 3, 3, 3, 3, 3, 3, 3, 3, 3, 3, 3, 3, 3, 3, 3, 3, 3, 3, 3, 3, 3, 3, 3, 3, 3, 3, 3, 3, 3, 3, 3, 3, 3, 3, 3, 3, 3, 3, 3, 3, 3, 3, 3, 3, 3, 3, 3, 3, 3, 3, 3, 3, 3, 3, 3, 3, 3, 3, 3, 3, 3, 3, 3, 3, 3, 3, 3, 3, 3, 3, 3, 3, 3, 3, 3, 3, 3, 3, 3, 3, 3, 3, 3, 3, 3, 3, 3, 3, 3, 3, 3, 3, 3, 3, 3, 3, 3, 3, 3, 3, 3, 3, 3, 3, 3, 3, 3, 3, 3]
        int[] faceVertexIndices = [0, 137, 53, 137, 37, 139, 53, 139, 16, 137, 139, 53, 37, 138, 154, 138, 11, 151, 154, 151, 40, 138, 151, 154, 16, 152, 54, 152, 40, 150, 54, 150, 5, 152, 150, 54, 37, 154, 139, 154, 40, 152, 139, 152, 16, 154, 152, 139, 0, 53, 42, 53, 16, 55, 42, 55, 12, 53, 55, 42, 16, 54, 59, 54, 5, 57, 59, 57, 17, 54, 57, 59, 12, 58, 43, 58, 17, 56, 43, 56, 1, 58, 56, 43, 16, 59, 55, 59, 17, 58, 55, 58, 12, 59, 58, 55, 0, 42, 69, 42, 12, 71, 69, 71, 21, 42, 71, 69, 12, 43, 74, 43, 1, 72, 74, 72, 22, 43, 72, 74, 21, 75, 70, 75, 22, 73, 70, 73, 7, 75, 73, 70, 12, 74, 71, 74, 22, 75, 71, 75, 21, 74, 75, 71, 0, 69, 120, 69, 21, 122, 120, 122, 33, 69, 122, 120, 21, 70, 133, 70, 7, 131, 133, 131, 36, 70, 131, 133, 33, 135, 121, 135, 36, 132, 121, 132, 10, 135, 132, 121, 21, 133, 122, 133, 36, 135, 122, 135, 33, 133, 135, 122, 0, 120, 137, 120, 33, 140, 137, 140, 37, 120, 140, 137, 33, 121, 158, 121, 10, 156, 158, 156, 41, 121, 156, 158, 37, 160, 138, 160, 41, 157, 138, 157, 11, 160, 157, 138, 33, 158, 140, 158, 41, 160, 140, 160, 37, 158, 160, 140, 1, 56, 95, 56, 17, 97, 95, 97, 28, 56, 97, 95, 17, 57, 110, 57, 5, 108, 110, 108, 31, 57, 108, 110, 28, 112, 96, 112, 31, 109, 96, 109, 9, 112, 109, 96, 17, 110, 97, 110, 31, 112, 97, 112, 28, 110, 112, 97, 5, 150, 61, 150, 40, 153, 61, 153, 18, 150, 153, 61, 40, 151, 155, 151, 11, 146, 155, 146, 39, 151, 146, 155, 18, 148, 60, 148, 39, 145, 60, 145, 4, 148, 145, 60, 40, 155, 153, 155, 39, 148, 153, 148, 18, 155, 148, 153, 11, 157, 142, 157, 41, 161, 142, 161, 38, 157, 161, 142, 41, 156, 159, 156, 10, 124, 159, 124, 34, 156, 124, 159, 38, 144, 141, 144, 34, 123, 141, 123, 2, 144, 123, 141, 41, 159, 161, 159, 34, 144, 161, 144, 38, 159, 144, 161, 10, 132, 127, 132, 36, 136, 127, 136, 35, 132, 136, 127, 36, 131, 134, 131, 7, 77, 134, 77, 23, 131, 77, 134, 35, 129, 126, 129, 23, 76, 126, 76, 6, 129, 76, 126, 36, 134, 136, 134, 23, 129, 136, 129, 35, 134, 129, 136, 7, 73, 89, 73, 22, 91, 89, 91, 27, 73, 91, 89, 22, 72, 80, 72, 1, 78, 80, 78, 24, 72, 78, 80, 27, 93, 90, 93, 24, 79, 90, 79, 8, 93, 79, 90, 22, 80, 91, 80, 24, 93, 91, 93, 27, 80, 93, 91, 3, 99, 49, 99, 29, 101, 49, 101, 15, 99, 101, 49, 29, 100, 107, 100, 9, 104, 107, 104, 30, 100, 104, 107, 15, 105, 50, 105, 30, 103, 50, 103, 4, 105, 103, 50, 29, 107, 101, 107, 30, 105, 101, 105, 15, 107, 105, 101, 3, 49, 45, 49, 15, 51, 45, 51, 13, 49, 51, 45, 15, 50, 52, 50, 4, 47, 52, 47, 14, 50, 47, 52, 13, 48, 44, 48, 14, 46, 44, 46, 2, 48, 46, 44, 15, 52, 51, 52, 14, 48, 51, 48, 13, 52, 48, 51, 3, 45, 65, 45, 13, 67, 65, 67, 20, 45, 67, 65, 13, 44, 64, 44, 2, 62, 64, 62, 19, 44, 62, 64, 20, 68, 66, 68, 19, 63, 66, 63, 6, 68, 63, 66, 13, 64, 67, 64, 19, 68, 67, 68, 20, 64, 68, 67, 3, 65, 81, 65, 20, 83, 81, 83, 25, 65, 83, 81, 20, 66, 86, 66, 6, 84, 86, 84, 26, 66, 84, 86, 25, 88, 82, 88, 26, 85, 82, 85, 8, 88, 85, 82, 20, 86, 83, 86, 26, 88, 83, 88, 25, 86, 88, 83, 3, 81, 99, 81, 25, 102, 99, 102, 29, 81, 102, 99, 25, 82, 117, 82, 8, 114, 117, 114, 32, 82, 114, 117, 29, 119, 100, 119, 32, 115, 100, 115, 9, 119, 115, 100, 25, 117, 102, 117, 32, 119, 102, 119, 29, 117, 119, 102, 4, 103, 60, 103, 30, 106, 60, 106, 18, 103, 106, 60, 30, 104, 113, 104, 9, 109, 113, 109, 31, 104, 109, 113, 18, 111, 61, 111, 31, 108, 61, 108, 5, 111, 108, 61, 30, 113, 106, 113, 31, 111, 106, 111, 18, 113, 111, 106, 2, 46, 141, 46, 14, 143, 141, 143, 38, 46, 143, 141, 14, 47, 147, 47, 4, 145, 147, 145, 39, 47, 145, 147, 38, 149, 142, 149, 39, 146, 142, 146, 11, 149, 146, 142, 14, 147, 143, 147, 39, 149, 143, 149, 38, 147, 149, 143, 6, 63, 126, 63, 19, 128, 126, 128, 35, 63, 128, 126, 19, 62, 125, 62, 2, 123, 125, 123, 34, 62, 123, 125, 35, 130, 127, 130, 34, 124, 127, 124, 10, 130, 124, 127, 19, 125, 128, 125, 34, 130, 128, 130, 35, 125, 130, 128, 8, 85, 90, 85, 26, 94, 90, 94, 27, 85, 94, 90, 26, 84, 87, 84, 6, 76, 87, 76, 23, 84, 76, 87, 27, 92, 89, 92, 23, 77, 89, 77, 7, 92, 77, 89, 26, 87, 94, 87, 23, 92, 94, 92, 27, 87, 92, 94, 9, 115, 96, 115, 32, 118, 96, 118, 28, 115, 118, 96, 32, 114, 116, 114, 8, 79, 116, 79, 24, 114, 79, 116, 28, 98, 95, 98, 24, 78, 95, 78, 1, 98, 78, 95, 32, 116, 118, 116, 24, 98, 118, 98, 28, 116, 98, 118]
        point3f[] points = [(24.15883, 6.361041, 11), (25.84117, 6.361041, 11), (24.15883, 3.6389587, 11), (25.84117, 3.6389587, 11), (25, 4.15883, 12.361041), (25, 5.84117, 12.361041), (25, 4.15883, 9.638959), (25, 5.84117, 9.638959), (26.361042, 5, 10.158831), (26.361042, 5, 11.841169), (23.638958, 5, 10.158831), (23.638958, 5, 11.841169), (25, 6.6, 11), (25, 3.4, 11), (24.505573, 3.7055728, 11.8), (25.494427, 3.7055728, 11.8), (24.505573, 6.2944274, 11.8), (25.494427, 6.2944274, 11.8), (25, 5, 12.6), (24.505573, 3.7055728, 10.2), (25.494427, 3.7055728, 10.2), (24.505573, 6.2944274, 10.2), (25.494427, 6.2944274, 10.2), (25, 5, 9.4), (26.294428, 5.8, 10.505573), (26.294428, 4.2, 10.505573), (25.8, 4.505573, 9.705573), (25.8, 5.494427, 9.705573), (26.294428, 5.8, 11.494427), (26.294428, 4.2, 11.494427), (25.8, 4.505573, 12.294427), (25.8, 5.494427, 12.294427), (26.6, 5, 11), (23.705572, 5.8, 10.505573), (23.705572, 4.2, 10.505573), (24.2, 4.505573, 9.705573), (24.2, 5.494427, 9.705573), (23.705572, 5.8, 11.494427), (23.705572, 4.2, 11.494427), (24.2, 4.505573, 12.294427), (24.2, 5.494427, 12.294427), (23.4, 5, 11), (24.562773, 6.5391016, 11), (25.437227, 6.5391016, 11), (24.562773, 3.4608986, 11), (25.437227, 3.4608986, 11), (24.305779, 3.6197305, 11.415827), (24.743004, 3.8899512, 12.123274), (24.740065, 3.4783096, 11.420585), (25.694221, 3.6197305, 11.415827), (25.256996, 3.8899512, 12.123274), (25.259935, 3.4783096, 11.420585), (25, 3.6389587, 11.841169), (24.305779, 6.3802695, 11.415827), (24.743004, 6.110049, 12.123274), (24.740065, 6.5216904, 11.420585), (25.694221, 6.3802695, 11.415827), (25.256996, 6.110049, 12.123274), (25.259935, 6.5216904, 11.420585), (25, 6.361041, 11.841169), (25, 4.5627737, 12.539102), (25, 5.4372263, 12.539102), (24.305779, 3.6197305, 10.584173), (24.743004, 3.8899512, 9.876726), (24.740065, 3.4783096, 10.579415), (25.694221, 3.6197305, 10.584173), (25.256996, 3.8899512, 9.876726), (25.259935, 3.4783096, 10.579415), (25, 3.6389587, 10.158831), (24.305779, 6.3802695, 10.584173), (24.743004, 6.110049, 9.876726), (24.740065, 6.5216904, 10.579415), (25.694221, 6.3802695, 10.584173), (25.256996, 6.110049, 9.876726), (25.259935, 6.5216904, 10.579415), (25, 6.361041, 10.158831), (25, 4.5627737, 9.460898), (25, 5.4372263, 9.460898), (26.110048, 6.1232743, 10.743005), (26.38027, 5.4158273, 10.3057785), (25.940456, 6.1011057, 10.319479), (26.110048, 3.8767257, 10.743005), (26.38027, 4.5841727, 10.3057785), (25.940456, 3.8988945, 10.319479), (25.415827, 4.3057785, 9.61973), (26.123274, 4.743005, 9.889952), (25.680521, 4.0595436, 9.898894), (25.420586, 4.740064, 9.47831), (26.101105, 4.3194795, 10.059544), (25.415827, 5.6942215, 9.61973), (26.123274, 5.256995, 9.889952), (25.680521, 5.9404564, 9.898894), (25.420586, 5.259936, 9.47831), (26.101105, 5.6805205, 10.059544), (25.84117, 5, 9.638959), (26.110048, 6.1232743, 11.256995), (26.38027, 5.4158273, 11.6942215), (25.940456, 6.1011057, 11.680521), (26.361042, 5.84117, 11), (26.110048, 3.8767257, 11.256995), (26.38027, 4.5841727, 11.6942215), (25.940456, 3.8988945, 11.680521), (26.361042, 4.15883, 11), (25.415827, 4.3057785, 12.38027), (26.123274, 4.743005, 12.110048), (25.680521, 4.0595436, 12.101106), (25.420586, 4.740064, 12.52169), (26.101105, 4.3194795, 11.940456), (25.415827, 5.6942215, 12.38027), (26.123274, 5.256995, 12.110048), (25.680521, 5.9404564, 12.101106), (25.420586, 5.259936, 12.52169), (26.101105, 5.6805205, 11.940456), (25.84117, 5, 12.361041), (26.5391, 5, 10.562774), (26.5391, 5, 11.437226), (26.52169, 5.4205847, 10.740065), (26.52169, 4.5794153, 10.740065), (26.52169, 5.4205847, 11.259935), (26.52169, 4.5794153, 11.259935), (23.889952, 6.1232743, 10.743005), (23.61973, 5.4158273, 10.3057785), (24.059544, 6.1011057, 10.319479), (23.889952, 3.8767257, 10.743005), (23.61973, 4.5841727, 10.3057785), (24.059544, 3.8988945, 10.319479), (24.584173, 4.3057785, 9.61973), (23.876726, 4.743005, 9.889952), (24.319479, 4.0595436, 9.898894), (24.579414, 4.740064, 9.47831), (23.898895, 4.3194795, 10.059544), (24.584173, 5.6942215, 9.61973), (23.876726, 5.256995, 9.889952), (24.319479, 5.9404564, 9.898894), (24.579414, 5.259936, 9.47831), (23.898895, 5.6805205, 10.059544), (24.15883, 5, 9.638959), (23.889952, 6.1232743, 11.256995), (23.61973, 5.4158273, 11.6942215), (24.059544, 6.1011057, 11.680521), (23.638958, 5.84117, 11), (23.889952, 3.8767257, 11.256995), (23.61973, 4.5841727, 11.6942215), (24.059544, 3.8988945, 11.680521), (23.638958, 4.15883, 11), (24.584173, 4.3057785, 12.38027), (23.876726, 4.743005, 12.110048), (24.319479, 4.0595436, 12.101106), (24.579414, 4.740064, 12.52169), (23.898895, 4.3194795, 11.940456), (24.584173, 5.6942215, 12.38027), (23.876726, 5.256995, 12.110048), (24.319479, 5.9404564, 12.101106), (24.579414, 5.259936, 12.52169), (23.898895, 5.6805205, 11.940456), (24.15883, 5, 12.361041), (23.4609, 5, 10.562774), (23.4609, 5, 11.437226), (23.47831, 5.4205847, 10.740065), (23.47831, 4.5794153, 10.740065), (23.47831, 5.4205847, 11.259935), (23.47831, 4.5794153, 11.259935)]
    }

    def Mesh "gate_l"
    {
        int[] faceVertexCounts = [3, 3, 3, 3, 3, 3, 3, 3, 3, 3, 3, 3]
        int[] faceVertexIndices = [1, 3, 0, 4, 1, 0, 0, 3, 2, 2, 4, 0, 1, 7, 3, 5, 1, 4, 5, 7, 1, 3, 7, 2, 6, 4, 2, 2, 7, 6, 6, 5, 4, 7, 5, 6]
        point3f[] points = [(-5.2, 0, 36.8), (-5.2, 0, 37.2), (-5.2, 3, 36.8), (-5.2, 3, 37.2), (-4.8, 0, 36.8), (-4.8, 0, 37.2), (-4.8, 3, 36.8), (-4.8, 3, 37.2)]
    }

    def Mesh "gate_r"
    {
        int[] faceVertexCounts = [3, 3, 3, 3, 3, 3, 3, 3, 3, 3, 3, 3]
        int[] faceVertexIndices = [1, 3, 0, 4, 1, 0, 0, 3, 2, 2, 4, 0, 1, 7, 3, 5, 1, 4, 5, 7, 1, 3, 7, 2, 6, 4, 2, 2, 7, 6, 6, 5, 4, 7, 5, 6]
        point3f[] points = [(4.8, 0, 36.8), (4.8, 0, 37.2), (4.8, 3, 36.8), (4.8, 3, 37.2), (5.2, 0, 36.8), (5.2, 0, 37.2), (5.2, 3, 36.8), (5.2, 3, 37.2)]
    }

    def Mesh "gate_arch"
    {
        int[] faceVertexCounts = [3, 3, 3, 3, 3, 3, 3, 3, 3, 3, 3, 3]
        int[] faceVertexIndices = [1, 3, 0, 4, 1, 0, 0, 3, 2, 2, 4, 0, 1, 7, 3, 5, 1, 4, 5, 7, 1, 3, 7, 2, 6, 4, 2, 2, 7, 6, 6, 5, 4, 7, 5, 6]
        point3f[] points = [(-5.5, 3, 36.8), (-5.5, 3, 37.2), (-5.5, 3.4, 36.8), (-5.5, 3.4, 37.2), (5.5, 3, 36.8), (5.5, 3, 37.2), (5.5, 3.4, 36.8), (5.5, 3.4, 37.2)]
    }

    def Mesh "bike_rack_0"
    {
        int[] faceVertexCounts = [3, 3, 3, 3, 3, 3, 3, 3, 3, 3, 3, 3, 3, 3, 3, 3, 3, 3, 3, 3, 3, 3, 3, 3, 3, 3, 3, 3, 3, 3, 3, 3, 3, 3, 3, 3, 3, 3, 3, 3, 3, 3, 3, 3, 3, 3, 3, 3]
        int[] faceVertexIndices = [1, 0, 4, 1, 4, 2, 2, 4, 5, 2, 5, 3, 4, 0, 6, 4, 6, 5, 5, 6, 7, 5, 7, 3, 6, 0, 8, 6, 8, 7, 7, 8, 9, 7, 9, 3, 8, 0, 10, 8, 10, 9, 9, 10, 11, 9, 11, 3, 10, 0, 12, 10, 12, 11, 11, 12, 13, 11, 13, 3, 12, 0, 14, 12, 14, 13, 13, 14, 15, 13, 15, 3, 14, 0, 16, 14, 16, 15, 15, 16, 17, 15, 17, 3, 16, 0, 18, 16, 18, 17, 17, 18, 19, 17, 19, 3, 18, 0, 20, 18, 20, 19, 19, 20, 21, 19, 21, 3, 20, 0, 22, 20, 22, 21, 21, 22, 23, 21, 23, 3, 22, 0, 24, 22, 24, 23, 23, 24, 25, 23, 25, 3, 24, 0, 1, 24, 1, 25, 25, 1, 2, 25, 2, 3]
        point3f[] points = [(-18, 0.6, 14.4), (-17.95, 0.6, 14.4), (-17.95, 0.6, 15.6), (-18, 0.6, 15.6), (-17.9567, 0.625, 14.4), (-17.9567, 0.625, 15.6), (-17.975, 0.64330125, 14.4), (-17.975, 0.64330125, 15.6), (-18, 0.65, 14.4), (-18, 0.65, 15.6), (-18.025, 0.64330125, 14.4), (-18.025, 0.64330125, 15.6), (-18.0433, 0.625, 14.4), (-18.0433, 0.625, 15.6), (-18.05, 0.6, 14.4), (-18.05, 0.6, 15.6), (-18.0433, 0.575, 14.4), (-18.0433, 0.575, 15.6), (-18.025, 0.55669874, 14.4), (-18.025, 0.55669874, 15.6), (-18, 0.55, 14.4), (-18, 0.55, 15.6), (-17.975, 0.55669874, 14.4), (-17.975, 0.55669874, 15.6), (-17.9567, 0.575, 14.4), (-17.9567, 0.575, 15.6)]
    }

    def Mesh "bike_rack_1"
    {
        int[] faceVertexCounts = [3, 3, 3, 3, 3, 3, 3, 3, 3, 3, 3, 3, 3, 3, 3, 3, 3, 3, 3, 3, 3, 3, 3, 3, 3, 3, 3, 3, 3, 3, 3, 3, 3, 3, 3, 3, 3, 3, 3, 3, 3, 3, 3, 3, 3, 3, 3, 3]
        int[] faceVertexIndices = [1, 0, 4, 1, 4, 2, 2, 4, 5, 2, 5, 3, 4, 0, 6, 4, 6, 5, 5, 6, 7, 5, 7, 3, 6, 0, 8, 6, 8, 7, 7, 8, 9, 7, 9, 3, 8, 0, 10, 8, 10, 9, 9, 10, 11, 9, 11, 3, 10, 0, 12, 10, 12, 11, 11, 12, 13, 11, 13, 3, 12, 0, 14, 12, 14, 13, 13, 14, 15, 13, 15, 3, 14, 0, 16, 14, 16, 15, 15, 16, 17, 15, 17, 3, 16, 0, 18, 16, 18, 17, 17, 18, 19, 17, 19, 3, 18, 0, 20, 18, 20, 19, 19, 20, 21, 19, 21, 3, 20, 0, 22, 20, 22, 21, 21, 22, 23, 21, 23, 3, 22, 0, 24, 22, 24, 23, 23, 24, 25, 23, 25, 3, 24, 0, 1, 24, 1, 25, 25, 1, 2, 25, 2, 3]
        point3f[] points = [(-16.8, 0.6, 14.4), (-16.75, 0.6, 14.4), (-16.75, 0.6, 15.6), (-16.8, 0.6, 15.6), (-16.756699, 0.625, 14.4), (-16.756699, 0.625, 15.6), (-16.775, 0.64330125, 14.4), (-16.775, 0.64330125, 15.6), (-16.8, 0.65, 14.4), (-16.8, 0.65, 15.6), (-16.825, 0.64330125, 14.4), (-16.825, 0.64330125, 15.6), (-16.843302, 0.625, 14.4), (-16.843302, 0.625, 15.6), (-16.85, 0.6, 14.4), (-16.85, 0.6, 15.6), (-16.843302, 0.575, 14.4), (-16.843302, 0.575, 15.6), (-16.825, 0.55669874, 14.4), (-16.825, 0.55669874, 15.6), (-16.8, 0.55, 14.4), (-16.8, 0.55, 15.6), (-16.775, 0.55669874, 14.4), (-16.775, 0.55669874, 15.6), (-16.756699, 0.575, 14.4), (-16.756699, 0.575, 15.6)]
    }

    def Mesh "bike_rack_2"
    {
        int[] faceVertexCounts = [3, 3, 3, 3, 3, 3, 3, 3, 3, 3, 3, 3, 3, 3, 3, 3, 3, 3, 3, 3, 3, 3, 3, 3, 3, 3, 3, 3, 3, 3, 3, 3, 3, 3, 3, 3, 3, 3, 3, 3, 3, 3, 3, 3, 3, 3, 3, 3]
        int[] faceVertexIndices = [1, 0, 4, 1, 4, 2, 2, 4, 5, 2, 5, 3, 4, 0, 6, 4, 6, 5, 5, 6, 7, 5, 7, 3, 6, 0, 8, 6, 8, 7, 7, 8, 9, 7, 9, 3, 8, 0, 10, 8, 10, 9, 9, 10, 11, 9, 11, 3, 10, 0, 12, 10, 12, 11, 11, 12, 13, 11, 13, 3, 12, 0, 14, 12, 14, 13, 13, 14, 15, 13, 15, 3, 14, 0, 16, 14, 16, 15, 15, 16, 17, 15, 17, 3, 16, 0, 18, 16, 18, 17, 17, 18, 19, 17, 19, 3, 18, 0, 20, 18, 20, 19, 19, 20, 21, 19, 21, 3, 20, 0, 22, 20, 22, 21, 21, 22, 23, 21, 23, 3, 22, 0, 24, 22, 24, 23, 23, 24, 25, 23, 25, 3, 24, 0, 1, 24, 1, 25, 25, 1, 2, 25, 2, 3]
        point3f[] points = [(-15.6, 0.6, 14.4), (-15.55, 0.6, 14.4), (-15.55, 0.6, 15.6), (-15.6, 0.6, 15.6), (-15.556699, 0.625, 14.4), (-15.556699, 0.625, 15.6), (-15.575, 0.64330125, 14.4), (-15.575, 0.64330125, 15.6), (-15.6, 0.65, 14.4), (-15.6, 0.65, 15.6), (-15.625, 0.64330125, 14.4), (-15.625, 0.64330125, 15.6), (-15.643301, 0.625, 14.4), (-15.643301, 0.625, 15.6), (-15.65, 0.6, 14.4), (-15.65, 0.6, 15.6), (-15.643301, 0.575, 14.4), (-15.643301, 0.575, 15.6), (-15.625, 0.55669874, 14.4), (-15.625, 0.55669874, 15.6), (-15.6, 0.55, 14.4), (-15.6, 0.55, 15.6), (-15.575, 0.55669874, 14.4), (-15.575, 0.55669874, 15.6), (-15.556699, 0.575, 14.4), (-15.556699, 0.575, 15.6)]
    }

    def Mesh "bike_rack_3"
    {
        int[] faceVertexCounts = [3, 3, 3, 3, 3, 3, 3, 3, 3, 3, 3, 3, 3, 3, 3, 3, 3, 3, 3, 3, 3, 3, 3, 3, 3, 3, 3, 3, 3, 3, 3, 3, 3, 3, 3, 3, 3, 3, 3, 3, 3, 3, 3, 3, 3, 3, 3, 3]
        int[] faceVertexIndices = [1, 0, 4, 1, 4, 2, 2, 4, 5, 2, 5, 3, 4, 0, 6, 4, 6, 5, 5, 6, 7, 5, 7, 3, 6, 0, 8, 6, 8, 7, 7, 8, 9, 7, 9, 3, 8, 0, 10, 8, 10, 9, 9, 10, 11, 9, 11, 3, 10, 0, 12, 10, 12, 11, 11, 12, 13, 11, 13, 3, 12, 0, 14, 12, 14, 13, 13, 14, 15, 13, 15, 3, 14, 0, 16, 14, 16, 15, 15, 16, 17, 15, 17, 3, 16, 0, 18, 16, 18, 17, 17, 18, 19, 17, 19, 3, 18, 0, 20, 18, 20, 19, 19, 20, 21, 19, 21, 3, 20, 0, 22, 20, 22, 21, 21, 22, 23, 21, 23, 3, 22, 0, 24, 22, 24, 23, 23, 24, 25, 23, 25, 3, 24, 0, 1, 24, 1, 25, 25, 1, 2, 25, 2, 3]
        point3f[] points = [(-14.4, 0.6, 14.4), (-14.35, 0.6, 14.4), (-14.35, 0.6, 15.6), (-14.4, 0.6, 15.6), (-14.356699, 0.625, 14.4), (-14.356699, 0.625, 15.6), (-14.375, 0.64330125, 14.4), (-14.375, 0.64330125, 15.6), (-14.4, 0.65, 14.4), (-14.4, 0.65, 15.6), (-14.425, 0.64330125, 14.4), (-14.425, 0.64330125, 15.6), (-14.443301, 0.625, 14.4), (-14.443301, 0.625, 15.6), (-14.45, 0.6, 14.4), (-14.45, 0.6, 15.6), (-14.443301, 0.575, 14.4), (-14.443301, 0.575, 15.6), (-14.425, 0.55669874, 14.4), (-14.425, 0.55669874, 15.6), (-14.4, 0.55, 14.4), (-14.4, 0.55, 15.6), (-14.375, 0.55669874, 14.4), (-14.375, 0.55669874, 15.6), (-14.356699, 0.575, 14.4), (-14.356699, 0.575, 15.6)]
    }

    def Mesh "bike_rack_4"
    {
        int[] faceVertexCounts = [3, 3, 3, 3, 3, 3, 3, 3, 3, 3, 3, 3, 3, 3, 3, 3, 3, 3, 3, 3, 3, 3, 3, 3, 3, 3, 3, 3, 3, 3, 3, 3, 3, 3, 3, 3, 3, 3, 3, 3, 3, 3, 3, 3, 3, 3, 3, 3]
        int[] faceVertexIndices = [1, 0, 4, 1, 4, 2, 2, 4, 5, 2, 5, 3, 4, 0, 6, 4, 6, 5, 5, 6, 7, 5, 7, 3, 6, 0, 8, 6, 8, 7, 7, 8, 9, 7, 9, 3, 8, 0, 10, 8, 10, 9, 9, 10, 11, 9, 11, 3, 10, 0, 12, 10, 12, 11, 11, 12, 13, 11, 13, 3, 12, 0, 14, 12, 14, 13, 13, 14, 15, 13, 15, 3, 14, 0, 16, 14, 16, 15, 15, 16, 17, 15, 17, 3, 16, 0, 18, 16, 18, 17, 17, 18, 19, 17, 19, 3, 18, 0, 20, 18, 20, 19, 19, 20, 21, 19, 21, 3, 20, 0, 22, 20, 22, 21, 21, 22, 23, 21, 23, 3, 22, 0, 24, 22, 24, 23, 23, 24, 25, 23, 25, 3, 24, 0, 1, 24, 1, 25, 25, 1, 2, 25, 2, 3]
        point3f[] points = [(-13.2, 0.6, 14.4), (-13.15, 0.6, 14.4), (-13.15, 0.6, 15.6), (-13.2, 0.6, 15.6), (-13.156699, 0.625, 14.4), (-13.156699, 0.625, 15.6), (-13.175, 0.64330125, 14.4), (-13.175, 0.64330125, 15.6), (-13.2, 0.65, 14.4), (-13.2, 0.65, 15.6), (-13.225, 0.64330125, 14.4), (-13.225, 0.64330125, 15.6), (-13.243301, 0.625, 14.4), (-13.243301, 0.625, 15.6), (-13.25, 0.6, 14.4), (-13.25, 0.6, 15.6), (-13.243301, 0.575, 14.4), (-13.243301, 0.575, 15.6), (-13.225, 0.55669874, 14.4), (-13.225, 0.55669874, 15.6), (-13.2, 0.55, 14.4), (-13.2, 0.55, 15.6), (-13.175, 0.55669874, 14.4), (-13.175, 0.55669874, 15.6), (-13.156699, 0.575, 14.4), (-13.156699, 0.575, 15.6)]
    }

    def Mesh "bike_rack_5"
    {
        int[] faceVertexCounts = [3, 3, 3, 3, 3, 3, 3, 3, 3, 3, 3, 3, 3, 3, 3, 3, 3, 3, 3, 3, 3, 3, 3, 3, 3, 3, 3, 3, 3, 3, 3, 3, 3, 3, 3, 3, 3, 3, 3, 3, 3, 3, 3, 3, 3, 3, 3, 3]
        int[] faceVertexIndices = [1, 0, 4, 1, 4, 2, 2, 4, 5, 2, 5, 3, 4, 0, 6, 4, 6, 5, 5, 6, 7, 5, 7, 3, 6, 0, 8, 6, 8, 7, 7, 8, 9, 7, 9, 3, 8, 0, 10, 8, 10, 9, 9, 10, 11, 9, 11, 3, 10, 0, 12, 10, 12, 11, 11, 12, 13, 11, 13, 3, 12, 0, 14, 12, 14, 13, 13, 14, 15, 13, 15, 3, 14, 0, 16, 14, 16, 15, 15, 16, 17, 15, 17, 3, 16, 0, 18, 16, 18, 17, 17, 18, 19, 17, 19, 3, 18, 0, 20, 18, 20, 19, 19, 20, 21, 19, 21, 3, 20, 0, 22, 20, 22, 21, 21, 22, 23, 21, 23, 3, 22, 0, 24, 22, 24, 23, 23, 24, 25, 23, 25, 3, 24, 0, 1, 24, 1, 25, 25, 1, 2, 25, 2, 3]
        point3f[] points = [(-12, 0.6, 14.4), (-11.95, 0.6, 14.4), (-11.95, 0.6, 15.6), (-12, 0.6, 15.6), (-11.956698, 0.625, 14.4), (-11.956698, 0.625, 15.6), (-11.975, 0.64330125, 14.4), (-11.975, 0.64330125, 15.6), (-12, 0.65, 14.4), (-12, 0.65, 15.6), (-12.025, 0.64330125, 14.4), (-12.025, 0.64330125, 15.6), (-12.043302, 0.625, 14.4), (-12.043302, 0.625, 15.6), (-12.05, 0.6, 14.4), (-12.05, 0.6, 15.6), (-12.043302, 0.575, 14.4), (-12.043302, 0.575, 15.6), (-12.025, 0.55669874, 14.4), (-12.025, 0.55669874, 15.6), (-12, 0.55, 14.4), (-12, 0.55, 15.6), (-11.975, 0.55669874, 14.4), (-11.975, 0.55669874, 15.6), (-11.956698, 0.575, 14.4), (-11.956698, 0.575, 15.6)]
    }

    def Mesh "bike_rack_6"
    {
        int[] faceVertexCounts = [3, 3, 3, 3, 3, 3, 3, 3, 3, 3, 3, 3, 3, 3, 3, 3, 3, 3, 3, 3, 3, 3, 3, 3, 3, 3, 3, 3, 3, 3, 3, 3, 3, 3, 3, 3, 3, 3, 3, 3, 3, 3, 3, 3, 3, 3, 3, 3]
        int[] faceVertexIndices = [1, 0, 4, 1, 4, 2, 2, 4, 5, 2, 5, 3, 4, 0, 6, 4, 6, 5, 5, 6, 7, 5, 7, 3, 6, 0, 8, 6, 8, 7, 7, 8, 9, 7, 9, 3, 8, 0, 10, 8, 10, 9, 9, 10, 11, 9, 11, 3, 10, 0, 12, 10, 12, 11, 11, 12, 13, 11, 13, 3, 12, 0, 14, 12, 14, 13, 13, 14, 15, 13, 15, 3, 14, 0, 16, 14, 16, 15, 15, 16, 17, 15, 17, 3, 16, 0, 18, 16, 18, 17, 17, 18, 19, 17, 19, 3, 18, 0, 20, 18, 20, 19, 19, 20, 21, 19, 21, 3, 20, 0, 22, 20, 22, 21, 21, 22, 23, 21, 23, 3, 22, 0, 24, 22, 24, 23, 23, 24, 25, 23, 25, 3, 24, 0, 1, 24, 1, 25, 25, 1, 2, 25, 2, 3]
        point3f[] points = [(-10.8, 0.6, 14.4), (-10.75, 0.6, 14.4), (-10.75, 0.6, 15.6), (-10.8, 0.6, 15.6), (-10.756699, 0.625, 14.4), (-10.756699, 0.625, 15.6), (-10.775, 0.64330125, 14.4), (-10.775, 0.64330125, 15.6), (-10.8, 0.65, 14.4), (-10.8, 0.65, 15.6), (-10.825, 0.64330125, 14.4), (-10.825, 0.64330125, 15.6), (-10.843301, 0.625, 14.4), (-10.843301, 0.625, 15.6), (-10.85, 0.6, 14.4), (-10.85, 0.6, 15.6), (-10.843301, 0.575, 14.4), (-10.843301, 0.575, 15.6), (-10.825, 0.55669874, 14.4), (-10.825, 0.55669874, 15.6), (-10.8, 0.55, 14.4), (-10.8, 0.55, 15.6), (-10.775, 0.55669874, 14.4), (-10.775, 0.55669874, 15.6), (-10.756699, 0.575, 14.4), (-10.756699, 0.575, 15.6)]
    }

    def Mesh "bike_rack_7"
    {
        int[] faceVertexCounts = [3, 3, 3, 3, 3, 3, 3, 3, 3, 3, 3, 3, 3, 3, 3, 3, 3, 3, 3, 3, 3, 3, 3, 3, 3, 3, 3, 3, 3, 3, 3, 3, 3, 3, 3, 3, 3, 3, 3, 3, 3, 3, 3, 3, 3, 3, 3, 3]
        int[] faceVertexIndices = [1, 0, 4, 1, 4, 2, 2, 4, 5, 2, 5, 3, 4, 0, 6, 4, 6, 5, 5, 6, 7, 5, 7, 3, 6, 0, 8, 6, 8, 7, 7, 8, 9, 7, 9, 3, 8, 0, 10, 8, 10, 9, 9, 10, 11, 9, 11, 3, 10, 0, 12, 10, 12, 11, 11, 12, 13, 11, 13, 3, 12, 0, 14, 12, 14, 13, 13, 14, 15, 13, 15, 3, 14, 0, 16, 14, 16, 15, 15, 16, 17, 15, 17, 3, 16, 0, 18, 16, 18, 17, 17, 18, 19, 17, 19, 3, 18, 0, 20, 18, 20, 19, 19, 20, 21, 19, 21, 3, 20, 0, 22, 20, 22, 21, 21, 22, 23, 21, 23, 3, 22, 0, 24, 22, 24, 23, 23, 24, 25, 23, 25, 3, 24, 0, 1, 24, 1, 25, 25, 1, 2, 25, 2, 3]
        point3f[] points = [(-9.6, 0.6, 14.4), (-9.55, 0.6, 14.4), (-9.55, 0.6, 15.6), (-9.6, 0.6, 15.6), (-9.556699, 0.625, 14.4), (-9.556699, 0.625, 15.6), (-9.575, 0.64330125, 14.4), (-9.575, 0.64330125, 15.6), (-9.6, 0.65, 14.4), (-9.6, 0.65, 15.6), (-9.625, 0.64330125, 14.4), (-9.625, 0.64330125, 15.6), (-9.643301, 0.625, 14.4), (-9.643301, 0.625, 15.6), (-9.65, 0.6, 14.4), (-9.65, 0.6, 15.6), (-9.643301, 0.575, 14.4), (-9.643301, 0.575, 15.6), (-9.625, 0.55669874, 14.4), (-9.625, 0.55669874, 15.6), (-9.6, 0.55, 14.4), (-9.6, 0.55, 15.6), (-9.575, 0.55669874, 14.4), (-9.575, 0.55669874, 15.6), (-9.556699, 0.575, 14.4), (-9.556699, 0.575, 15.6)]
    }

    def "Lights"
    {
        def DistantLight "sun"
        {
            float inputs:intensity = 3200
            double3 xformOp:translate = (40, 30, 40)
            uniform token[] xformOpOrder = ["xformOp:translate"]
        }
    }

    def "Cameras"
    {
        def Camera "front_entrance"
        {
            float focalLength = 34.57768
            float horizontalAperture = 36
            float verticalAperture = 24
            matrix4d xformOp:transform = ( (1, -0, 0, 0), (0, 0.9995120760870788, 0.031234752377721213, 0), (-0, -0.031234752377721213, 0.9995120760870788, 0), (0, 4, 32, 1) )
            uniform token[] xformOpOrder = ["xformOp:transform"]
        }

        def Camera "gate_approach"
        {
            float focalLength = 31.176914
            float horizontalAperture = 36
            float verticalAperture = 24
            matrix4d xformOp:transform = ( (1, -0, 0, 0), (0, 0.9992009587217896, 0.03996803834887158, 0), (-0, -0.039968038348871575, 0.9992009587217894, 0), (0, 1.6, 35, 1) )
            uniform token[] xformOpOrder = ["xformOp:transform"]
        }

        def Camera "side_gym"
        {
            float focalLength = 38.601124
            float horizontalAperture = 36
            float verticalAperture = 24
            matrix4d xformOp:transform = ( (0.6246950475544242, -0, 0.7808688094430303, 0), (-0.048685584042214076, 0.9980544728653884, 0.03894846723377125, 0), (-0.779349607985687, -0.06234796863885496, 0.6234796863885496, 0), (-50, 4, 20, 1) )
            uniform token[] xformOpOrder = ["xformOp:transform"]
        }

        def Camera "aerial"
        {
            float focalLength = 34.57768
            float horizontalAperture = 36
            float verticalAperture = 24
            matrix4d xformOp:transform = ( (0.7592566023652966, 0, -0.6507913734559685, 0), (-0.2803027953293016, 0.9024900607193423, -0.3270199278841852, 0), (0.5873327461459011, 0.4307106805069941, 0.6852215371702179, 0), (30, 30, 40, 1) )
            uniform token[] xformOpOrder = ["xformOp:transform"]
        }

        def Camera "yard_pov"
        {
            float focalLength = 25.706665
            float horizontalAperture = 36
            float verticalAperture = 24
            matrix4d xformOp:transform = ( (1, -0, 0, 0), (0, 0.9941021766079947, 0.10844751017541761, 0), (-0, -0.10844751017541761, 0.9941021766079947, 0), (-5, 1.6, 17, 1) )
            uniform token[] xformOpOrder = ["xformOp:transform"]
        }
    }
}

