#usda 1.0
(
    defaultPrim = "Bedroom"
    upAxis = "Y"
)

def Xform "Bedroom"
{
    def Mesh "floor"
    {
        int[] faceVertexCounts = [3, 3, 3, 3, 3, 3, 3, 3, 3, 3, 3, 3]
        int[] faceVertexIndices = [1, 3, 0, 4, 1, 0, 0, 3, 2, 2, 4, 0, 1, 7, 3, 5, 1, 4, 5, 7, 1, 3, 7, 2, 6, 4, 2, 2, 7, 6, 6, 5, 4, 7, 5, 6]
        point3f[] points = [(0, -0.01, 0), (0, -0.01, 4), (0, 0.01, 0), (0, 0.01, 4), (4, -0.01, 0), (4, -0.01, 4), (4, 0.01, 0), (4, 0.01, 4)]
    }

    def Mesh "ceiling"
    {
        int[] faceVertexCounts = [3, 3, 3, 3, 3, 3, 3, 3, 3, 3, 3, 3]
        int[] faceVertexIndices = [1, 3, 0, 4, 1, 0, 0, 3, 2, 2, 4, 0, 1, 7, 3, 5, 1, 4, 5, 7, 1, 3, 7, 2, 6, 4, 2, 2, 7, 6, 6, 5, 4, 7, 5, 6]
        point3f[] points = [(0, 2.49, 0), (0, 2.49, 4), (0, 2.51, 0), (0, 2.51, 4), (4, 2.49, 0), (4, 2.49, 4), (4, 2.51, 0), (4, 2.51, 4)]
    }

    def Mesh "wall_n"
    {
        int[] faceVertexCounts = [3, 3, 3, 3, 3, 3, 3, 3, 3, 3, 3, 3]
        int[] faceVertexIndices = [1, 3, 0, 4, 1, 0, 0, 3, 2, 2, 4, 0, 1, 7, 3, 5, 1, 4, 5, 7, 1, 3, 7, 2, 6, 4, 2, 2, 7, 6, 6, 5, 4, 7, 5, 6]
        point3f[] points = [(0, 0, -0.025), (0, 0, 0.025), (0, 2.5, -0.025), (0, 2.5, 0.025), (4, 0, -0.025), (4, 0, 0.025), (4, 2.5, -0.025), (4, 2.5, 0.025)]
    }

    def Mesh "wall_s"
    {
        int[] faceVertexCounts = [3, 3, 3, 3, 3, 3, 3, 3, 3, 3, 3, 3]
        int[] faceVertexIndices = [1, 3, 0, 4, 1, 0, 0, 3, 2, 2, 4, 0, 1, 7, 3, 5, 1, 4, 5, 7, 1, 3, 7, 2, 6, 4, 2, 2, 7, 6, 6, 5, 4, 7, 5, 6]
        point3f[] points = [(0, 0, 3.975), (0, 0, 4.025), (0, 2.5, 3.975), (0, 2.5, 4.025), (4, 0, 3.975), (4, 0, 4.025), (4, 2.5, 3.975), (4, 2.5, 4.025)]
    }

    def Mesh "wall_e"
    {
        int[] faceVertexCounts = [3, 3, 3, 3, 3, 3, 3, 3, 3, 3, 3, 3]
        int[] faceVertexIndices = [1, 3, 0, 4, 1, 0, 0, 3, 2, 2, 4, 0, 1, 7, 3, 5, 1, 4, 5, 7, 1, 3, 7, 2, 6, 4, 2, 2, 7, 6, 6, 5, 4, 7, 5, 6]
        point3f[] points = [(3.975, 0, 0), (3.975, 0, 4), (3.975, 2.5, 0), (3.975, 2.5, 4), (4.025, 0, 0), (4.025, 0, 4), (4.025, 2.5, 0), (4.025, 2.5, 4)]
    }

    def Mesh "wall_w"
    {
        int[] faceVertexCounts = [3, 3, 3, 3, 3, 3, 3, 3, 3, 3, 3, 3]
        int[] faceVertexIndices = [1, 3, 0, 4, 1, 0, 0, 3, 2, 2, 4, 0, 1, 7, 3, 5, 1, 4, 5, 7, 1, 3, 7, 2, 6, 4, 2, 2, 7, 6, 6, 5, 4, 7, 5, 6]
        point3f[] points = [(-0.025, 0, 0), (-0.025, 0, 4), (-0.025, 2.5, 0), (-0.025, 2.5, 4), (0.025, 0, 0), (0.025, 0, 4), (0.025, 2.5, 0), (0.025, 2.5, 4)]
    }

    def Mesh "window_frame"
    {
        int[] faceVertexCounts = [3, 3, 3, 3, 3, 3, 3, 3, 3, 3, 3, 3]
        int[] faceVertexIndices = [1, 3, 0, 4, 1, 0, 0, 3, 2, 2, 4, 0, 1, 7, 3, 5, 1, 4, 5, 7, 1, 3, 7, 2, 6, 4, 2, 2, 7, 6, 6, 5, 4, 7, 5, 6]
        point3f[] points = [(1.3, 0.8, 0.02), (1.3, 0.8, 0.06), (1.3, 2.2, 0.02), (1.3, 2.2, 0.06), (2.7, 0.8, 0.02), (2.7, 0.8, 0.06), (2.7, 2.2, 0.02), (2.7, 2.2, 0.06)]
    }

    def Mesh "window_pane"
    {
        int[] faceVertexCounts = [3, 3, 3, 3, 3, 3, 3, 3, 3, 3, 3, 3]
        int[] faceVertexIndices = [1, 3, 0, 4, 1, 0, 0, 3, 2, 2, 4, 0, 1, 7, 3, 5, 1, 4, 5, 7, 1, 3, 7, 2, 6, 4, 2, 2, 7, 6, 6, 5, 4, 7, 5, 6]
        point3f[] points = [(1.4, 0.9, 0.055), (1.4, 0.9, 0.065), (1.4, 2.1, 0.055), (1.4, 2.1, 0.065), (2.6, 0.9, 0.055), (2.6, 0.9, 0.065), (2.6, 2.1, 0.055), (2.6, 2.1, 0.065)]
    }

    def Mesh "curtain_l"
    {
        int[] faceVertexCounts = [3, 3, 3, 3, 3, 3, 3, 3, 3, 3, 3, 3]
        int[] faceVertexIndices = [1, 3, 0, 4, 1, 0, 0, 3, 2, 2, 4, 0, 1, 7, 3, 5, 1, 4, 5, 7, 1, 3, 7, 2, 6, 4, 2, 2, 7, 6, 6, 5, 4, 7, 5, 6]
        point3f[] points = [(1.225, 0.75, 0.08), (1.225, 0.75, 0.12), (1.225, 2.25, 0.08), (1.225, 2.25, 0.12), (1.375, 0.75, 0.08), (1.375, 0.75, 0.12), (1.375, 2.25, 0.08), (1.375, 2.25, 0.12)]
    }

    def Mesh "curtain_r"
    {
        int[] faceVertexCounts = [3, 3, 3, 3, 3, 3, 3, 3, 3, 3, 3, 3]
        int[] faceVertexIndices = [1, 3, 0, 4, 1, 0, 0, 3, 2, 2, 4, 0, 1, 7, 3, 5, 1, 4, 5, 7, 1, 3, 7, 2, 6, 4, 2, 2, 7, 6, 6, 5, 4, 7, 5, 6]
        point3f[] points = [(2.625, 0.75, 0.08), (2.625, 0.75, 0.12), (2.625, 2.25, 0.08), (2.625, 2.25, 0.12), (2.775, 0.75, 0.08), (2.775, 0.75, 0.12), (2.775, 2.25, 0.08), (2.775, 2.25, 0.12)]
    }

    def Mesh "bed"
    {
        int[] faceVertexCounts = [3, 3, 3, 3, 3, 3, 3, 3, 3, 3, 3, 3]
        int[] faceVertexIndices = [1, 3, 0, 4, 1, 0, 0, 3, 2, 2, 4, 0, 1, 7, 3, 5, 1, 4, 5, 7, 1, 3, 7, 2, 6, 4, 2, 2, 7, 6, 6, 5, 4, 7, 5, 6]
        point3f[] points = [(0.25, 0.025, 0.5), (0.25, 0.025, 2.5), (0.25, 0.375, 0.5), (0.25, 0.375, 2.5), (1.45, 0.025, 0.5), (1.45, 0.025, 2.5), (1.45, 0.375, 0.5), (1.45, 0.375, 2.5)]
    }

    def Mesh "mattress"
    {
        int[] faceVertexCounts = [3, 3, 3, 3, 3, 3, 3, 3, 3, 3, 3, 3]
        int[] faceVertexIndices = [1, 3, 0, 4, 1, 0, 0, 3, 2, 2, 4, 0, 1, 7, 3, 5, 1, 4, 5, 7, 1, 3, 7, 2, 6, 4, 2, 2, 7, 6, 6, 5, 4, 7, 5, 6]
        point3f[] points = [(0.275, 0.37, 0.525), (0.275, 0.37, 2.475), (0.275, 0.49, 0.525), (0.275, 0.49, 2.475), (1.425, 0.37, 0.525), (1.425, 0.37, 2.475), (1.425, 0.49, 0.525), (1.425, 0.49, 2.475)]
    }

    def Mesh "blanket"
    {
        int[] faceVertexCounts = [3, 3, 3, 3, 3, 3, 3, 3, 3, 3, 3, 3]
        int[] faceVertexIndices = [1, 3, 0, 4, 1, 0, 0, 3, 2, 2, 4, 0, 1, 7, 3, 5, 1, 4, 5, 7, 1, 3, 7, 2, 6, 4, 2, 2, 7, 6, 6, 5, 4, 7, 5, 6]
        point3f[] points = [(0.3, 0.47, 0.475), (0.3, 0.47, 2.125), (0.3, 0.53, 0.475), (0.3, 0.53, 2.125), (1.4, 0.47, 0.475), (1.4, 0.47, 2.125), (1.4, 0.53, 0.475), (1.4, 0.53, 2.125)]
    }

    def Mesh "pillow_a"
    {
        int[] faceVertexCounts = [3, 3, 3, 3, 3, 3, 3, 3, 3, 3, 3, 3]
        int[] faceVertexIndices = [1, 3, 0, 4, 1, 0, 0, 3, 2, 2, 4, 0, 1, 7, 3, 5, 1, 4, 5, 7, 1, 3, 7, 2, 6, 4, 2, 2, 7, 6, 6, 5, 4, 7, 5, 6]
        point3f[] points = [(0.375, 0.5, 2.15), (0.375, 0.5, 2.45), (0.375, 0.6, 2.15), (0.375, 0.6, 2.45), (0.925, 0.5, 2.15), (0.925, 0.5, 2.45), (0.925, 0.6, 2.15), (0.925, 0.6, 2.45)]
    }

    def Mesh "pillow_b"
    {
        int[] faceVertexCounts = [3, 3, 3, 3, 3, 3, 3, 3, 3, 3, 3, 3]
        int[] faceVertexIndices = [1, 3, 0, 4, 1, 0, 0, 3, 2, 2, 4, 0, 1, 7, 3, 5, 1, 4, 5, 7, 1, 3, 7, 2, 6, 4, 2, 2, 7, 6, 6, 5, 4, 7, 5, 6]
        point3f[] points = [(0.8, 0.51, 2.21), (0.8, 0.51, 2.49), (0.8, 0.59, 2.21), (0.8, 0.59, 2.49), (1.3, 0.51, 2.21), (1.3, 0.51, 2.49), (1.3, 0.59, 2.21), (1.3, 0.59, 2.49)]
    }

    def Mesh "zabuton"
    {
        int[] faceVertexCounts = [3, 3, 3, 3, 3, 3, 3, 3, 3, 3, 3, 3]
        int[] faceVertexIndices = [1, 3, 0, 4, 1, 0, 0, 3, 2, 2, 4, 0, 1, 7, 3, 5, 1, 4, 5, 7, 1, 3, 7, 2, 6, 4, 2, 2, 7, 6, 6, 5, 4, 7, 5, 6]
        point3f[] points = [(1.075, 0.02, 0.975), (1.075, 0.02, 1.425), (1.075, 0.06, 0.975), (1.075, 0.06, 1.425), (1.525, 0.02, 0.975), (1.525, 0.02, 1.425), (1.525, 0.06, 0.975), (1.525, 0.06, 1.425)]
    }

    def Mesh "desk_top"
    {
        int[] faceVertexCounts = [3, 3, 3, 3, 3, 3, 3, 3, 3, 3, 3, 3]
        int[] faceVertexIndices = [1, 3, 0, 4, 1, 0, 0, 3, 2, 2, 4, 0, 1, 7, 3, 5, 1, 4, 5, 7, 1, 3, 7, 2, 6, 4, 2, 2, 7, 6, 6, 5, 4, 7, 5, 6]
        point3f[] points = [(2.25, 0.755, 1.65), (2.25, 0.755, 2.35), (2.25, 0.805, 1.65), (2.25, 0.805, 2.35), (3.75, 0.755, 1.65), (3.75, 0.755, 2.35), (3.75, 0.805, 1.65), (3.75, 0.805, 2.35)]
    }

    def Mesh "desk_leg_a"
    {
        int[] faceVertexCounts = [3, 3, 3, 3, 3, 3, 3, 3, 3, 3, 3, 3]
        int[] faceVertexIndices = [1, 3, 0, 4, 1, 0, 0, 3, 2, 2, 4, 0, 1, 7, 3, 5, 1, 4, 5, 7, 1, 3, 7, 2, 6, 4, 2, 2, 7, 6, 6, 5, 4, 7, 5, 6]
        point3f[] points = [(2.275, 0, 1.675), (2.275, 0, 1.725), (2.275, 0.78, 1.675), (2.275, 0.78, 1.725), (2.325, 0, 1.675), (2.325, 0, 1.725), (2.325, 0.78, 1.675), (2.325, 0.78, 1.725)]
    }

    def Mesh "desk_leg_b"
    {
        int[] faceVertexCounts = [3, 3, 3, 3, 3, 3, 3, 3, 3, 3, 3, 3]
        int[] faceVertexIndices = [1, 3, 0, 4, 1, 0, 0, 3, 2, 2, 4, 0, 1, 7, 3, 5, 1, 4, 5, 7, 1, 3, 7, 2, 6, 4, 2, 2, 7, 6, 6, 5, 4, 7, 5, 6]
        point3f[] points = [(2.275, 0, 2.275), (2.275, 0, 2.325), (2.275, 0.78, 2.275), (2.275, 0.78, 2.325), (2.325, 0, 2.275), (2.325, 0, 2.325), (2.325, 0.78, 2.275), (2.325, 0.78, 2.325)]
    }

    def Mesh "desk_leg_c"
    {
        int[] faceVertexCounts = [3, 3, 3, 3, 3, 3, 3, 3, 3, 3, 3, 3]
        int[] faceVertexIndices = [1, 3, 0, 4, 1, 0, 0, 3, 2, 2, 4, 0, 1, 7, 3, 5, 1, 4, 5, 7, 1, 3, 7, 2, 6, 4, 2, 2, 7, 6, 6, 5, 4, 7, 5, 6]
        point3f[] points = [(3.675, 0, 1.675), (3.675, 0, 1.725), (3.675, 0.78, 1.675), (3.675, 0.78, 1.725), (3.725, 0, 1.675), (3.725, 0, 1.725), (3.725, 0.78, 1.675), (3.725, 0.78, 1.725)]
    }

    def Mesh "desk_leg_d"
    {
        int[] faceVertexCounts = [3, 3, 3, 3, 3, 3, 3, 3, 3, 3, 3, 3]
        int[] faceVertexIndices = [1, 3, 0, 4, 1, 0, 0, 3, 2, 2, 4, 0, 1, 7, 3, 5, 1, 4, 5, 7, 1, 3, 7, 2, 6, 4, 2, 2, 7, 6, 6, 5, 4, 7, 5, 6]
        point3f[] points = [(3.675, 0, 2.275), (3.675, 0, 2.325), (3.675, 0.78, 2.275), (3.675, 0.78, 2.325), (3.725, 0, 2.275), (3.725, 0, 2.325), (3.725, 0.78, 2.275), (3.725, 0.78, 2.325)]
    }

    def Mesh "drawer_body"
    {
        int[] faceVertexCounts = [3, 3, 3, 3, 3, 3, 3, 3, 3, 3, 3, 3]
        int[] faceVertexIndices = [1, 3, 0, 4, 1, 0, 0, 3, 2, 2, 4, 0, 1, 7, 3, 5, 1, 4, 5, 7, 1, 3, 7, 2, 6, 4, 2, 2, 7, 6, 6, 5, 4, 7, 5, 6]
        point3f[] points = [(3.325, 0.01, 1.925), (3.325, 0.01, 2.375), (3.325, 0.71, 1.925), (3.325, 0.71, 2.375), (3.775, 0.01, 1.925), (3.775, 0.01, 2.375), (3.775, 0.71, 1.925), (3.775, 0.71, 2.375)]
    }

    def Mesh "drawer_d1"
    {
        int[] faceVertexCounts = [3, 3, 3, 3, 3, 3, 3, 3, 3, 3, 3, 3]
        int[] faceVertexIndices = [1, 3, 0, 4, 1, 0, 0, 3, 2, 2, 4, 0, 1, 7, 3, 5, 1, 4, 5, 7, 1, 3, 7, 2, 6, 4, 2, 2, 7, 6, 6, 5, 4, 7, 5, 6]
        point3f[] points = [(3.34, 0.08, 1.92), (3.34, 0.08, 1.96), (3.34, 0.28, 1.92), (3.34, 0.28, 1.96), (3.76, 0.08, 1.92), (3.76, 0.08, 1.96), (3.76, 0.28, 1.92), (3.76, 0.28, 1.96)]
    }

    def Mesh "drawer_d2"
    {
        int[] faceVertexCounts = [3, 3, 3, 3, 3, 3, 3, 3, 3, 3, 3, 3]
        int[] faceVertexIndices = [1, 3, 0, 4, 1, 0, 0, 3, 2, 2, 4, 0, 1, 7, 3, 5, 1, 4, 5, 7, 1, 3, 7, 2, 6, 4, 2, 2, 7, 6, 6, 5, 4, 7, 5, 6]
        point3f[] points = [(3.34, 0.3, 1.92), (3.34, 0.3, 1.96), (3.34, 0.5, 1.92), (3.34, 0.5, 1.96), (3.76, 0.3, 1.92), (3.76, 0.3, 1.96), (3.76, 0.5, 1.92), (3.76, 0.5, 1.96)]
    }

    def Mesh "drawer_d3"
    {
        int[] faceVertexCounts = [3, 3, 3, 3, 3, 3, 3, 3, 3, 3, 3, 3]
        int[] faceVertexIndices = [1, 3, 0, 4, 1, 0, 0, 3, 2, 2, 4, 0, 1, 7, 3, 5, 1, 4, 5, 7, 1, 3, 7, 2, 6, 4, 2, 2, 7, 6, 6, 5, 4, 7, 5, 6]
        point3f[] points = [(3.34, 0.52, 1.92), (3.34, 0.52, 1.96), (3.34, 0.72, 1.92), (3.34, 0.72, 1.96), (3.76, 0.52, 1.92), (3.76, 0.52, 1.96), (3.76, 0.72, 1.92), (3.76, 0.72, 1.96)]
    }

    def Mesh "drawer_h1"
    {
        int[] faceVertexCounts = [3, 3, 3, 3, 3, 3, 3, 3, 3, 3, 3, 3, 3, 3, 3, 3, 3, 3, 3, 3, 3, 3, 3, 3, 3, 3, 3, 3, 3, 3, 3, 3, 3, 3, 3, 3, 3, 3, 3, 3, 3, 3, 3, 3, 3, 3, 3, 3, 3, 3, 3, 3, 3, 3, 3, 3, 3, 3, 3, 3, 3, 3, 3, 3, 3, 3, 3, 3, 3, 3, 3, 3, 3, 3, 3, 3, 3, 3, 3, 3, 3, 3, 3, 3, 3, 3, 3, 3, 3, 3, 3, 3, 3, 3, 3, 3, 3, 3, 3, 3, 3, 3, 3, 3, 3, 3, 3, 3, 3, 3, 3, 3, 3, 3, 3, 3, 3, 3, 3, 3, 3, 3, 3, 3, 3, 3, 3, 3, 3, 3, 3, 3, 3, 3, 3, 3, 3, 3, 3, 3, 3, 3, 3, 3, 3, 3, 3, 3, 3, 3, 3, 3, 3, 3, 3, 3, 3, 3, 3, 3, 3, 3, 3, 3, 3, 3, 3, 3, 3, 3, 3, 3, 3, 3, 3, 3, 3, 3, 3, 3, 3, 3, 3, 3, 3, 3, 3, 3, 3, 3, 3, 3, 3, 3, 3, 3, 3, 3, 3, 3, 3, 3, 3, 3, 3, 3, 3, 3, 3, 3, 3, 3, 3, 3, 3, 3, 3, 3, 3, 3, 3, 3, 3, 3, 3, 3, 3, 3, 3, 3, 3, 3, 3, 3, 3, 3, 3, 3, 3, 3, 3, 3, 3, 3, 3, 3, 3, 3, 3, 3, 3, 3, 3, 3, 3, 3, 3, 3, 3, 3, 3, 3, 3, 3, 3, 3, 3, 3, 3, 3, 3, 3, 3, 3, 3, 3, 3, 3, 3, 3, 3, 3, 3, 3, 3, 3, 3, 3, 3, 3, 3, 3, 3, 3, 3, 3, 3, 3, 3, 3, 3, 3, 3, 3, 3, 3, 3, 3, 3, 3, 3, 3, 3, 3, 3, 3, 3, 3, 3, 3]
        int[] faceVertexIndices = [0, 137, 53, 137, 37, 139, 53, 139, 16, 137, 139, 53, 37, 138, 154, 138, 11, 151, 154, 151, 40, 138, 151, 154, 16, 152, 54, 152, 40, 150, 54, 150, 5, 152, 150, 54, 37, 154, 139, 154, 40, 152, 139, 152, 16, 154, 152, 139, 0, 53, 42, 53, 16, 55, 42, 55, 12, 53, 55, 42, 16, 54, 59, 54, 5, 57, 59, 57, 17, 54, 57, 59, 12, 58, 43, 58, 17, 56, 43, 56, 1, 58, 56, 43, 16, 59, 55, 59, 17, 58, 55, 58, 12, 59, 58, 55, 0, 42, 69, 42, 12, 71, 69, 71, 21, 42, 71, 69, 12, 43, 74, 43, 1, 72, 74, 72, 22, 43, 72, 74, 21, 75, 70, 75, 22, 73, 70, 73, 7, 75, 73, 70, 12, 74, 71, 74, 22, 75, 71, 75, 21, 74, 75, 71, 0, 69, 120, 69, 21, 122, 120, 122, 33, 69, 122, 120, 21, 70, 133, 70, 7, 131, 133, 131, 36, 70, 131, 133, 33, 135, 121, 135, 36, 132, 121, 132, 10, 135, 132, 121, 21, 133, 122, 133, 36, 135, 122, 135, 33, 133, 135, 122, 0, 120, 137, 120, 33, 140, 137, 140, 37, 120, 140, 137, 33, 121, 158, 121, 10, 156, 158, 156, 41, 121, 156, 158, 37, 160, 138, 160, 41, 157, 138, 157, 11, 160, 157, 138, 33, 158, 140, 158, 41, 160, 140, 160, 37, 158, 160, 140, 1, 56, 95, 56, 17, 97, 95, 97, 28, 56, 97, 95, 17, 57, 110, 57, 5, 108, 110, 108, 31, 57, 108, 110, 28, 112, 96, 112, 31, 109, 96, 109, 9, 112, 109, 96, 17, 110, 97, 110, 31, 112, 97, 112, 28, 110, 112, 97, 5, 150, 61, 150, 40, 153, 61, 153, 18, 150, 153, 61, 40, 151, 155, 151, 11, 146, 155, 146, 39, 151, 146, 155, 18, 148, 60, 148, 39, 145, 60, 145, 4, 148, 145, 60, 40, 155, 153, 155, 39, 148, 153, 148, 18, 155, 148, 153, 11, 157, 142, 157, 41, 161, 142, 161, 38, 157, 161, 142, 41, 156, 159, 156, 10, 124, 159, 124, 34, 156, 124, 159, 38, 144, 141, 144, 34, 123, 141, 123, 2, 144, 123, 141, 41, 159, 161, 159, 34, 144, 161, 144, 38, 159, 144, 161, 10, 132, 127, 132, 36, 136, 127, 136, 35, 132, 136, 127, 36, 131, 134, 131, 7, 77, 134, 77, 23, 131, 77, 134, 35, 129, 126, 129, 23, 76, 126, 76, 6, 129, 76, 126, 36, 134, 136, 134, 23, 129, 136, 129, 35, 134, 129, 136, 7, 73, 89, 73, 22, 91, 89, 91, 27, 73, 91, 89, 22, 72, 80, 72, 1, 78, 80, 78, 24, 72, 78, 80, 27, 93, 90, 93, 24, 79, 90, 79, 8, 93, 79, 90, 22, 80, 91, 80, 24, 93, 91, 93, 27, 80, 93, 91, 3, 99, 49, 99, 29, 101, 49, 101, 15, 99, 101, 49, 29, 100, 107, 100, 9, 104, 107, 104, 30, 100, 104, 107, 15, 105, 50, 105, 30, 103, 50, 103, 4, 105, 103, 50, 29, 107, 101, 107, 30, 105, 101, 105, 15, 107, 105, 101, 3, 49, 45, 49, 15, 51, 45, 51, 13, 49, 51, 45, 15, 50, 52, 50, 4, 47, 52, 47, 14, 50, 47, 52, 13, 48, 44, 48, 14, 46, 44, 46, 2, 48, 46, 44, 15, 52, 51, 52, 14, 48, 51, 48, 13, 52, 48, 51, 3, 45, 65, 45, 13, 67, 65, 67, 20, 45, 67, 65, 13, 44, 64, 44, 2, 62, 64, 62, 19, 44, 62, 64, 20, 68, 66, 68, 19, 63, 66, 63, 6, 68, 63, 66, 13, 64, 67, 64, 19, 68, 67, 68, 20, 64, 68, 67, 3, 65, 81, 65, 20, 83, 81, 83, 25, 65, 83, 81, 20, 66, 86, 66, 6, 84, 86, 84, 26, 66, 84, 86, 25, 88, 82, 88, 26, 85, 82, 85, 8, 88, 85, 82, 20, 86, 83, 86, 26, 88, 83, 88, 25, 86, 88, 83, 3, 81, 99, 81, 25, 102, 99, 102, 29, 81, 102, 99, 25, 82, 117, 82, 8, 114, 117, 114, 32, 82, 114, 117, 29, 119, 100, 119, 32, 115, 100, 115, 9, 119, 115, 100, 25, 117, 102, 117, 32, 119, 102, 119, 29, 117, 119, 102, 4, 103, 60, 103, 30, 106, 60, 106, 18, 103, 106, 60, 30, 104, 113, 104, 9, 109, 113, 109, 31, 104, 109, 113, 18, 111, 61, 111, 31, 108, 61, 108, 5, 111, 108, 61, 30, 113, 106, 113, 31, 111, 106, 111, 18, 113, 111, 106, 2, 46, 141, 46, 14, 143, 141, 143, 38, 46, 143, 141, 14, 47, 147, 47, 4, 145, 147, 145, 39, 47, 145, 147, 38, 149, 142, 149, 39, 146, 142, 146, 11, 149, 146, 142, 14, 147, 143, 147, 39, 149, 143, 149, 38, 147, 149, 143, 6, 63, 126, 63, 19, 128, 126, 128, 35, 63, 128, 126, 19, 62, 125, 62, 2, 123, 125, 123, 34, 62, 123, 125, 35, 130, 127, 130, 34, 124, 127, 124, 10, 130, 124, 127, 19, 125, 128, 125, 34, 130, 128, 130, 35, 125, 130, 128, 8, 85, 90, 85, 26, 94, 90, 94, 27, 85, 94, 90, 26, 84, 87, 84, 6, 76, 87, 76, 23, 84, 76, 87, 27, 92, 89, 92, 23, 77, 89, 77, 7, 92, 77, 89, 26, 87, 94, 87, 23, 92, 94, 92, 27, 87, 92, 94, 9, 115, 96, 115, 32, 118, 96, 118, 28, 115, 118, 96, 32, 114, 116, 114, 8, 79, 116, 79, 24, 114, 79, 116, 28, 98, 95, 98, 24, 78, 95, 78, 1, 98, 78, 95, 32, 116, 118, 116, 24, 98, 118, 98, 28, 116, 98, 118]
        point3f[] points = [(3.5368567, 0.20126627, 1.92), (3.5631433, 0.20126627, 1.92), (3.5368567, 0.15873373, 1.92), (3.5631433, 0.15873373, 1.92), (3.55, 0.16685672, 1.9412663), (3.55, 0.19314328, 1.9412663), (3.55, 0.16685672, 1.8987337), (3.55, 0.19314328, 1.8987337), (3.5712662, 0.18, 1.9068568), (3.5712662, 0.18, 1.9331433), (3.5287337, 0.18, 1.9068568), (3.5287337, 0.18, 1.9331433), (3.55, 0.205, 1.92), (3.55, 0.155, 1.92), (3.5422745, 0.15977457, 1.9325), (3.5577254, 0.15977457, 1.9325), (3.5422745, 0.20022543, 1.9325), (3.5577254, 0.20022543, 1.9325), (3.55, 0.18, 1.945), (3.5422745, 0.15977457, 1.9075), (3.5577254, 0.15977457, 1.9075), (3.5422745, 0.20022543, 1.9075), (3.5577254, 0.20022543, 1.9075), (3.55, 0.18, 1.895), (3.5702255, 0.1925, 1.9122746), (3.5702255, 0.1675, 1.9122746), (3.5625, 0.17227457, 1.8997746), (3.5625, 0.18772542, 1.8997746), (3.5702255, 0.1925, 1.9277254), (3.5702255, 0.1675, 1.9277254), (3.5625, 0.17227457, 1.9402255), (3.5625, 0.18772542, 1.9402255), (3.575, 0.18, 1.92), (3.5297747, 0.1925, 1.9122746), (3.5297747, 0.1675, 1.9122746), (3.5375, 0.17227457, 1.8997746), (3.5375, 0.18772542, 1.8997746), (3.5297747, 0.1925, 1.9277254), (3.5297747, 0.1675, 1.9277254), (3.5375, 0.17227457, 1.9402255), (3.5375, 0.18772542, 1.9402255), (3.525, 0.18, 1.92), (3.5431683, 0.20404845, 1.92), (3.5568316, 0.20404845, 1.92), (3.5431683, 0.15595154, 1.92), (3.5568316, 0.15595154, 1.92), (3.5391529, 0.15843329, 1.9264973), (3.5459845, 0.16265549, 1.9375511), (3.5459385, 0.15622358, 1.9265716), (3.5608473, 0.15843329, 1.9264973), (3.5540156, 0.16265549, 1.9375511), (3.5540614, 0.15622358, 1.9265716), (3.55, 0.15873373, 1.9331433), (3.5391529, 0.20156671, 1.9264973), (3.5459845, 0.19734451, 1.9375511), (3.5459385, 0.20377642, 1.9265716), (3.5608473, 0.20156671, 1.9264973), (3.5540156, 0.19734451, 1.9375511), (3.5540614, 0.20377642, 1.9265716), (3.55, 0.20126627, 1.9331433), (3.55, 0.17316833, 1.9440484), (3.55, 0.18683167, 1.9440484), (3.5391529, 0.15843329, 1.9135027), (3.5459845, 0.16265549, 1.9024489), (3.5459385, 0.15622358, 1.9134283), (3.5608473, 0.15843329, 1.9135027), (3.5540156, 0.16265549, 1.9024489), (3.5540614, 0.15622358, 1.9134283), (3.55, 0.15873373, 1.9068568), (3.5391529, 0.20156671, 1.9135027), (3.5459845, 0.19734451, 1.9024489), (3.5459385, 0.20377642, 1.9134283), (3.5608473, 0.20156671, 1.9135027), (3.5540156, 0.19734451, 1.9024489), (3.5540614, 0.20377642, 1.9134283), (3.55, 0.20126627, 1.9068568), (3.55, 0.17316833, 1.8959515), (3.55, 0.18683167, 1.8959515), (3.5673444, 0.19755116, 1.9159844), (3.5715668, 0.1864973, 1.9091527), (3.5646946, 0.19720477, 1.9093668), (3.5673444, 0.16244884, 1.9159844), (3.5715668, 0.1735027, 1.9091527), (3.5646946, 0.16279523, 1.9093668), (3.5564973, 0.16915278, 1.8984333), (3.5675511, 0.17598444, 1.9026555), (3.5606332, 0.16530538, 1.9027952), (3.5565717, 0.1759385, 1.8962235), (3.5672047, 0.16936687, 1.9053054), (3.5564973, 0.19084722, 1.8984333), (3.5675511, 0.18401556, 1.9026555), (3.5606332, 0.19469464, 1.9027952), (3.5565717, 0.1840615, 1.8962235), (3.5672047, 0.19063313, 1.9053054), (3.5631433, 0.18, 1.8987337), (3.5673444, 0.19755116, 1.9240155), (3.5715668, 0.1864973, 1.9308472), (3.5646946, 0.19720477, 1.9306332), (3.5712662, 0.19314328, 1.92), (3.5673444, 0.16244884, 1.9240155), (3.5715668, 0.1735027, 1.9308472), (3.5646946, 0.16279523, 1.9306332), (3.5712662, 0.16685672, 1.92), (3.5564973, 0.16915278, 1.9415667), (3.5675511, 0.17598444, 1.9373446), (3.5606332, 0.16530538, 1.9372047), (3.5565717, 0.1759385, 1.9437764), (3.5672047, 0.16936687, 1.9346946), (3.5564973, 0.19084722, 1.9415667), (3.5675511, 0.18401556, 1.9373446), (3.5606332, 0.19469464, 1.9372047), (3.5565717, 0.1840615, 1.9437764), (3.5672047, 0.19063313, 1.9346946), (3.5631433, 0.18, 1.9412663), (3.5740485, 0.18, 1.9131683), (3.5740485, 0.18, 1.9268317), (3.5737765, 0.18657164, 1.9159385), (3.5737765, 0.17342836, 1.9159385), (3.5737765, 0.18657164, 1.9240615), (3.5737765, 0.17342836, 1.9240615), (3.5326555, 0.19755116, 1.9159844), (3.5284333, 0.1864973, 1.9091527), (3.5353053, 0.19720477, 1.9093668), (3.5326555, 0.16244884, 1.9159844), (3.5284333, 0.1735027, 1.9091527), (3.5353053, 0.16279523, 1.9093668), (3.5435028, 0.16915278, 1.8984333), (3.5324488, 0.17598444, 1.9026555), (3.539367, 0.16530538, 1.9027952), (3.5434284, 0.1759385, 1.8962235), (3.5327952, 0.16936687, 1.9053054), (3.5435028, 0.19084722, 1.8984333), (3.5324488, 0.18401556, 1.9026555), (3.539367, 0.19469464, 1.9027952), (3.5434284, 0.1840615, 1.8962235), (3.5327952, 0.19063313, 1.9053054), (3.5368567, 0.18, 1.8987337), (3.5326555, 0.19755116, 1.9240155), (3.5284333, 0.1864973, 1.9308472), (3.5353053, 0.19720477, 1.9306332), (3.5287337, 0.19314328, 1.92), (3.5326555, 0.16244884, 1.9240155), (3.5284333, 0.1735027, 1.9308472), (3.5353053, 0.16279523, 1.9306332), (3.5287337, 0.16685672, 1.92), (3.5435028, 0.16915278, 1.9415667), (3.5324488, 0.17598444, 1.9373446), (3.539367, 0.16530538, 1.9372047), (3.5434284, 0.1759385, 1.9437764), (3.5327952, 0.16936687, 1.9346946), (3.5435028, 0.19084722, 1.9415667), (3.5324488, 0.18401556, 1.9373446), (3.539367, 0.19469464, 1.9372047), (3.5434284, 0.1840615, 1.9437764), (3.5327952, 0.19063313, 1.9346946), (3.5368567, 0.18, 1.9412663), (3.5259516, 0.18, 1.9131683), (3.5259516, 0.18, 1.9268317), (3.5262237, 0.18657164, 1.9159385), (3.5262237, 0.17342836, 1.9159385), (3.5262237, 0.18657164, 1.9240615), (3.5262237, 0.17342836, 1.9240615)]
    }

    def Mesh "drawer_h2"
    {
        int[] faceVertexCounts = [3, 3, 3, 3, 3, 3, 3, 3, 3, 3, 3, 3, 3, 3, 3, 3, 3, 3, 3, 3, 3, 3, 3, 3, 3, 3, 3, 3, 3, 3, 3, 3, 3, 3, 3, 3, 3, 3, 3, 3, 3, 3, 3, 3, 3, 3, 3, 3, 3, 3, 3, 3, 3, 3, 3, 3, 3, 3, 3, 3, 3, 3, 3, 3, 3, 3, 3, 3, 3, 3, 3, 3, 3, 3, 3, 3, 3, 3, 3, 3, 3, 3, 3, 3, 3, 3, 3, 3, 3, 3, 3, 3, 3, 3, 3, 3, 3, 3, 3, 3, 3, 3, 3, 3, 3, 3, 3, 3, 3, 3, 3, 3, 3, 3, 3, 3, 3, 3, 3, 3, 3, 3, 3, 3, 3, 3, 3, 3, 3, 3, 3, 3, 3, 3, 3, 3, 3, 3, 3, 3, 3, 3, 3, 3, 3, 3, 3, 3, 3, 3, 3, 3, 3, 3, 3, 3, 3, 3, 3, 3, 3, 3, 3, 3, 3, 3, 3, 3, 3, 3, 3, 3, 3, 3, 3, 3, 3, 3, 3, 3, 3, 3, 3, 3, 3, 3, 3, 3, 3, 3, 3, 3, 3, 3, 3, 3, 3, 3, 3, 3, 3, 3, 3, 3, 3, 3, 3, 3, 3, 3, 3, 3, 3, 3, 3, 3, 3, 3, 3, 3, 3, 3, 3, 3, 3, 3, 3, 3, 3, 3, 3, 3, 3, 3, 3, 3, 3, 3, 3, 3, 3, 3, 3, 3, 3, 3, 3, 3, 3, 3, 3, 3, 3, 3, 3, 3, 3, 3, 3, 3, 3, 3, 3, 3, 3, 3, 3, 3, 3, 3, 3, 3, 3, 3, 3, 3, 3, 3, 3, 3, 3, 3, 3, 3, 3, 3, 3, 3, 3, 3, 3, 3, 3, 3, 3, 3, 3, 3, 3, 3, 3, 3, 3, 3, 3, 3, 3, 3, 3, 3, 3, 3, 3, 3, 3, 3, 3, 3, 3, 3]
        int[] faceVertexIndices = [0, 137, 53, 137, 37, 139, 53, 139, 16, 137, 139, 53, 37, 138, 154, 138, 11, 151, 154, 151, 40, 138, 151, 154, 16, 152, 54, 152, 40, 150, 54, 150, 5, 152, 150, 54, 37, 154, 139, 154, 40, 152, 139, 152, 16, 154, 152, 139, 0, 53, 42, 53, 16, 55, 42, 55, 12, 53, 55, 42, 16, 54, 59, 54, 5, 57, 59, 57, 17, 54, 57, 59, 12, 58, 43, 58, 17, 56, 43, 56, 1, 58, 56, 43, 16, 59, 55, 59, 17, 58, 55, 58, 12, 59, 58, 55, 0, 42, 69, 42, 12, 71, 69, 71, 21, 42, 71, 69, 12, 43, 74, 43, 1, 72, 74, 72, 22, 43, 72, 74, 21, 75, 70, 75, 22, 73, 70, 73, 7, 75, 73, 70, 12, 74, 71, 74, 22, 75, 71, 75, 21, 74, 75, 71, 0, 69, 120, 69, 21, 122, 120, 122, 33, 69, 122, 120, 21, 70, 133, 70, 7, 131, 133, 131, 36, 70, 131, 133, 33, 135, 121, 135, 36, 132, 121, 132, 10, 135, 132, 121, 21, 133, 122, 133, 36, 135, 122, 135, 33, 133, 135, 122, 0, 120, 137, 120, 33, 140, 137, 140, 37, 120, 140, 137, 33, 121, 158, 121, 10, 156, 158, 156, 41, 121, 156, 158, 37, 160, 138, 160, 41, 157, 138, 157, 11, 160, 157, 138, 33, 158, 140, 158, 41, 160, 140, 160, 37, 158, 160, 140, 1, 56, 95, 56, 17, 97, 95, 97, 28, 56, 97, 95, 17, 57, 110, 57, 5, 108, 110, 108, 31, 57, 108, 110, 28, 112, 96, 112, 31, 109, 96, 109, 9, 112, 109, 96, 17, 110, 97, 110, 31, 112, 97, 112, 28, 110, 112, 97, 5, 150, 61, 150, 40, 153, 61, 153, 18, 150, 153, 61, 40, 151, 155, 151, 11, 146, 155, 146, 39, 151, 146, 155, 18, 148, 60, 148, 39, 145, 60, 145, 4, 148, 145, 60, 40, 155, 153, 155, 39, 148, 153, 148, 18, 155, 148, 153, 11, 157, 142, 157, 41, 161, 142, 161, 38, 157, 161, 142, 41, 156, 159, 156, 10, 124, 159, 124, 34, 156, 124, 159, 38, 144, 141, 144, 34, 123, 141, 123, 2, 144, 123, 141, 41, 159, 161, 159, 34, 144, 161, 144, 38, 159, 144, 161, 10, 132, 127, 132, 36, 136, 127, 136, 35, 132, 136, 127, 36, 131, 134, 131, 7, 77, 134, 77, 23, 131, 77, 134, 35, 129, 126, 129, 23, 76, 126, 76, 6, 129, 76, 126, 36, 134, 136, 134, 23, 129, 136, 129, 35, 134, 129, 136, 7, 73, 89, 73, 22, 91, 89, 91, 27, 73, 91, 89, 22, 72, 80, 72, 1, 78, 80, 78, 24, 72, 78, 80, 27, 93, 90, 93, 24, 79, 90, 79, 8, 93, 79, 90, 22, 80, 91, 80, 24, 93, 91, 93, 27, 80, 93, 91, 3, 99, 49, 99, 29, 101, 49, 101, 15, 99, 101, 49, 29, 100, 107, 100, 9, 104, 107, 104, 30, 100, 104, 107, 15, 105, 50, 105, 30, 103, 50, 103, 4, 105, 103, 50, 29, 107, 101, 107, 30, 105, 101, 105, 15, 107, 105, 101, 3, 49, 45, 49, 15, 51, 45, 51, 13, 49, 51, 45, 15, 50, 52, 50, 4, 47, 52, 47, 14, 50, 47, 52, 13, 48, 44, 48, 14, 46, 44, 46, 2, 48, 46, 44, 15, 52, 51, 52, 14, 48, 51, 48, 13, 52, 48, 51, 3, 45, 65, 45, 13, 67, 65, 67, 20, 45, 67, 65, 13, 44, 64, 44, 2, 62, 64, 62, 19, 44, 62, 64, 20, 68, 66, 68, 19, 63, 66, 63, 6, 68, 63, 66, 13, 64, 67, 64, 19, 68, 67, 68, 20, 64, 68, 67, 3, 65, 81, 65, 20, 83, 81, 83, 25, 65, 83, 81, 20, 66, 86, 66, 6, 84, 86, 84, 26, 66, 84, 86, 25, 88, 82, 88, 26, 85, 82, 85, 8, 88, 85, 82, 20, 86, 83, 86, 26, 88, 83, 88, 25, 86, 88, 83, 3, 81, 99, 81, 25, 102, 99, 102, 29, 81, 102, 99, 25, 82, 117, 82, 8, 114, 117, 114, 32, 82, 114, 117, 29, 119, 100, 119, 32, 115, 100, 115, 9, 119, 115, 100, 25, 117, 102, 117, 32, 119, 102, 119, 29, 117, 119, 102, 4, 103, 60, 103, 30, 106, 60, 106, 18, 103, 106, 60, 30, 104, 113, 104, 9, 109, 113, 109, 31, 104, 109, 113, 18, 111, 61, 111, 31, 108, 61, 108, 5, 111, 108, 61, 30, 113, 106, 113, 31, 111, 106, 111, 18, 113, 111, 106, 2, 46, 141, 46, 14, 143, 141, 143, 38, 46, 143, 141, 14, 47, 147, 47, 4, 145, 147, 145, 39, 47, 145, 147, 38, 149, 142, 149, 39, 146, 142, 146, 11, 149, 146, 142, 14, 147, 143, 147, 39, 149, 143, 149, 38, 147, 149, 143, 6, 63, 126, 63, 19, 128, 126, 128, 35, 63, 128, 126, 19, 62, 125, 62, 2, 123, 125, 123, 34, 62, 123, 125, 35, 130, 127, 130, 34, 124, 127, 124, 10, 130, 124, 127, 19, 125, 128, 125, 34, 130, 128, 130, 35, 125, 130, 128, 8, 85, 90, 85, 26, 94, 90, 94, 27, 85, 94, 90, 26, 84, 87, 84, 6, 76, 87, 76, 23, 84, 76, 87, 27, 92, 89, 92, 23, 77, 89, 77, 7, 92, 77, 89, 26, 87, 94, 87, 23, 92, 94, 92, 27, 87, 92, 94, 9, 115, 96, 115, 32, 118, 96, 118, 28, 115, 118, 96, 32, 114, 116, 114, 8, 79, 116, 79, 24, 114, 79, 116, 28, 98, 95, 98, 24, 78, 95, 78, 1, 98, 78, 95, 32, 116, 118, 116, 24, 98, 118, 98, 28, 116, 98, 118]
        point3f[] points = [(3.5368567, 0.42126626, 1.92), (3.5631433, 0.42126626, 1.92), (3.5368567, 0.37873372, 1.92), (3.5631433, 0.37873372, 1.92), (3.55, 0.38685673, 1.9412663), (3.55, 0.41314328, 1.9412663), (3.55, 0.38685673, 1.8987337), (3.55, 0.41314328, 1.8987337), (3.5712662, 0.4, 1.9068568), (3.5712662, 0.4, 1.9331433), (3.5287337, 0.4, 1.9068568), (3.5287337, 0.4, 1.9331433), (3.55, 0.425, 1.92), (3.55, 0.375, 1.92), (3.5422745, 0.37977457, 1.9325), (3.5577254, 0.37977457, 1.9325), (3.5422745, 0.4202254, 1.9325), (3.5577254, 0.4202254, 1.9325), (3.55, 0.4, 1.945), (3.5422745, 0.37977457, 1.9075), (3.5577254, 0.37977457, 1.9075), (3.5422745, 0.4202254, 1.9075), (3.5577254, 0.4202254, 1.9075), (3.55, 0.4, 1.895), (3.5702255, 0.4125, 1.9122746), (3.5702255, 0.3875, 1.9122746), (3.5625, 0.3922746, 1.8997746), (3.5625, 0.40772542, 1.8997746), (3.5702255, 0.4125, 1.9277254), (3.5702255, 0.3875, 1.9277254), (3.5625, 0.3922746, 1.9402255), (3.5625, 0.40772542, 1.9402255), (3.575, 0.4, 1.92), (3.5297747, 0.4125, 1.9122746), (3.5297747, 0.3875, 1.9122746), (3.5375, 0.3922746, 1.8997746), (3.5375, 0.40772542, 1.8997746), (3.5297747, 0.4125, 1.9277254), (3.5297747, 0.3875, 1.9277254), (3.5375, 0.3922746, 1.9402255), (3.5375, 0.40772542, 1.9402255), (3.525, 0.4, 1.92), (3.5431683, 0.42404845, 1.92), (3.5568316, 0.42404845, 1.92), (3.5431683, 0.37595153, 1.92), (3.5568316, 0.37595153, 1.92), (3.5391529, 0.3784333, 1.9264973), (3.5459845, 0.3826555, 1.9375511), (3.5459385, 0.3762236, 1.9265716), (3.5608473, 0.3784333, 1.9264973), (3.5540156, 0.3826555, 1.9375511), (3.5540614, 0.3762236, 1.9265716), (3.55, 0.37873372, 1.9331433), (3.5391529, 0.42156672, 1.9264973), (3.5459845, 0.4173445, 1.9375511), (3.5459385, 0.42377642, 1.9265716), (3.5608473, 0.42156672, 1.9264973), (3.5540156, 0.4173445, 1.9375511), (3.5540614, 0.42377642, 1.9265716), (3.55, 0.42126626, 1.9331433), (3.55, 0.39316833, 1.9440484), (3.55, 0.40683165, 1.9440484), (3.5391529, 0.3784333, 1.9135027), (3.5459845, 0.3826555, 1.9024489), (3.5459385, 0.3762236, 1.9134283), (3.5608473, 0.3784333, 1.9135027), (3.5540156, 0.3826555, 1.9024489), (3.5540614, 0.3762236, 1.9134283), (3.55, 0.37873372, 1.9068568), (3.5391529, 0.42156672, 1.9135027), (3.5459845, 0.4173445, 1.9024489), (3.5459385, 0.42377642, 1.9134283), (3.5608473, 0.42156672, 1.9135027), (3.5540156, 0.4173445, 1.9024489), (3.5540614, 0.42377642, 1.9134283), (3.55, 0.42126626, 1.9068568), (3.55, 0.39316833, 1.8959515), (3.55, 0.40683165, 1.8959515), (3.5673444, 0.41755116, 1.9159844), (3.5715668, 0.4064973, 1.9091527), (3.5646946, 0.41720477, 1.9093668), (3.5673444, 0.38244885, 1.9159844), (3.5715668, 0.3935027, 1.9091527), (3.5646946, 0.3827952, 1.9093668), (3.5564973, 0.3891528, 1.8984333), (3.5675511, 0.39598444, 1.9026555), (3.5606332, 0.38530537, 1.9027952), (3.5565717, 0.39593852, 1.8962235), (3.5672047, 0.38936687, 1.9053054), (3.5564973, 0.41084722, 1.8984333), (3.5675511, 0.40401554, 1.9026555), (3.5606332, 0.41469464, 1.9027952), (3.5565717, 0.4040615, 1.8962235), (3.5672047, 0.41063315, 1.9053054), (3.5631433, 0.4, 1.8987337), (3.5673444, 0.41755116, 1.9240155), (3.5715668, 0.4064973, 1.9308472), (3.5646946, 0.41720477, 1.9306332), (3.5712662, 0.41314328, 1.92), (3.5673444, 0.38244885, 1.9240155), (3.5715668, 0.3935027, 1.9308472), (3.5646946, 0.3827952, 1.9306332), (3.5712662, 0.38685673, 1.92), (3.5564973, 0.3891528, 1.9415667), (3.5675511, 0.39598444, 1.9373446), (3.5606332, 0.38530537, 1.9372047), (3.5565717, 0.39593852, 1.9437764), (3.5672047, 0.38936687, 1.9346946), (3.5564973, 0.41084722, 1.9415667), (3.5675511, 0.40401554, 1.9373446), (3.5606332, 0.41469464, 1.9372047), (3.5565717, 0.4040615, 1.9437764), (3.5672047, 0.41063315, 1.9346946), (3.5631433, 0.4, 1.9412663), (3.5740485, 0.4, 1.9131683), (3.5740485, 0.4, 1.9268317), (3.5737765, 0.40657163, 1.9159385), (3.5737765, 0.39342836, 1.9159385), (3.5737765, 0.40657163, 1.9240615), (3.5737765, 0.39342836, 1.9240615), (3.5326555, 0.41755116, 1.9159844), (3.5284333, 0.4064973, 1.9091527), (3.5353053, 0.41720477, 1.9093668), (3.5326555, 0.38244885, 1.9159844), (3.5284333, 0.3935027, 1.9091527), (3.5353053, 0.3827952, 1.9093668), (3.5435028, 0.3891528, 1.8984333), (3.5324488, 0.39598444, 1.9026555), (3.539367, 0.38530537, 1.9027952), (3.5434284, 0.39593852, 1.8962235), (3.5327952, 0.38936687, 1.9053054), (3.5435028, 0.41084722, 1.8984333), (3.5324488, 0.40401554, 1.9026555), (3.539367, 0.41469464, 1.9027952), (3.5434284, 0.4040615, 1.8962235), (3.5327952, 0.41063315, 1.9053054), (3.5368567, 0.4, 1.8987337), (3.5326555, 0.41755116, 1.9240155), (3.5284333, 0.4064973, 1.9308472), (3.5353053, 0.41720477, 1.9306332), (3.5287337, 0.41314328, 1.92), (3.5326555, 0.38244885, 1.9240155), (3.5284333, 0.3935027, 1.9308472), (3.5353053, 0.3827952, 1.9306332), (3.5287337, 0.38685673, 1.92), (3.5435028, 0.3891528, 1.9415667), (3.5324488, 0.39598444, 1.9373446), (3.539367, 0.38530537, 1.9372047), (3.5434284, 0.39593852, 1.9437764), (3.5327952, 0.38936687, 1.9346946), (3.5435028, 0.41084722, 1.9415667), (3.5324488, 0.40401554, 1.9373446), (3.539367, 0.41469464, 1.9372047), (3.5434284, 0.4040615, 1.9437764), (3.5327952, 0.41063315, 1.9346946), (3.5368567, 0.4, 1.9412663), (3.5259516, 0.4, 1.9131683), (3.5259516, 0.4, 1.9268317), (3.5262237, 0.40657163, 1.9159385), (3.5262237, 0.39342836, 1.9159385), (3.5262237, 0.40657163, 1.9240615), (3.5262237, 0.39342836, 1.9240615)]
    }

    def Mesh "drawer_h3"
    {
        int[] faceVertexCounts = [3, 3, 3, 3, 3, 3, 3, 3, 3, 3, 3, 3, 3, 3, 3, 3, 3, 3, 3, 3, 3, 3, 3, 3, 3, 3, 3, 3, 3, 3, 3, 3, 3, 3, 3, 3, 3, 3, 3, 3, 3, 3, 3, 3, 3, 3, 3, 3, 3, 3, 3, 3, 3, 3, 3, 3, 3, 3, 3, 3, 3, 3, 3, 3, 3, 3, 3, 3, 3, 3, 3, 3, 3, 3, 3, 3, 3, 3, 3, 3, 3, 3, 3, 3, 3, 3, 3, 3, 3, 3, 3, 3, 3, 3, 3, 3, 3, 3, 3, 3, 3, 3, 3, 3, 3, 3, 3, 3, 3, 3, 3, 3, 3, 3, 3, 3, 3, 3, 3, 3, 3, 3, 3, 3, 3, 3, 3, 3, 3, 3, 3, 3, 3, 3, 3, 3, 3, 3, 3, 3, 3, 3, 3, 3, 3, 3, 3, 3, 3, 3, 3, 3, 3, 3, 3, 3, 3, 3, 3, 3, 3, 3, 3, 3, 3, 3, 3, 3, 3, 3, 3, 3, 3, 3, 3, 3, 3, 3, 3, 3, 3, 3, 3, 3, 3, 3, 3, 3, 3, 3, 3, 3, 3, 3, 3, 3, 3, 3, 3, 3, 3, 3, 3, 3, 3, 3, 3, 3, 3, 3, 3, 3, 3, 3, 3, 3, 3, 3, 3, 3, 3, 3, 3, 3, 3, 3, 3, 3, 3, 3, 3, 3, 3, 3, 3, 3, 3, 3, 3, 3, 3, 3, 3, 3, 3, 3, 3, 3, 3, 3, 3, 3, 3, 3, 3, 3, 3, 3, 3, 3, 3, 3, 3, 3, 3, 3, 3, 3, 3, 3, 3, 3, 3, 3, 3, 3, 3, 3, 3, 3, 3, 3, 3, 3, 3, 3, 3, 3, 3, 3, 3, 3, 3, 3, 3, 3, 3, 3, 3, 3, 3, 3, 3, 3, 3, 3, 3, 3, 3, 3, 3, 3, 3, 3, 3, 3, 3, 3, 3, 3]
        int[] faceVertexIndices = [0, 137, 53, 137, 37, 139, 53, 139, 16, 137, 139, 53, 37, 138, 154, 138, 11, 151, 154, 151, 40, 138, 151, 154, 16, 152, 54, 152, 40, 150, 54, 150, 5, 152, 150, 54, 37, 154, 139, 154, 40, 152, 139, 152, 16, 154, 152, 139, 0, 53, 42, 53, 16, 55, 42, 55, 12, 53, 55, 42, 16, 54, 59, 54, 5, 57, 59, 57, 17, 54, 57, 59, 12, 58, 43, 58, 17, 56, 43, 56, 1, 58, 56, 43, 16, 59, 55, 59, 17, 58, 55, 58, 12, 59, 58, 55, 0, 42, 69, 42, 12, 71, 69, 71, 21, 42, 71, 69, 12, 43, 74, 43, 1, 72, 74, 72, 22, 43, 72, 74, 21, 75, 70, 75, 22, 73, 70, 73, 7, 75, 73, 70, 12, 74, 71, 74, 22, 75, 71, 75, 21, 74, 75, 71, 0, 69, 120, 69, 21, 122, 120, 122, 33, 69, 122, 120, 21, 70, 133, 70, 7, 131, 133, 131, 36, 70, 131, 133, 33, 135, 121, 135, 36, 132, 121, 132, 10, 135, 132, 121, 21, 133, 122, 133, 36, 135, 122, 135, 33, 133, 135, 122, 0, 120, 137, 120, 33, 140, 137, 140, 37, 120, 140, 137, 33, 121, 158, 121, 10, 156, 158, 156, 41, 121, 156, 158, 37, 160, 138, 160, 41, 157, 138, 157, 11, 160, 157, 138, 33, 158, 140, 158, 41, 160, 140, 160, 37, 158, 160, 140, 1, 56, 95, 56, 17, 97, 95, 97, 28, 56, 97, 95, 17, 57, 110, 57, 5, 108, 110, 108, 31, 57, 108, 110, 28, 112, 96, 112, 31, 109, 96, 109, 9, 112, 109, 96, 17, 110, 97, 110, 31, 112, 97, 112, 28, 110, 112, 97, 5, 150, 61, 150, 40, 153, 61, 153, 18, 150, 153, 61, 40, 151, 155, 151, 11, 146, 155, 146, 39, 151, 146, 155, 18, 148, 60, 148, 39, 145, 60, 145, 4, 148, 145, 60, 40, 155, 153, 155, 39, 148, 153, 148, 18, 155, 148, 153, 11, 157, 142, 157, 41, 161, 142, 161, 38, 157, 161, 142, 41, 156, 159, 156, 10, 124, 159, 124, 34, 156, 124, 159, 38, 144, 141, 144, 34, 123, 141, 123, 2, 144, 123, 141, 41, 159, 161, 159, 34, 144, 161, 144, 38, 159, 144, 161, 10, 132, 127, 132, 36, 136, 127, 136, 35, 132, 136, 127, 36, 131, 134, 131, 7, 77, 134, 77, 23, 131, 77, 134, 35, 129, 126, 129, 23, 76, 126, 76, 6, 129, 76, 126, 36, 134, 136, 134, 23, 129, 136, 129, 35, 134, 129, 136, 7, 73, 89, 73, 22, 91, 89, 91, 27, 73, 91, 89, 22, 72, 80, 72, 1, 78, 80, 78, 24, 72, 78, 80, 27, 93, 90, 93, 24, 79, 90, 79, 8, 93, 79, 90, 22, 80, 91, 80, 24, 93, 91, 93, 27, 80, 93, 91, 3, 99, 49, 99, 29, 101, 49, 101, 15, 99, 101, 49, 29, 100, 107, 100, 9, 104, 107, 104, 30, 100, 104, 107, 15, 105, 50, 105, 30, 103, 50, 103, 4, 105, 103, 50, 29, 107, 101, 107, 30, 105, 101, 105, 15, 107, 105, 101, 3, 49, 45, 49, 15, 51, 45, 51, 13, 49, 51, 45, 15, 50, 52, 50, 4, 47, 52, 47, 14, 50, 47, 52, 13, 48, 44, 48, 14, 46, 44, 46, 2, 48, 46, 44, 15, 52, 51, 52, 14, 48, 51, 48, 13, 52, 48, 51, 3, 45, 65, 45, 13, 67, 65, 67, 20, 45, 67, 65, 13, 44, 64, 44, 2, 62, 64, 62, 19, 44, 62, 64, 20, 68, 66, 68, 19, 63, 66, 63, 6, 68, 63, 66, 13, 64, 67, 64, 19, 68, 67, 68, 20, 64, 68, 67, 3, 65, 81, 65, 20, 83, 81, 83, 25, 65, 83, 81, 20, 66, 86, 66, 6, 84, 86, 84, 26, 66, 84, 86, 25, 88, 82, 88, 26, 85, 82, 85, 8, 88, 85, 82, 20, 86, 83, 86, 26, 88, 83, 88, 25, 86, 88, 83, 3, 81, 99, 81, 25, 102, 99, 102, 29, 81, 102, 99, 25, 82, 117, 82, 8, 114, 117, 114, 32, 82, 114, 117, 29, 119, 100, 119, 32, 115, 100, 115, 9, 119, 115, 100, 25, 117, 102, 117, 32, 119, 102, 119, 29, 117, 119, 102, 4, 103, 60, 103, 30, 106, 60, 106, 18, 103, 106, 60, 30, 104, 113, 104, 9, 109, 113, 109, 31, 104, 109, 113, 18, 111, 61, 111, 31, 108, 61, 108, 5, 111, 108, 61, 30, 113, 106, 113, 31, 111, 106, 111, 18, 113, 111, 106, 2, 46, 141, 46, 14, 143, 141, 143, 38, 46, 143, 141, 14, 47, 147, 47, 4, 145, 147, 145, 39, 47, 145, 147, 38, 149, 142, 149, 39, 146, 142, 146, 11, 149, 146, 142, 14, 147, 143, 147, 39, 149, 143, 149, 38, 147, 149, 143, 6, 63, 126, 63, 19, 128, 126, 128, 35, 63, 128, 126, 19, 62, 125, 62, 2, 123, 125, 123, 34, 62, 123, 125, 35, 130, 127, 130, 34, 124, 127, 124, 10, 130, 124, 127, 19, 125, 128, 125, 34, 130, 128, 130, 35, 125, 130, 128, 8, 85, 90, 85, 26, 94, 90, 94, 27, 85, 94, 90, 26, 84, 87, 84, 6, 76, 87, 76, 23, 84, 76, 87, 27, 92, 89, 92, 23, 77, 89, 77, 7, 92, 77, 89, 26, 87, 94, 87, 23, 92, 94, 92, 27, 87, 92, 94, 9, 115, 96, 115, 32, 118, 96, 118, 28, 115, 118, 96, 32, 114, 116, 114, 8, 79, 116, 79, 24, 114, 79, 116, 28, 98, 95, 98, 24, 78, 95, 78, 1, 98, 78, 95, 32, 116, 118, 116, 24, 98, 118, 98, 28, 116, 98, 118]
        point3f[] points = [(3.5368567, 0.6412663, 1.92), (3.5631433, 0.6412663, 1.92), (3.5368567, 0.5987337, 1.92), (3.5631433, 0.5987337, 1.92), (3.55, 0.6068567, 1.9412663), (3.55, 0.6331433, 1.9412663), (3.55, 0.6068567, 1.8987337), (3.55, 0.6331433, 1.8987337), (3.5712662, 0.62, 1.9068568), (3.5712662, 0.62, 1.9331433), (3.5287337, 0.62, 1.9068568), (3.5287337, 0.62, 1.9331433), (3.55, 0.645, 1.92), (3.55, 0.595, 1.92), (3.5422745, 0.5997746, 1.9325), (3.5577254, 0.5997746, 1.9325), (3.5422745, 0.6402254, 1.9325), (3.5577254, 0.6402254, 1.9325), (3.55, 0.62, 1.945), (3.5422745, 0.5997746, 1.9075), (3.5577254, 0.5997746, 1.9075), (3.5422745, 0.6402254, 1.9075), (3.5577254, 0.6402254, 1.9075), (3.55, 0.62, 1.895), (3.5702255, 0.6325, 1.9122746), (3.5702255, 0.6075, 1.9122746), (3.5625, 0.6122746, 1.8997746), (3.5625, 0.6277254, 1.8997746), (3.5702255, 0.6325, 1.9277254), (3.5702255, 0.6075, 1.9277254), (3.5625, 0.6122746, 1.9402255), (3.5625, 0.6277254, 1.9402255), (3.575, 0.62, 1.92), (3.5297747, 0.6325, 1.9122746), (3.5297747, 0.6075, 1.9122746), (3.5375, 0.6122746, 1.8997746), (3.5375, 0.6277254, 1.8997746), (3.5297747, 0.6325, 1.9277254), (3.5297747, 0.6075, 1.9277254), (3.5375, 0.6122746, 1.9402255), (3.5375, 0.6277254, 1.9402255), (3.525, 0.62, 1.92), (3.5431683, 0.64404845, 1.92), (3.5568316, 0.64404845, 1.92), (3.5431683, 0.59595156, 1.92), (3.5568316, 0.59595156, 1.92), (3.5391529, 0.5984333, 1.9264973), (3.5459845, 0.6026555, 1.9375511), (3.5459385, 0.5962236, 1.9265716), (3.5608473, 0.5984333, 1.9264973), (3.5540156, 0.6026555, 1.9375511), (3.5540614, 0.5962236, 1.9265716), (3.55, 0.5987337, 1.9331433), (3.5391529, 0.6415667, 1.9264973), (3.5459845, 0.63734454, 1.9375511), (3.5459385, 0.6437764, 1.9265716), (3.5608473, 0.6415667, 1.9264973), (3.5540156, 0.63734454, 1.9375511), (3.5540614, 0.6437764, 1.9265716), (3.55, 0.6412663, 1.9331433), (3.55, 0.61316836, 1.9440484), (3.55, 0.62683165, 1.9440484), (3.5391529, 0.5984333, 1.9135027), (3.5459845, 0.6026555, 1.9024489), (3.5459385, 0.5962236, 1.9134283), (3.5608473, 0.5984333, 1.9135027), (3.5540156, 0.6026555, 1.9024489), (3.5540614, 0.5962236, 1.9134283), (3.55, 0.5987337, 1.9068568), (3.5391529, 0.6415667, 1.9135027), (3.5459845, 0.63734454, 1.9024489), (3.5459385, 0.6437764, 1.9134283), (3.5608473, 0.6415667, 1.9135027), (3.5540156, 0.63734454, 1.9024489), (3.5540614, 0.6437764, 1.9134283), (3.55, 0.6412663, 1.9068568), (3.55, 0.61316836, 1.8959515), (3.55, 0.62683165, 1.8959515), (3.5673444, 0.6375512, 1.9159844), (3.5715668, 0.62649727, 1.9091527), (3.5646946, 0.63720477, 1.9093668), (3.5673444, 0.6024488, 1.9159844), (3.5715668, 0.6135027, 1.9091527), (3.5646946, 0.60279524, 1.9093668), (3.5564973, 0.6091528, 1.8984333), (3.5675511, 0.61598444, 1.9026555), (3.5606332, 0.6053054, 1.9027952), (3.5565717, 0.6159385, 1.8962235), (3.5672047, 0.6093669, 1.9053054), (3.5564973, 0.6308472, 1.8984333), (3.5675511, 0.62401557, 1.9026555), (3.5606332, 0.63469464, 1.9027952), (3.5565717, 0.6240615, 1.8962235), (3.5672047, 0.6306331, 1.9053054), (3.5631433, 0.62, 1.8987337), (3.5673444, 0.6375512, 1.9240155), (3.5715668, 0.62649727, 1.9308472), (3.5646946, 0.63720477, 1.9306332), (3.5712662, 0.6331433, 1.92), (3.5673444, 0.6024488, 1.9240155), (3.5715668, 0.6135027, 1.9308472), (3.5646946, 0.60279524, 1.9306332), (3.5712662, 0.6068567, 1.92), (3.5564973, 0.6091528, 1.9415667), (3.5675511, 0.61598444, 1.9373446), (3.5606332, 0.6053054, 1.9372047), (3.5565717, 0.6159385, 1.9437764), (3.5672047, 0.6093669, 1.9346946), (3.5564973, 0.6308472, 1.9415667), (3.5675511, 0.62401557, 1.9373446), (3.5606332, 0.63469464, 1.9372047), (3.5565717, 0.6240615, 1.9437764), (3.5672047, 0.6306331, 1.9346946), (3.5631433, 0.62, 1.9412663), (3.5740485, 0.62, 1.9131683), (3.5740485, 0.62, 1.9268317), (3.5737765, 0.62657166, 1.9159385), (3.5737765, 0.61342835, 1.9159385), (3.5737765, 0.62657166, 1.9240615), (3.5737765, 0.61342835, 1.9240615), (3.5326555, 0.6375512, 1.9159844), (3.5284333, 0.62649727, 1.9091527), (3.5353053, 0.63720477, 1.9093668), (3.5326555, 0.6024488, 1.9159844), (3.5284333, 0.6135027, 1.9091527), (3.5353053, 0.60279524, 1.9093668), (3.5435028, 0.6091528, 1.8984333), (3.5324488, 0.61598444, 1.9026555), (3.539367, 0.6053054, 1.9027952), (3.5434284, 0.6159385, 1.8962235), (3.5327952, 0.6093669, 1.9053054), (3.5435028, 0.6308472, 1.8984333), (3.5324488, 0.62401557, 1.9026555), (3.539367, 0.63469464, 1.9027952), (3.5434284, 0.6240615, 1.8962235), (3.5327952, 0.6306331, 1.9053054), (3.5368567, 0.62, 1.8987337), (3.5326555, 0.6375512, 1.9240155), (3.5284333, 0.62649727, 1.9308472), (3.5353053, 0.63720477, 1.9306332), (3.5287337, 0.6331433, 1.92), (3.5326555, 0.6024488, 1.9240155), (3.5284333, 0.6135027, 1.9308472), (3.5353053, 0.60279524, 1.9306332), (3.5287337, 0.6068567, 1.92), (3.5435028, 0.6091528, 1.9415667), (3.5324488, 0.61598444, 1.9373446), (3.539367, 0.6053054, 1.9372047), (3.5434284, 0.6159385, 1.9437764), (3.5327952, 0.6093669, 1.9346946), (3.5435028, 0.6308472, 1.9415667), (3.5324488, 0.62401557, 1.9373446), (3.539367, 0.63469464, 1.9372047), (3.5434284, 0.6240615, 1.9437764), (3.5327952, 0.6306331, 1.9346946), (3.5368567, 0.62, 1.9412663), (3.5259516, 0.62, 1.9131683), (3.5259516, 0.62, 1.9268317), (3.5262237, 0.62657166, 1.9159385), (3.5262237, 0.61342835, 1.9159385), (3.5262237, 0.62657166, 1.9240615), (3.5262237, 0.61342835, 1.9240615)]
    }

    def Mesh "chair_seat"
    {
        int[] faceVertexCounts = [3, 3, 3, 3, 3, 3, 3, 3, 3, 3, 3, 3]
        int[] faceVertexIndices = [1, 3, 0, 4, 1, 0, 0, 3, 2, 2, 4, 0, 1, 7, 3, 5, 1, 4, 5, 7, 1, 3, 7, 2, 6, 4, 2, 2, 7, 6, 6, 5, 4, 7, 5, 6]
        point3f[] points = [(2.775, 0.425, 1.175), (2.775, 0.425, 1.625), (2.775, 0.475, 1.175), (2.775, 0.475, 1.625), (3.225, 0.425, 1.175), (3.225, 0.425, 1.625), (3.225, 0.475, 1.175), (3.225, 0.475, 1.625)]
    }

    def Mesh "chair_back"
    {
        int[] faceVertexCounts = [3, 3, 3, 3, 3, 3, 3, 3, 3, 3, 3, 3]
        int[] faceVertexIndices = [1, 3, 0, 4, 1, 0, 0, 3, 2, 2, 4, 0, 1, 7, 3, 5, 1, 4, 5, 7, 1, 3, 7, 2, 6, 4, 2, 2, 7, 6, 6, 5, 4, 7, 5, 6]
        point3f[] points = [(2.775, 0.45, 1.16), (2.775, 0.45, 1.2), (2.775, 0.95, 1.16), (2.775, 0.95, 1.2), (3.225, 0.45, 1.16), (3.225, 0.45, 1.2), (3.225, 0.95, 1.16), (3.225, 0.95, 1.2)]
    }

    def Mesh "chair_leg_a"
    {
        int[] faceVertexCounts = [3, 3, 3, 3, 3, 3, 3, 3, 3, 3, 3, 3]
        int[] faceVertexIndices = [1, 3, 0, 4, 1, 0, 0, 3, 2, 2, 4, 0, 1, 7, 3, 5, 1, 4, 5, 7, 1, 3, 7, 2, 6, 4, 2, 2, 7, 6, 6, 5, 4, 7, 5, 6]
        point3f[] points = [(2.76, -0.005, 1.18), (2.76, -0.005, 1.22), (2.76, 0.445, 1.18), (2.76, 0.445, 1.22), (2.8, -0.005, 1.18), (2.8, -0.005, 1.22), (2.8, 0.445, 1.18), (2.8, 0.445, 1.22)]
    }

    def Mesh "chair_leg_b"
    {
        int[] faceVertexCounts = [3, 3, 3, 3, 3, 3, 3, 3, 3, 3, 3, 3]
        int[] faceVertexIndices = [1, 3, 0, 4, 1, 0, 0, 3, 2, 2, 4, 0, 1, 7, 3, 5, 1, 4, 5, 7, 1, 3, 7, 2, 6, 4, 2, 2, 7, 6, 6, 5, 4, 7, 5, 6]
        point3f[] points = [(3.2, -0.005, 1.18), (3.2, -0.005, 1.22), (3.2, 0.445, 1.18), (3.2, 0.445, 1.22), (3.24, -0.005, 1.18), (3.24, -0.005, 1.22), (3.24, 0.445, 1.18), (3.24, 0.445, 1.22)]
    }

    def Mesh "chair_leg_c"
    {
        int[] faceVertexCounts = [3, 3, 3, 3, 3, 3, 3, 3, 3, 3, 3, 3]
        int[] faceVertexIndices = [1, 3, 0, 4, 1, 0, 0, 3, 2, 2, 4, 0, 1, 7, 3, 5, 1, 4, 5, 7, 1, 3, 7, 2, 6, 4, 2, 2, 7, 6, 6, 5, 4, 7, 5, 6]
        point3f[] points = [(2.76, -0.005, 1.58), (2.76, -0.005, 1.62), (2.76, 0.445, 1.58), (2.76, 0.445, 1.62), (2.8, -0.005, 1.58), (2.8, -0.005, 1.62), (2.8, 0.445, 1.58), (2.8, 0.445, 1.62)]
    }

    def Mesh "chair_leg_d"
    {
        int[] faceVertexCounts = [3, 3, 3, 3, 3, 3, 3, 3, 3, 3, 3, 3]
        int[] faceVertexIndices = [1, 3, 0, 4, 1, 0, 0, 3, 2, 2, 4, 0, 1, 7, 3, 5, 1, 4, 5, 7, 1, 3, 7, 2, 6, 4, 2, 2, 7, 6, 6, 5, 4, 7, 5, 6]
        point3f[] points = [(3.2, -0.005, 1.58), (3.2, -0.005, 1.62), (3.2, 0.445, 1.58), (3.2, 0.445, 1.62), (3.24, -0.005, 1.58), (3.24, -0.005, 1.62), (3.24, 0.445, 1.58), (3.24, 0.445, 1.62)]
    }

    def Mesh "hoodie_drape"
    {
        int[] faceVertexCounts = [3, 3, 3, 3, 3, 3, 3, 3, 3, 3, 3, 3]
        int[] faceVertexIndices = [1, 3, 0, 4, 1, 0, 0, 3, 2, 2, 4, 0, 1, 7, 3, 5, 1, 4, 5, 7, 1, 3, 7, 2, 6, 4, 2, 2, 7, 6, 6, 5, 4, 7, 5, 6]
        point3f[] points = [(2.75, 0.45, 1.05), (2.75, 0.45, 1.15), (2.75, 0.85, 1.05), (2.75, 0.85, 1.15), (3.25, 0.45, 1.05), (3.25, 0.45, 1.15), (3.25, 0.85, 1.05), (3.25, 0.85, 1.15)]
    }

    def Mesh "notebook"
    {
        int[] faceVertexCounts = [3, 3, 3, 3, 3, 3, 3, 3, 3, 3, 3, 3]
        int[] faceVertexIndices = [1, 3, 0, 4, 1, 0, 0, 3, 2, 2, 4, 0, 1, 7, 3, 5, 1, 4, 5, 7, 1, 3, 7, 2, 6, 4, 2, 2, 7, 6, 6, 5, 4, 7, 5, 6]
        point3f[] points = [(3.175, 0.8025, 1.96), (3.175, 0.8025, 2.14), (3.175, 0.8175, 1.96), (3.175, 0.8175, 2.14), (3.425, 0.8025, 1.96), (3.425, 0.8025, 2.14), (3.425, 0.8175, 1.96), (3.425, 0.8175, 2.14)]
    }

    def Mesh "notebook_page"
    {
        int[] faceVertexCounts = [3, 3, 3, 3, 3, 3, 3, 3, 3, 3, 3, 3]
        int[] faceVertexIndices = [1, 3, 0, 4, 1, 0, 0, 3, 2, 2, 4, 0, 1, 7, 3, 5, 1, 4, 5, 7, 1, 3, 7, 2, 6, 4, 2, 2, 7, 6, 6, 5, 4, 7, 5, 6]
        point3f[] points = [(3.19, 0.8175, 1.97), (3.19, 0.8175, 2.13), (3.19, 0.8225, 1.97), (3.19, 0.8225, 2.13), (3.41, 0.8175, 1.97), (3.41, 0.8175, 2.13), (3.41, 0.8225, 1.97), (3.41, 0.8225, 2.13)]
    }

    def Mesh "phone_body"
    {
        int[] faceVertexCounts = [3, 3, 3, 3, 3, 3, 3, 3, 3, 3, 3, 3]
        int[] faceVertexIndices = [1, 3, 0, 4, 1, 0, 0, 3, 2, 2, 4, 0, 1, 7, 3, 5, 1, 4, 5, 7, 1, 3, 7, 2, 6, 4, 2, 2, 7, 6, 6, 5, 4, 7, 5, 6]
        point3f[] points = [(3.6075, 0.789, 2.0675), (3.6075, 0.789, 2.2325), (3.6075, 0.801, 2.0675), (3.6075, 0.801, 2.2325), (3.6925, 0.789, 2.0675), (3.6925, 0.789, 2.2325), (3.6925, 0.801, 2.0675), (3.6925, 0.801, 2.2325)]
    }

    def Mesh "phone_screen"
    {
        int[] faceVertexCounts = [3, 3, 3, 3, 3, 3, 3, 3, 3, 3, 3, 3]
        int[] faceVertexIndices = [1, 3, 0, 4, 1, 0, 0, 3, 2, 2, 4, 0, 1, 7, 3, 5, 1, 4, 5, 7, 1, 3, 7, 2, 6, 4, 2, 2, 7, 6, 6, 5, 4, 7, 5, 6]
        point3f[] points = [(3.6125, 0.8015, 2.075), (3.6125, 0.8015, 2.225), (3.6125, 0.8025, 2.075), (3.6125, 0.8025, 2.225), (3.6875, 0.8015, 2.075), (3.6875, 0.8015, 2.225), (3.6875, 0.8025, 2.075), (3.6875, 0.8025, 2.225)]
    }

    def Mesh "phone_cam"
    {
        int[] faceVertexCounts = [3, 3, 3, 3, 3, 3, 3, 3, 3, 3, 3, 3, 3, 3, 3, 3, 3, 3, 3, 3, 3, 3, 3, 3, 3, 3, 3, 3, 3, 3, 3, 3, 3, 3, 3, 3, 3, 3, 3, 3, 3, 3, 3, 3, 3, 3, 3, 3, 3, 3, 3, 3, 3, 3, 3, 3, 3, 3, 3, 3, 3, 3, 3, 3, 3, 3, 3, 3, 3, 3, 3, 3, 3, 3, 3, 3, 3, 3, 3, 3, 3, 3, 3, 3, 3, 3, 3, 3, 3, 3, 3, 3, 3, 3, 3, 3, 3, 3, 3, 3, 3, 3, 3, 3, 3, 3, 3, 3, 3, 3, 3, 3, 3, 3, 3, 3, 3, 3, 3, 3, 3, 3, 3, 3, 3, 3, 3, 3, 3, 3, 3, 3, 3, 3, 3, 3, 3, 3, 3, 3, 3, 3, 3, 3, 3, 3, 3, 3, 3, 3, 3, 3, 3, 3, 3, 3, 3, 3, 3, 3, 3, 3, 3, 3, 3, 3, 3, 3, 3, 3, 3, 3, 3, 3, 3, 3, 3, 3, 3, 3, 3, 3, 3, 3, 3, 3, 3, 3, 3, 3, 3, 3, 3, 3, 3, 3, 3, 3, 3, 3, 3, 3, 3, 3, 3, 3, 3, 3, 3, 3, 3, 3, 3, 3, 3, 3, 3, 3, 3, 3, 3, 3, 3, 3, 3, 3, 3, 3, 3, 3, 3, 3, 3, 3, 3, 3, 3, 3, 3, 3, 3, 3, 3, 3, 3, 3, 3, 3, 3, 3, 3, 3, 3, 3, 3, 3, 3, 3, 3, 3, 3, 3, 3, 3, 3, 3, 3, 3, 3, 3, 3, 3, 3, 3, 3, 3, 3, 3, 3, 3, 3, 3, 3, 3, 3, 3, 3, 3, 3, 3, 3, 3, 3, 3, 3, 3, 3, 3, 3, 3, 3, 3, 3, 3, 3, 3, 3, 3, 3, 3, 3, 3, 3, 3, 3, 3, 3, 3, 3, 3]
        int[] faceVertexIndices = [0, 137, 53, 137, 37, 139, 53, 139, 16, 137, 139, 53, 37, 138, 154, 138, 11, 151, 154, 151, 40, 138, 151, 154, 16, 152, 54, 152, 40, 150, 54, 150, 5, 152, 150, 54, 37, 154, 139, 154, 40, 152, 139, 152, 16, 154, 152, 139, 0, 53, 42, 53, 16, 55, 42, 55, 12, 53, 55, 42, 16, 54, 59, 54, 5, 57, 59, 57, 17, 54, 57, 59, 12, 58, 43, 58, 17, 56, 43, 56, 1, 58, 56, 43, 16, 59, 55, 59, 17, 58, 55, 58, 12, 59, 58, 55, 0, 42, 69, 42, 12, 71, 69, 71, 21, 42, 71, 69, 12, 43, 74, 43, 1, 72, 74, 72, 22, 43, 72, 74, 21, 75, 70, 75, 22, 73, 70, 73, 7, 75, 73, 70, 12, 74, 71, 74, 22, 75, 71, 75, 21, 74, 75, 71, 0, 69, 120, 69, 21, 122, 120, 122, 33, 69, 122, 120, 21, 70, 133, 70, 7, 131, 133, 131, 36, 70, 131, 133, 33, 135, 121, 135, 36, 132, 121, 132, 10, 135, 132, 121, 21, 133, 122, 133, 36, 135, 122, 135, 33, 133, 135, 122, 0, 120, 137, 120, 33, 140, 137, 140, 37, 120, 140, 137, 33, 121, 158, 121, 10, 156, 158, 156, 41, 121, 156, 158, 37, 160, 138, 160, 41, 157, 138, 157, 11, 160, 157, 138, 33, 158, 140, 158, 41, 160, 140, 160, 37, 158, 160, 140, 1, 56, 95, 56, 17, 97, 95, 97, 28, 56, 97, 95, 17, 57, 110, 57, 5, 108, 110, 108, 31, 57, 108, 110, 28, 112, 96, 112, 31, 109, 96, 109, 9, 112, 109, 96, 17, 110, 97, 110, 31, 112, 97, 112, 28, 110, 112, 97, 5, 150, 61, 150, 40, 153, 61, 153, 18, 150, 153, 61, 40, 151, 155, 151, 11, 146, 155, 146, 39, 151, 146, 155, 18, 148, 60, 148, 39, 145, 60, 145, 4, 148, 145, 60, 40, 155, 153, 155, 39, 148, 153, 148, 18, 155, 148, 153, 11, 157, 142, 157, 41, 161, 142, 161, 38, 157, 161, 142, 41, 156, 159, 156, 10, 124, 159, 124, 34, 156, 124, 159, 38, 144, 141, 144, 34, 123, 141, 123, 2, 144, 123, 141, 41, 159, 161, 159, 34, 144, 161, 144, 38, 159, 144, 161, 10, 132, 127, 132, 36, 136, 127, 136, 35, 132, 136, 127, 36, 131, 134, 131, 7, 77, 134, 77, 23, 131, 77, 134, 35, 129, 126, 129, 23, 76, 126, 76, 6, 129, 76, 126, 36, 134, 136, 134, 23, 129, 136, 129, 35, 134, 129, 136, 7, 73, 89, 73, 22, 91, 89, 91, 27, 73, 91, 89, 22, 72, 80, 72, 1, 78, 80, 78, 24, 72, 78, 80, 27, 93, 90, 93, 24, 79, 90, 79, 8, 93, 79, 90, 22, 80, 91, 80, 24, 93, 91, 93, 27, 80, 93, 91, 3, 99, 49, 99, 29, 101, 49, 101, 15, 99, 101, 49, 29, 100, 107, 100, 9, 104, 107, 104, 30, 100, 104, 107, 15, 105, 50, 105, 30, 103, 50, 103, 4, 105, 103, 50, 29, 107, 101, 107, 30, 105, 101, 105, 15, 107, 105, 101, 3, 49, 45, 49, 15, 51, 45, 51, 13, 49, 51, 45, 15, 50, 52, 50, 4, 47, 52, 47, 14, 50, 47, 52, 13, 48, 44, 48, 14, 46, 44, 46, 2, 48, 46, 44, 15, 52, 51, 52, 14, 48, 51, 48, 13, 52, 48, 51, 3, 45, 65, 45, 13, 67, 65, 67, 20, 45, 67, 65, 13, 44, 64, 44, 2, 62, 64, 62, 19, 44, 62, 64, 20, 68, 66, 68, 19, 63, 66, 63, 6, 68, 63, 66, 13, 64, 67, 64, 19, 68, 67, 68, 20, 64, 68, 67, 3, 65, 81, 65, 20, 83, 81, 83, 25, 65, 83, 81, 20, 66, 86, 66, 6, 84, 86, 84, 26, 66, 84, 86, 25, 88, 82, 88, 26, 85, 82, 85, 8, 88, 85, 82, 20, 86, 83, 86, 26, 88, 83, 88, 25, 86, 88, 83, 3, 81, 99, 81, 25, 102, 99, 102, 29, 81, 102, 99, 25, 82, 117, 82, 8, 114, 117, 114, 32, 82, 114, 117, 29, 119, 100, 119, 32, 115, 100, 115, 9, 119, 115, 100, 25, 117, 102, 117, 32, 119, 102, 119, 29, 117, 119, 102, 4, 103, 60, 103, 30, 106, 60, 106, 18, 103, 106, 60, 30, 104, 113, 104, 9, 109, 113, 109, 31, 104, 109, 113, 18, 111, 61, 111, 31, 108, 61, 108, 5, 111, 108, 61, 30, 113, 106, 113, 31, 111, 106, 111, 18, 113, 111, 106, 2, 46, 141, 46, 14, 143, 141, 143, 38, 46, 143, 141, 14, 47, 147, 47, 4, 145, 147, 145, 39, 47, 145, 147, 38, 149, 142, 149, 39, 146, 142, 146, 11, 149, 146, 142, 14, 147, 143, 147, 39, 149, 143, 149, 38, 147, 149, 143, 6, 63, 126, 63, 19, 128, 126, 128, 35, 63, 128, 126, 19, 62, 125, 62, 2, 123, 125, 123, 34, 62, 123, 125, 35, 130, 127, 130, 34, 124, 127, 124, 10, 130, 124, 127, 19, 125, 128, 125, 34, 130, 128, 130, 35, 125, 130, 128, 8, 85, 90, 85, 26, 94, 90, 94, 27, 85, 94, 90, 26, 84, 87, 84, 6, 76, 87, 76, 23, 84, 76, 87, 27, 92, 89, 92, 23, 77, 89, 77, 7, 92, 77, 89, 26, 87, 94, 87, 23, 92, 94, 92, 27, 87, 92, 94, 9, 115, 96, 115, 32, 118, 96, 118, 28, 115, 118, 96, 32, 114, 116, 114, 8, 79, 116, 79, 24, 114, 79, 116, 28, 98, 95, 98, 24, 78, 95, 78, 1, 98, 78, 95, 32, 116, 118, 116, 24, 98, 118, 98, 28, 116, 98, 118]
        point3f[] points = [(3.6473713, 0.81225324, 2.075), (3.6526287, 0.81225324, 2.075), (3.6473713, 0.80374676, 2.075), (3.6526287, 0.80374676, 2.075), (3.65, 0.80537134, 2.0792532), (3.65, 0.81062865, 2.0792532), (3.65, 0.80537134, 2.0707467), (3.65, 0.81062865, 2.0707467), (3.6542532, 0.808, 2.0723712), (3.6542532, 0.808, 2.0776286), (3.6457467, 0.808, 2.0723712), (3.6457467, 0.808, 2.0776286), (3.65, 0.813, 2.075), (3.65, 0.803, 2.075), (3.648455, 0.8039549, 2.0775), (3.651545, 0.8039549, 2.0775), (3.648455, 0.8120451, 2.0775), (3.651545, 0.8120451, 2.0775), (3.65, 0.808, 2.08), (3.648455, 0.8039549, 2.0725), (3.651545, 0.8039549, 2.0725), (3.648455, 0.8120451, 2.0725), (3.651545, 0.8120451, 2.0725), (3.65, 0.808, 2.07), (3.654045, 0.8105, 2.0734549), (3.654045, 0.8055, 2.0734549), (3.6525, 0.8064549, 2.0709548), (3.6525, 0.8095451, 2.0709548), (3.654045, 0.8105, 2.076545), (3.654045, 0.8055, 2.076545), (3.6525, 0.8064549, 2.079045), (3.6525, 0.8095451, 2.079045), (3.655, 0.808, 2.075), (3.6459548, 0.8105, 2.0734549), (3.6459548, 0.8055, 2.0734549), (3.6475, 0.8064549, 2.0709548), (3.6475, 0.8095451, 2.0709548), (3.6459548, 0.8105, 2.076545), (3.6459548, 0.8055, 2.076545), (3.6475, 0.8064549, 2.079045), (3.6475, 0.8095451, 2.079045), (3.645, 0.808, 2.075), (3.6486337, 0.8128097, 2.075), (3.6513662, 0.8128097, 2.075), (3.6486337, 0.8031903, 2.075), (3.6513662, 0.8031903, 2.075), (3.6478305, 0.8036867, 2.0762994), (3.6491969, 0.8045311, 2.0785103), (3.6491878, 0.8032447, 2.0763142), (3.6521695, 0.8036867, 2.0762994), (3.650803, 0.8045311, 2.0785103), (3.6508124, 0.8032447, 2.0763142), (3.65, 0.80374676, 2.0776286), (3.6478305, 0.8123133, 2.0762994), (3.6491969, 0.8114689, 2.0785103), (3.6491878, 0.8127553, 2.0763142), (3.6521695, 0.8123133, 2.0762994), (3.650803, 0.8114689, 2.0785103), (3.6508124, 0.8127553, 2.0763142), (3.65, 0.81225324, 2.0776286), (3.65, 0.80663365, 2.0798097), (3.65, 0.80936635, 2.0798097), (3.6478305, 0.8036867, 2.0737004), (3.6491969, 0.8045311, 2.0714898), (3.6491878, 0.8032447, 2.0736856), (3.6521695, 0.8036867, 2.0737004), (3.650803, 0.8045311, 2.0714898), (3.6508124, 0.8032447, 2.0736856), (3.65, 0.80374676, 2.0723712), (3.6478305, 0.8123133, 2.0737004), (3.6491969, 0.8114689, 2.0714898), (3.6491878, 0.8127553, 2.0736856), (3.6521695, 0.8123133, 2.0737004), (3.650803, 0.8114689, 2.0714898), (3.6508124, 0.8127553, 2.0736856), (3.65, 0.81225324, 2.0723712), (3.65, 0.80663365, 2.0701902), (3.65, 0.80936635, 2.0701902), (3.6534688, 0.8115102, 2.0741968), (3.6543133, 0.80929947, 2.0728304), (3.6529388, 0.81144094, 2.0728734), (3.6534688, 0.8044898, 2.0741968), (3.6543133, 0.8067005, 2.0728304), (3.6529388, 0.80455905, 2.0728734), (3.6512995, 0.80583054, 2.0706866), (3.6535103, 0.8071969, 2.071531), (3.6521266, 0.8050611, 2.071559), (3.6513143, 0.8071877, 2.0702448), (3.653441, 0.8058734, 2.072061), (3.6512995, 0.81016946, 2.0706866), (3.6535103, 0.8088031, 2.071531), (3.6521266, 0.81093895, 2.071559), (3.6513143, 0.8088123, 2.0702448), (3.653441, 0.8101266, 2.072061), (3.6526287, 0.808, 2.0707467), (3.6534688, 0.8115102, 2.075803), (3.6543133, 0.80929947, 2.0771694), (3.6529388, 0.81144094, 2.0771267), (3.6542532, 0.81062865, 2.075), (3.6534688, 0.8044898, 2.075803), (3.6543133, 0.8067005, 2.0771694), (3.6529388, 0.80455905, 2.0771267), (3.6542532, 0.80537134, 2.075), (3.6512995, 0.80583054, 2.0793133), (3.6535103, 0.8071969, 2.0784688), (3.6521266, 0.8050611, 2.078441), (3.6513143, 0.8071877, 2.0797553), (3.653441, 0.8058734, 2.077939), (3.6512995, 0.81016946, 2.0793133), (3.6535103, 0.8088031, 2.0784688), (3.6521266, 0.81093895, 2.078441), (3.6513143, 0.8088123, 2.0797553), (3.653441, 0.8101266, 2.077939), (3.6526287, 0.808, 2.0792532), (3.6548097, 0.808, 2.0736337), (3.6548097, 0.808, 2.0763664), (3.6547554, 0.8093143, 2.0741878), (3.6547554, 0.8066857, 2.0741878), (3.6547554, 0.8093143, 2.0758123), (3.6547554, 0.8066857, 2.0758123), (3.646531, 0.8115102, 2.0741968), (3.6456866, 0.80929947, 2.0728304), (3.647061, 0.81144094, 2.0728734), (3.646531, 0.8044898, 2.0741968), (3.6456866, 0.8067005, 2.0728304), (3.647061, 0.80455905, 2.0728734), (3.6487005, 0.80583054, 2.0706866), (3.6464899, 0.8071969, 2.071531), (3.6478734, 0.8050611, 2.071559), (3.6486857, 0.8071877, 2.0702448), (3.646559, 0.8058734, 2.072061), (3.6487005, 0.81016946, 2.0706866), (3.6464899, 0.8088031, 2.071531), (3.6478734, 0.81093895, 2.071559), (3.6486857, 0.8088123, 2.0702448), (3.646559, 0.8101266, 2.072061), (3.6473713, 0.808, 2.0707467), (3.646531, 0.8115102, 2.075803), (3.6456866, 0.80929947, 2.0771694), (3.647061, 0.81144094, 2.0771267), (3.6457467, 0.81062865, 2.075), (3.646531, 0.8044898, 2.075803), (3.6456866, 0.8067005, 2.0771694), (3.647061, 0.80455905, 2.0771267), (3.6457467, 0.80537134, 2.075), (3.6487005, 0.80583054, 2.0793133), (3.6464899, 0.8071969, 2.0784688), (3.6478734, 0.8050611, 2.078441), (3.6486857, 0.8071877, 2.0797553), (3.646559, 0.8058734, 2.077939), (3.6487005, 0.81016946, 2.0793133), (3.6464899, 0.8088031, 2.0784688), (3.6478734, 0.81093895, 2.078441), (3.6486857, 0.8088123, 2.0797553), (3.646559, 0.8101266, 2.077939), (3.6473713, 0.808, 2.0792532), (3.6451902, 0.808, 2.0736337), (3.6451902, 0.808, 2.0763664), (3.6452446, 0.8093143, 2.0741878), (3.6452446, 0.8066857, 2.0741878), (3.6452446, 0.8093143, 2.0758123), (3.6452446, 0.8066857, 2.0758123)]
    }

    def Mesh "hp_l"
    {
        int[] faceVertexCounts = [3, 3, 3, 3, 3, 3, 3, 3, 3, 3, 3, 3, 3, 3, 3, 3, 3, 3, 3, 3, 3, 3, 3, 3, 3, 3, 3, 3, 3, 3, 3, 3, 3, 3, 3, 3, 3, 3, 3, 3, 3, 3, 3, 3, 3, 3, 3, 3, 3, 3, 3, 3, 3, 3, 3, 3, 3, 3, 3, 3, 3, 3, 3, 3, 3, 3, 3, 3, 3, 3, 3, 3, 3, 3, 3, 3, 3, 3, 3, 3, 3, 3, 3, 3, 3, 3, 3, 3, 3, 3, 3, 3, 3, 3, 3, 3, 3, 3, 3, 3, 3, 3, 3, 3, 3, 3, 3, 3, 3, 3, 3, 3, 3, 3, 3, 3, 3, 3, 3, 3, 3, 3, 3, 3, 3, 3, 3, 3, 3, 3, 3, 3, 3, 3, 3, 3, 3, 3, 3, 3, 3, 3, 3, 3, 3, 3, 3, 3, 3, 3, 3, 3, 3, 3, 3, 3, 3, 3, 3, 3, 3, 3, 3, 3, 3, 3, 3, 3, 3, 3, 3, 3, 3, 3, 3, 3, 3, 3, 3, 3, 3, 3, 3, 3, 3, 3, 3, 3, 3, 3, 3, 3, 3, 3, 3, 3, 3, 3, 3, 3, 3, 3, 3, 3, 3, 3, 3, 3, 3, 3, 3, 3, 3, 3, 3, 3, 3, 3, 3, 3, 3, 3, 3, 3, 3, 3, 3, 3, 3, 3, 3, 3, 3, 3, 3, 3, 3, 3, 3, 3, 3, 3, 3, 3, 3, 3, 3, 3, 3, 3, 3, 3, 3, 3, 3, 3, 3, 3, 3, 3, 3, 3, 3, 3, 3, 3, 3, 3, 3, 3, 3, 3, 3, 3, 3, 3, 3, 3, 3, 3, 3, 3, 3, 3, 3, 3, 3, 3, 3, 3, 3, 3, 3, 3, 3, 3, 3, 3, 3, 3, 3, 3, 3, 3, 3, 3, 3, 3, 3, 3, 3, 3, 3, 3, 3, 3, 3, 3, 3, 3]
        int[] faceVertexIndices = [0, 137, 53, 137, 37, 139, 53, 139, 16, 137, 139, 53, 37, 138, 154, 138, 11, 151, 154, 151, 40, 138, 151, 154, 16, 152, 54, 152, 40, 150, 54, 150, 5, 152, 150, 54, 37, 154, 139, 154, 40, 152, 139, 152, 16, 154, 152, 139, 0, 53, 42, 53, 16, 55, 42, 55, 12, 53, 55, 42, 16, 54, 59, 54, 5, 57, 59, 57, 17, 54, 57, 59, 12, 58, 43, 58, 17, 56, 43, 56, 1, 58, 56, 43, 16, 59, 55, 59, 17, 58, 55, 58, 12, 59, 58, 55, 0, 42, 69, 42, 12, 71, 69, 71, 21, 42, 71, 69, 12, 43, 74, 43, 1, 72, 74, 72, 22, 43, 72, 74, 21, 75, 70, 75, 22, 73, 70, 73, 7, 75, 73, 70, 12, 74, 71, 74, 22, 75, 71, 75, 21, 74, 75, 71, 0, 69, 120, 69, 21, 122, 120, 122, 33, 69, 122, 120, 21, 70, 133, 70, 7, 131, 133, 131, 36, 70, 131, 133, 33, 135, 121, 135, 36, 132, 121, 132, 10, 135, 132, 121, 21, 133, 122, 133, 36, 135, 122, 135, 33, 133, 135, 122, 0, 120, 137, 120, 33, 140, 137, 140, 37, 120, 140, 137, 33, 121, 158, 121, 10, 156, 158, 156, 41, 121, 156, 158, 37, 160, 138, 160, 41, 157, 138, 157, 11, 160, 157, 138, 33, 158, 140, 158, 41, 160, 140, 160, 37, 158, 160, 140, 1, 56, 95, 56, 17, 97, 95, 97, 28, 56, 97, 95, 17, 57, 110, 57, 5, 108, 110, 108, 31, 57, 108, 110, 28, 112, 96, 112, 31, 109, 96, 109, 9, 112, 109, 96, 17, 110, 97, 110, 31, 112, 97, 112, 28, 110, 112, 97, 5, 150, 61, 150, 40, 153, 61, 153, 18, 150, 153, 61, 40, 151, 155, 151, 11, 146, 155, 146, 39, 151, 146, 155, 18, 148, 60, 148, 39, 145, 60, 145, 4, 148, 145, 60, 40, 155, 153, 155, 39, 148, 153, 148, 18, 155, 148, 153, 11, 157, 142, 157, 41, 161, 142, 161, 38, 157, 161, 142, 41, 156, 159, 156, 10, 124, 159, 124, 34, 156, 124, 159, 38, 144, 141, 144, 34, 123, 141, 123, 2, 144, 123, 141, 41, 159, 161, 159, 34, 144, 161, 144, 38, 159, 144, 161, 10, 132, 127, 132, 36, 136, 127, 136, 35, 132, 136, 127, 36, 131, 134, 131, 7, 77, 134, 77, 23, 131, 77, 134, 35, 129, 126, 129, 23, 76, 126, 76, 6, 129, 76, 126, 36, 134, 136, 134, 23, 129, 136, 129, 35, 134, 129, 136, 7, 73, 89, 73, 22, 91, 89, 91, 27, 73, 91, 89, 22, 72, 80, 72, 1, 78, 80, 78, 24, 72, 78, 80, 27, 93, 90, 93, 24, 79, 90, 79, 8, 93, 79, 90, 22, 80, 91, 80, 24, 93, 91, 93, 27, 80, 93, 91, 3, 99, 49, 99, 29, 101, 49, 101, 15, 99, 101, 49, 29, 100, 107, 100, 9, 104, 107, 104, 30, 100, 104, 107, 15, 105, 50, 105, 30, 103, 50, 103, 4, 105, 103, 50, 29, 107, 101, 107, 30, 105, 101, 105, 15, 107, 105, 101, 3, 49, 45, 49, 15, 51, 45, 51, 13, 49, 51, 45, 15, 50, 52, 50, 4, 47, 52, 47, 14, 50, 47, 52, 13, 48, 44, 48, 14, 46, 44, 46, 2, 48, 46, 44, 15, 52, 51, 52, 14, 48, 51, 48, 13, 52, 48, 51, 3, 45, 65, 45, 13, 67, 65, 67, 20, 45, 67, 65, 13, 44, 64, 44, 2, 62, 64, 62, 19, 44, 62, 64, 20, 68, 66, 68, 19, 63, 66, 63, 6, 68, 63, 66, 13, 64, 67, 64, 19, 68, 67, 68, 20, 64, 68, 67, 3, 65, 81, 65, 20, 83, 81, 83, 25, 65, 83, 81, 20, 66, 86, 66, 6, 84, 86, 84, 26, 66, 84, 86, 25, 88, 82, 88, 26, 85, 82, 85, 8, 88, 85, 82, 20, 86, 83, 86, 26, 88, 83, 88, 25, 86, 88, 83, 3, 81, 99, 81, 25, 102, 99, 102, 29, 81, 102, 99, 25, 82, 117, 82, 8, 114, 117, 114, 32, 82, 114, 117, 29, 119, 100, 119, 32, 115, 100, 115, 9, 119, 115, 100, 25, 117, 102, 117, 32, 119, 102, 119, 29, 117, 119, 102, 4, 103, 60, 103, 30, 106, 60, 106, 18, 103, 106, 60, 30, 104, 113, 104, 9, 109, 113, 109, 31, 104, 109, 113, 18, 111, 61, 111, 31, 108, 61, 108, 5, 111, 108, 61, 30, 113, 106, 113, 31, 111, 106, 111, 18, 113, 111, 106, 2, 46, 141, 46, 14, 143, 141, 143, 38, 46, 143, 141, 14, 47, 147, 47, 4, 145, 147, 145, 39, 47, 145, 147, 38, 149, 142, 149, 39, 146, 142, 146, 11, 149, 146, 142, 14, 147, 143, 147, 39, 149, 143, 149, 38, 147, 149, 143, 6, 63, 126, 63, 19, 128, 126, 128, 35, 63, 128, 126, 19, 62, 125, 62, 2, 123, 125, 123, 34, 62, 123, 125, 35, 130, 127, 130, 34, 124, 127, 124, 10, 130, 124, 127, 19, 125, 128, 125, 34, 130, 128, 130, 35, 125, 130, 128, 8, 85, 90, 85, 26, 94, 90, 94, 27, 85, 94, 90, 26, 84, 87, 84, 6, 76, 87, 76, 23, 84, 76, 87, 27, 92, 89, 92, 23, 77, 89, 77, 7, 92, 77, 89, 26, 87, 94, 87, 23, 92, 94, 92, 27, 87, 92, 94, 9, 115, 96, 115, 32, 118, 96, 118, 28, 115, 118, 96, 32, 114, 116, 114, 8, 79, 116, 79, 24, 114, 79, 116, 28, 98, 95, 98, 24, 78, 95, 78, 1, 98, 78, 95, 32, 116, 118, 116, 24, 98, 118, 98, 28, 116, 98, 118]
        point3f[] points = [(2.426342, 0.8482793, 1.78), (2.4736578, 0.8482793, 1.78), (2.426342, 0.7717207, 1.78), (2.4736578, 0.7717207, 1.78), (2.45, 0.7863421, 1.8182793), (2.45, 0.8336579, 1.8182793), (2.45, 0.7863421, 1.7417207), (2.45, 0.8336579, 1.7417207), (2.4882793, 0.81, 1.756342), (2.4882793, 0.81, 1.8036579), (2.4117208, 0.81, 1.756342), (2.4117208, 0.81, 1.8036579), (2.45, 0.855, 1.78), (2.45, 0.765, 1.78), (2.4360943, 0.77359426, 1.8025), (2.4639058, 0.77359426, 1.8025), (2.4360943, 0.84640574, 1.8025), (2.4639058, 0.84640574, 1.8025), (2.45, 0.81, 1.825), (2.4360943, 0.77359426, 1.7575), (2.4639058, 0.77359426, 1.7575), (2.4360943, 0.84640574, 1.7575), (2.4639058, 0.84640574, 1.7575), (2.45, 0.81, 1.735), (2.4864058, 0.8325, 1.7660942), (2.4864058, 0.7875, 1.7660942), (2.4725, 0.79609424, 1.7435943), (2.4725, 0.82390577, 1.7435943), (2.4864058, 0.8325, 1.7939057), (2.4864058, 0.7875, 1.7939057), (2.4725, 0.79609424, 1.8164058), (2.4725, 0.82390577, 1.8164058), (2.495, 0.81, 1.78), (2.4135942, 0.8325, 1.7660942), (2.4135942, 0.7875, 1.7660942), (2.4275, 0.79609424, 1.7435943), (2.4275, 0.82390577, 1.7435943), (2.4135942, 0.8325, 1.7939057), (2.4135942, 0.7875, 1.7939057), (2.4275, 0.79609424, 1.8164058), (2.4275, 0.82390577, 1.8164058), (2.405, 0.81, 1.78), (2.437703, 0.8532872, 1.78), (2.462297, 0.8532872, 1.78), (2.437703, 0.7667128, 1.78), (2.462297, 0.7667128, 1.78), (2.430475, 0.7711799, 1.7916951), (2.442772, 0.77877986, 1.8115921), (2.4426894, 0.76720244, 1.791829), (2.469525, 0.7711799, 1.7916951), (2.457228, 0.77877986, 1.8115921), (2.4573107, 0.76720244, 1.791829), (2.45, 0.7717207, 1.8036579), (2.430475, 0.8488201, 1.7916951), (2.442772, 0.84122014, 1.8115921), (2.4426894, 0.85279757, 1.791829), (2.469525, 0.8488201, 1.7916951), (2.457228, 0.84122014, 1.8115921), (2.4573107, 0.85279757, 1.791829), (2.45, 0.8482793, 1.8036579), (2.45, 0.797703, 1.8232872), (2.45, 0.822297, 1.8232872), (2.430475, 0.7711799, 1.7683048), (2.442772, 0.77877986, 1.748408), (2.4426894, 0.76720244, 1.7681711), (2.469525, 0.7711799, 1.7683048), (2.457228, 0.77877986, 1.748408), (2.4573107, 0.76720244, 1.7681711), (2.45, 0.7717207, 1.756342), (2.430475, 0.8488201, 1.7683048), (2.442772, 0.84122014, 1.748408), (2.4426894, 0.85279757, 1.7681711), (2.469525, 0.8488201, 1.7683048), (2.457228, 0.84122014, 1.748408), (2.4573107, 0.85279757, 1.7681711), (2.45, 0.8482793, 1.756342), (2.45, 0.797703, 1.7367128), (2.45, 0.822297, 1.7367128), (2.48122, 0.8415921, 1.772772), (2.48882, 0.82169515, 1.760475), (2.4764504, 0.8409686, 1.7608603), (2.48122, 0.77840793, 1.772772), (2.48882, 0.79830486, 1.760475), (2.4764504, 0.7790314, 1.7608603), (2.4616952, 0.790475, 1.74118), (2.4815922, 0.802772, 1.7487799), (2.4691396, 0.78354967, 1.7490314), (2.461829, 0.8026893, 1.7372024), (2.4809685, 0.79086035, 1.7535497), (2.4616952, 0.829525, 1.74118), (2.4815922, 0.817228, 1.7487799), (2.4691396, 0.83645034, 1.7490314), (2.461829, 0.8173107, 1.7372024), (2.4809685, 0.82913965, 1.7535497), (2.4736578, 0.81, 1.7417207), (2.48122, 0.8415921, 1.787228), (2.48882, 0.82169515, 1.799525), (2.4764504, 0.8409686, 1.7991396), (2.4882793, 0.8336579, 1.78), (2.48122, 0.77840793, 1.787228), (2.48882, 0.79830486, 1.799525), (2.4764504, 0.7790314, 1.7991396), (2.4882793, 0.7863421, 1.78), (2.4616952, 0.790475, 1.8188201), (2.4815922, 0.802772, 1.8112202), (2.4691396, 0.78354967, 1.8109686), (2.461829, 0.8026893, 1.8227975), (2.4809685, 0.79086035, 1.8064504), (2.4616952, 0.829525, 1.8188201), (2.4815922, 0.817228, 1.8112202), (2.4691396, 0.83645034, 1.8109686), (2.461829, 0.8173107, 1.8227975), (2.4809685, 0.82913965, 1.8064504), (2.4736578, 0.81, 1.8182793), (2.4932873, 0.81, 1.767703), (2.4932873, 0.81, 1.792297), (2.4927976, 0.82182896, 1.7726893), (2.4927976, 0.79817104, 1.7726893), (2.4927976, 0.82182896, 1.7873107), (2.4927976, 0.79817104, 1.7873107), (2.4187799, 0.8415921, 1.772772), (2.41118, 0.82169515, 1.760475), (2.4235497, 0.8409686, 1.7608603), (2.4187799, 0.77840793, 1.772772), (2.41118, 0.79830486, 1.760475), (2.4235497, 0.7790314, 1.7608603), (2.438305, 0.790475, 1.74118), (2.418408, 0.802772, 1.7487799), (2.4308603, 0.78354967, 1.7490314), (2.4381711, 0.8026893, 1.7372024), (2.4190314, 0.79086035, 1.7535497), (2.438305, 0.829525, 1.74118), (2.418408, 0.817228, 1.7487799), (2.4308603, 0.83645034, 1.7490314), (2.4381711, 0.8173107, 1.7372024), (2.4190314, 0.82913965, 1.7535497), (2.426342, 0.81, 1.7417207), (2.4187799, 0.8415921, 1.787228), (2.41118, 0.82169515, 1.799525), (2.4235497, 0.8409686, 1.7991396), (2.4117208, 0.8336579, 1.78), (2.4187799, 0.77840793, 1.787228), (2.41118, 0.79830486, 1.799525), (2.4235497, 0.7790314, 1.7991396), (2.4117208, 0.7863421, 1.78), (2.438305, 0.790475, 1.8188201), (2.418408, 0.802772, 1.8112202), (2.4308603, 0.78354967, 1.8109686), (2.4381711, 0.8026893, 1.8227975), (2.4190314, 0.79086035, 1.8064504), (2.438305, 0.829525, 1.8188201), (2.418408, 0.817228, 1.8112202), (2.4308603, 0.83645034, 1.8109686), (2.4381711, 0.8173107, 1.8227975), (2.4190314, 0.82913965, 1.8064504), (2.426342, 0.81, 1.8182793), (2.4067128, 0.81, 1.767703), (2.4067128, 0.81, 1.792297), (2.4072025, 0.82182896, 1.7726893), (2.4072025, 0.79817104, 1.7726893), (2.4072025, 0.82182896, 1.7873107), (2.4072025, 0.79817104, 1.7873107)]
    }

    def Mesh "hp_r"
    {
        int[] faceVertexCounts = [3, 3, 3, 3, 3, 3, 3, 3, 3, 3, 3, 3, 3, 3, 3, 3, 3, 3, 3, 3, 3, 3, 3, 3, 3, 3, 3, 3, 3, 3, 3, 3, 3, 3, 3, 3, 3, 3, 3, 3, 3, 3, 3, 3, 3, 3, 3, 3, 3, 3, 3, 3, 3, 3, 3, 3, 3, 3, 3, 3, 3, 3, 3, 3, 3, 3, 3, 3, 3, 3, 3, 3, 3, 3, 3, 3, 3, 3, 3, 3, 3, 3, 3, 3, 3, 3, 3, 3, 3, 3, 3, 3, 3, 3, 3, 3, 3, 3, 3, 3, 3, 3, 3, 3, 3, 3, 3, 3, 3, 3, 3, 3, 3, 3, 3, 3, 3, 3, 3, 3, 3, 3, 3, 3, 3, 3, 3, 3, 3, 3, 3, 3, 3, 3, 3, 3, 3, 3, 3, 3, 3, 3, 3, 3, 3, 3, 3, 3, 3, 3, 3, 3, 3, 3, 3, 3, 3, 3, 3, 3, 3, 3, 3, 3, 3, 3, 3, 3, 3, 3, 3, 3, 3, 3, 3, 3, 3, 3, 3, 3, 3, 3, 3, 3, 3, 3, 3, 3, 3, 3, 3, 3, 3, 3, 3, 3, 3, 3, 3, 3, 3, 3, 3, 3, 3, 3, 3, 3, 3, 3, 3, 3, 3, 3, 3, 3, 3, 3, 3, 3, 3, 3, 3, 3, 3, 3, 3, 3, 3, 3, 3, 3, 3, 3, 3, 3, 3, 3, 3, 3, 3, 3, 3, 3, 3, 3, 3, 3, 3, 3, 3, 3, 3, 3, 3, 3, 3, 3, 3, 3, 3, 3, 3, 3, 3, 3, 3, 3, 3, 3, 3, 3, 3, 3, 3, 3, 3, 3, 3, 3, 3, 3, 3, 3, 3, 3, 3, 3, 3, 3, 3, 3, 3, 3, 3, 3, 3, 3, 3, 3, 3, 3, 3, 3, 3, 3, 3, 3, 3, 3, 3, 3, 3, 3, 3, 3, 3, 3, 3, 3]
        int[] faceVertexIndices = [0, 137, 53, 137, 37, 139, 53, 139, 16, 137, 139, 53, 37, 138, 154, 138, 11, 151, 154, 151, 40, 138, 151, 154, 16, 152, 54, 152, 40, 150, 54, 150, 5, 152, 150, 54, 37, 154, 139, 154, 40, 152, 139, 152, 16, 154, 152, 139, 0, 53, 42, 53, 16, 55, 42, 55, 12, 53, 55, 42, 16, 54, 59, 54, 5, 57, 59, 57, 17, 54, 57, 59, 12, 58, 43, 58, 17, 56, 43, 56, 1, 58, 56, 43, 16, 59, 55, 59, 17, 58, 55, 58, 12, 59, 58, 55, 0, 42, 69, 42, 12, 71, 69, 71, 21, 42, 71, 69, 12, 43, 74, 43, 1, 72, 74, 72, 22, 43, 72, 74, 21, 75, 70, 75, 22, 73, 70, 73, 7, 75, 73, 70, 12, 74, 71, 74, 22, 75, 71, 75, 21, 74, 75, 71, 0, 69, 120, 69, 21, 122, 120, 122, 33, 69, 122, 120, 21, 70, 133, 70, 7, 131, 133, 131, 36, 70, 131, 133, 33, 135, 121, 135, 36, 132, 121, 132, 10, 135, 132, 121, 21, 133, 122, 133, 36, 135, 122, 135, 33, 133, 135, 122, 0, 120, 137, 120, 33, 140, 137, 140, 37, 120, 140, 137, 33, 121, 158, 121, 10, 156, 158, 156, 41, 121, 156, 158, 37, 160, 138, 160, 41, 157, 138, 157, 11, 160, 157, 138, 33, 158, 140, 158, 41, 160, 140, 160, 37, 158, 160, 140, 1, 56, 95, 56, 17, 97, 95, 97, 28, 56, 97, 95, 17, 57, 110, 57, 5, 108, 110, 108, 31, 57, 108, 110, 28, 112, 96, 112, 31, 109, 96, 109, 9, 112, 109, 96, 17, 110, 97, 110, 31, 112, 97, 112, 28, 110, 112, 97, 5, 150, 61, 150, 40, 153, 61, 153, 18, 150, 153, 61, 40, 151, 155, 151, 11, 146, 155, 146, 39, 151, 146, 155, 18, 148, 60, 148, 39, 145, 60, 145, 4, 148, 145, 60, 40, 155, 153, 155, 39, 148, 153, 148, 18, 155, 148, 153, 11, 157, 142, 157, 41, 161, 142, 161, 38, 157, 161, 142, 41, 156, 159, 156, 10, 124, 159, 124, 34, 156, 124, 159, 38, 144, 141, 144, 34, 123, 141, 123, 2, 144, 123, 141, 41, 159, 161, 159, 34, 144, 161, 144, 38, 159, 144, 161, 10, 132, 127, 132, 36, 136, 127, 136, 35, 132, 136, 127, 36, 131, 134, 131, 7, 77, 134, 77, 23, 131, 77, 134, 35, 129, 126, 129, 23, 76, 126, 76, 6, 129, 76, 126, 36, 134, 136, 134, 23, 129, 136, 129, 35, 134, 129, 136, 7, 73, 89, 73, 22, 91, 89, 91, 27, 73, 91, 89, 22, 72, 80, 72, 1, 78, 80, 78, 24, 72, 78, 80, 27, 93, 90, 93, 24, 79, 90, 79, 8, 93, 79, 90, 22, 80, 91, 80, 24, 93, 91, 93, 27, 80, 93, 91, 3, 99, 49, 99, 29, 101, 49, 101, 15, 99, 101, 49, 29, 100, 107, 100, 9, 104, 107, 104, 30, 100, 104, 107, 15, 105, 50, 105, 30, 103, 50, 103, 4, 105, 103, 50, 29, 107, 101, 107, 30, 105, 101, 105, 15, 107, 105, 101, 3, 49, 45, 49, 15, 51, 45, 51, 13, 49, 51, 45, 15, 50, 52, 50, 4, 47, 52, 47, 14, 50, 47, 52, 13, 48, 44, 48, 14, 46, 44, 46, 2, 48, 46, 44, 15, 52, 51, 52, 14, 48, 51, 48, 13, 52, 48, 51, 3, 45, 65, 45, 13, 67, 65, 67, 20, 45, 67, 65, 13, 44, 64, 44, 2, 62, 64, 62, 19, 44, 62, 64, 20, 68, 66, 68, 19, 63, 66, 63, 6, 68, 63, 66, 13, 64, 67, 64, 19, 68, 67, 68, 20, 64, 68, 67, 3, 65, 81, 65, 20, 83, 81, 83, 25, 65, 83, 81, 20, 66, 86, 66, 6, 84, 86, 84, 26, 66, 84, 86, 25, 88, 82, 88, 26, 85, 82, 85, 8, 88, 85, 82, 20, 86, 83, 86, 26, 88, 83, 88, 25, 86, 88, 83, 3, 81, 99, 81, 25, 102, 99, 102, 29, 81, 102, 99, 25, 82, 117, 82, 8, 114, 117, 114, 32, 82, 114, 117, 29, 119, 100, 119, 32, 115, 100, 115, 9, 119, 115, 100, 25, 117, 102, 117, 32, 119, 102, 119, 29, 117, 119, 102, 4, 103, 60, 103, 30, 106, 60, 106, 18, 103, 106, 60, 30, 104, 113, 104, 9, 109, 113, 109, 31, 104, 109, 113, 18, 111, 61, 111, 31, 108, 61, 108, 5, 111, 108, 61, 30, 113, 106, 113, 31, 111, 106, 111, 18, 113, 111, 106, 2, 46, 141, 46, 14, 143, 141, 143, 38, 46, 143, 141, 14, 47, 147, 47, 4, 145, 147, 145, 39, 47, 145, 147, 38, 149, 142, 149, 39, 146, 142, 146, 11, 149, 146, 142, 14, 147, 143, 147, 39, 149, 143, 149, 38, 147, 149, 143, 6, 63, 126, 63, 19, 128, 126, 128, 35, 63, 128, 126, 19, 62, 125, 62, 2, 123, 125, 123, 34, 62, 123, 125, 35, 130, 127, 130, 34, 124, 127, 124, 10, 130, 124, 127, 19, 125, 128, 125, 34, 130, 128, 130, 35, 125, 130, 128, 8, 85, 90, 85, 26, 94, 90, 94, 27, 85, 94, 90, 26, 84, 87, 84, 6, 76, 87, 76, 23, 84, 76, 87, 27, 92, 89, 92, 23, 77, 89, 77, 7, 92, 77, 89, 26, 87, 94, 87, 23, 92, 94, 92, 27, 87, 92, 94, 9, 115, 96, 115, 32, 118, 96, 118, 28, 115, 118, 96, 32, 114, 116, 114, 8, 79, 116, 79, 24, 114, 79, 116, 28, 98, 95, 98, 24, 78, 95, 78, 1, 98, 78, 95, 32, 116, 118, 116, 24, 98, 118, 98, 28, 116, 98, 118]
        point3f[] points = [(2.426342, 0.8482793, 1.88), (2.4736578, 0.8482793, 1.88), (2.426342, 0.7717207, 1.88), (2.4736578, 0.7717207, 1.88), (2.45, 0.7863421, 1.9182793), (2.45, 0.8336579, 1.9182793), (2.45, 0.7863421, 1.8417207), (2.45, 0.8336579, 1.8417207), (2.4882793, 0.81, 1.8563421), (2.4882793, 0.81, 1.9036579), (2.4117208, 0.81, 1.8563421), (2.4117208, 0.81, 1.9036579), (2.45, 0.855, 1.88), (2.45, 0.765, 1.88), (2.4360943, 0.77359426, 1.9025), (2.4639058, 0.77359426, 1.9025), (2.4360943, 0.84640574, 1.9025), (2.4639058, 0.84640574, 1.9025), (2.45, 0.81, 1.925), (2.4360943, 0.77359426, 1.8575), (2.4639058, 0.77359426, 1.8575), (2.4360943, 0.84640574, 1.8575), (2.4639058, 0.84640574, 1.8575), (2.45, 0.81, 1.835), (2.4864058, 0.8325, 1.8660942), (2.4864058, 0.7875, 1.8660942), (2.4725, 0.79609424, 1.8435942), (2.4725, 0.82390577, 1.8435942), (2.4864058, 0.8325, 1.8939058), (2.4864058, 0.7875, 1.8939058), (2.4725, 0.79609424, 1.9164058), (2.4725, 0.82390577, 1.9164058), (2.495, 0.81, 1.88), (2.4135942, 0.8325, 1.8660942), (2.4135942, 0.7875, 1.8660942), (2.4275, 0.79609424, 1.8435942), (2.4275, 0.82390577, 1.8435942), (2.4135942, 0.8325, 1.8939058), (2.4135942, 0.7875, 1.8939058), (2.4275, 0.79609424, 1.9164058), (2.4275, 0.82390577, 1.9164058), (2.405, 0.81, 1.88), (2.437703, 0.8532872, 1.88), (2.462297, 0.8532872, 1.88), (2.437703, 0.7667128, 1.88), (2.462297, 0.7667128, 1.88), (2.430475, 0.7711799, 1.8916951), (2.442772, 0.77877986, 1.9115921), (2.4426894, 0.76720244, 1.8918289), (2.469525, 0.7711799, 1.8916951), (2.457228, 0.77877986, 1.9115921), (2.4573107, 0.76720244, 1.8918289), (2.45, 0.7717207, 1.9036579), (2.430475, 0.8488201, 1.8916951), (2.442772, 0.84122014, 1.9115921), (2.4426894, 0.85279757, 1.8918289), (2.469525, 0.8488201, 1.8916951), (2.457228, 0.84122014, 1.9115921), (2.4573107, 0.85279757, 1.8918289), (2.45, 0.8482793, 1.9036579), (2.45, 0.797703, 1.9232873), (2.45, 0.822297, 1.9232873), (2.430475, 0.7711799, 1.8683048), (2.442772, 0.77877986, 1.8484079), (2.4426894, 0.76720244, 1.8681711), (2.469525, 0.7711799, 1.8683048), (2.457228, 0.77877986, 1.8484079), (2.4573107, 0.76720244, 1.8681711), (2.45, 0.7717207, 1.8563421), (2.430475, 0.8488201, 1.8683048), (2.442772, 0.84122014, 1.8484079), (2.4426894, 0.85279757, 1.8681711), (2.469525, 0.8488201, 1.8683048), (2.457228, 0.84122014, 1.8484079), (2.4573107, 0.85279757, 1.8681711), (2.45, 0.8482793, 1.8563421), (2.45, 0.797703, 1.8367127), (2.45, 0.822297, 1.8367127), (2.48122, 0.8415921, 1.872772), (2.48882, 0.82169515, 1.8604751), (2.4764504, 0.8409686, 1.8608603), (2.48122, 0.77840793, 1.872772), (2.48882, 0.79830486, 1.8604751), (2.4764504, 0.7790314, 1.8608603), (2.4616952, 0.790475, 1.84118), (2.4815922, 0.802772, 1.8487799), (2.4691396, 0.78354967, 1.8490314), (2.461829, 0.8026893, 1.8372024), (2.4809685, 0.79086035, 1.8535497), (2.4616952, 0.829525, 1.84118), (2.4815922, 0.817228, 1.8487799), (2.4691396, 0.83645034, 1.8490314), (2.461829, 0.8173107, 1.8372024), (2.4809685, 0.82913965, 1.8535497), (2.4736578, 0.81, 1.8417207), (2.48122, 0.8415921, 1.887228), (2.48882, 0.82169515, 1.8995249), (2.4764504, 0.8409686, 1.8991396), (2.4882793, 0.8336579, 1.88), (2.48122, 0.77840793, 1.887228), (2.48882, 0.79830486, 1.8995249), (2.4764504, 0.7790314, 1.8991396), (2.4882793, 0.7863421, 1.88), (2.4616952, 0.790475, 1.91882), (2.4815922, 0.802772, 1.9112201), (2.4691396, 0.78354967, 1.9109685), (2.461829, 0.8026893, 1.9227976), (2.4809685, 0.79086035, 1.9064504), (2.4616952, 0.829525, 1.91882), (2.4815922, 0.817228, 1.9112201), (2.4691396, 0.83645034, 1.9109685), (2.461829, 0.8173107, 1.9227976), (2.4809685, 0.82913965, 1.9064504), (2.4736578, 0.81, 1.9182793), (2.4932873, 0.81, 1.867703), (2.4932873, 0.81, 1.892297), (2.4927976, 0.82182896, 1.8726894), (2.4927976, 0.79817104, 1.8726894), (2.4927976, 0.82182896, 1.8873107), (2.4927976, 0.79817104, 1.8873107), (2.4187799, 0.8415921, 1.872772), (2.41118, 0.82169515, 1.8604751), (2.4235497, 0.8409686, 1.8608603), (2.4187799, 0.77840793, 1.872772), (2.41118, 0.79830486, 1.8604751), (2.4235497, 0.7790314, 1.8608603), (2.438305, 0.790475, 1.84118), (2.418408, 0.802772, 1.8487799), (2.4308603, 0.78354967, 1.8490314), (2.4381711, 0.8026893, 1.8372024), (2.4190314, 0.79086035, 1.8535497), (2.438305, 0.829525, 1.84118), (2.418408, 0.817228, 1.8487799), (2.4308603, 0.83645034, 1.8490314), (2.4381711, 0.8173107, 1.8372024), (2.4190314, 0.82913965, 1.8535497), (2.426342, 0.81, 1.8417207), (2.4187799, 0.8415921, 1.887228), (2.41118, 0.82169515, 1.8995249), (2.4235497, 0.8409686, 1.8991396), (2.4117208, 0.8336579, 1.88), (2.4187799, 0.77840793, 1.887228), (2.41118, 0.79830486, 1.8995249), (2.4235497, 0.7790314, 1.8991396), (2.4117208, 0.7863421, 1.88), (2.438305, 0.790475, 1.91882), (2.418408, 0.802772, 1.9112201), (2.4308603, 0.78354967, 1.9109685), (2.4381711, 0.8026893, 1.9227976), (2.4190314, 0.79086035, 1.9064504), (2.438305, 0.829525, 1.91882), (2.418408, 0.817228, 1.9112201), (2.4308603, 0.83645034, 1.9109685), (2.4381711, 0.8173107, 1.9227976), (2.4190314, 0.82913965, 1.9064504), (2.426342, 0.81, 1.9182793), (2.4067128, 0.81, 1.867703), (2.4067128, 0.81, 1.892297), (2.4072025, 0.82182896, 1.8726894), (2.4072025, 0.79817104, 1.8726894), (2.4072025, 0.82182896, 1.8873107), (2.4072025, 0.79817104, 1.8873107)]
    }

    def Mesh "hp_arch"
    {
        int[] faceVertexCounts = [3, 3, 3, 3, 3, 3, 3, 3, 3, 3, 3, 3, 3, 3, 3, 3, 3, 3, 3, 3, 3, 3, 3, 3, 3, 3, 3, 3, 3, 3, 3, 3, 3, 3, 3, 3, 3, 3, 3, 3, 3, 3, 3, 3, 3, 3, 3, 3]
        int[] faceVertexIndices = [1, 0, 4, 1, 4, 2, 2, 4, 5, 2, 5, 3, 4, 0, 6, 4, 6, 5, 5, 6, 7, 5, 7, 3, 6, 0, 8, 6, 8, 7, 7, 8, 9, 7, 9, 3, 8, 0, 10, 8, 10, 9, 9, 10, 11, 9, 11, 3, 10, 0, 12, 10, 12, 11, 11, 12, 13, 11, 13, 3, 12, 0, 14, 12, 14, 13, 13, 14, 15, 13, 15, 3, 14, 0, 16, 14, 16, 15, 15, 16, 17, 15, 17, 3, 16, 0, 18, 16, 18, 17, 17, 18, 19, 17, 19, 3, 18, 0, 20, 18, 20, 19, 19, 20, 21, 19, 21, 3, 20, 0, 22, 20, 22, 21, 21, 22, 23, 21, 23, 3, 22, 0, 24, 22, 24, 23, 23, 24, 25, 23, 25, 3, 24, 0, 1, 24, 1, 25, 25, 1, 2, 25, 2, 3]
        point3f[] points = [(2.45, 0.92, 1.83), (2.455, 0.92, 1.83), (2.455, 0.8, 1.83), (2.45, 0.8, 1.83), (2.4543302, 0.92, 1.8325), (2.4543302, 0.8, 1.8325), (2.4525, 0.92, 1.8343301), (2.4525, 0.8, 1.8343301), (2.45, 0.92, 1.835), (2.45, 0.8, 1.835), (2.4475, 0.92, 1.8343301), (2.4475, 0.8, 1.8343301), (2.44567, 0.92, 1.8325), (2.44567, 0.8, 1.8325), (2.445, 0.92, 1.83), (2.445, 0.8, 1.83), (2.44567, 0.92, 1.8275), (2.44567, 0.8, 1.8275), (2.4475, 0.92, 1.8256699), (2.4475, 0.8, 1.8256699), (2.45, 0.92, 1.825), (2.45, 0.8, 1.825), (2.4525, 0.92, 1.8256699), (2.4525, 0.8, 1.8256699), (2.4543302, 0.92, 1.8275), (2.4543302, 0.8, 1.8275)]
    }

    def Mesh "pen_cup"
    {
        int[] faceVertexCounts = [3, 3, 3, 3, 3, 3, 3, 3, 3, 3, 3, 3, 3, 3, 3, 3, 3, 3, 3, 3, 3, 3, 3, 3, 3, 3, 3, 3, 3, 3, 3, 3, 3, 3, 3, 3, 3, 3, 3, 3, 3, 3, 3, 3, 3, 3, 3, 3]
        int[] faceVertexIndices = [1, 0, 4, 1, 4, 2, 2, 4, 5, 2, 5, 3, 4, 0, 6, 4, 6, 5, 5, 6, 7, 5, 7, 3, 6, 0, 8, 6, 8, 7, 7, 8, 9, 7, 9, 3, 8, 0, 10, 8, 10, 9, 9, 10, 11, 9, 11, 3, 10, 0, 12, 10, 12, 11, 11, 12, 13, 11, 13, 3, 12, 0, 14, 12, 14, 13, 13, 14, 15, 13, 15, 3, 14, 0, 16, 14, 16, 15, 15, 16, 17, 15, 17, 3, 16, 0, 18, 16, 18, 17, 17, 18, 19, 17, 19, 3, 18, 0, 20, 18, 20, 19, 19, 20, 21, 19, 21, 3, 20, 0, 22, 20, 22, 21, 21, 22, 23, 21, 23, 3, 22, 0, 24, 22, 24, 23, 23, 24, 25, 23, 25, 3, 24, 0, 1, 24, 1, 25, 25, 1, 2, 25, 2, 3]
        point3f[] points = [(3.55, 0.82, 1.74), (3.59, 0.82, 1.74), (3.59, 0.82, 1.82), (3.55, 0.82, 1.82), (3.584641, 0.84, 1.74), (3.584641, 0.84, 1.82), (3.57, 0.854641, 1.74), (3.57, 0.854641, 1.82), (3.55, 0.86, 1.74), (3.55, 0.86, 1.82), (3.53, 0.854641, 1.74), (3.53, 0.854641, 1.82), (3.515359, 0.84, 1.74), (3.515359, 0.84, 1.82), (3.51, 0.82, 1.74), (3.51, 0.82, 1.82), (3.515359, 0.8, 1.74), (3.515359, 0.8, 1.82), (3.53, 0.78535897, 1.74), (3.53, 0.78535897, 1.82), (3.55, 0.78, 1.74), (3.55, 0.78, 1.82), (3.57, 0.78535897, 1.74), (3.57, 0.78535897, 1.82), (3.584641, 0.8, 1.74), (3.584641, 0.8, 1.82)]
    }

    def Mesh "pen1"
    {
        int[] faceVertexCounts = [3, 3, 3, 3, 3, 3, 3, 3, 3, 3, 3, 3, 3, 3, 3, 3, 3, 3, 3, 3, 3, 3, 3, 3, 3, 3, 3, 3, 3, 3, 3, 3, 3, 3, 3, 3, 3, 3, 3, 3, 3, 3, 3, 3, 3, 3, 3, 3]
        int[] faceVertexIndices = [1, 0, 4, 1, 4, 2, 2, 4, 5, 2, 5, 3, 4, 0, 6, 4, 6, 5, 5, 6, 7, 5, 7, 3, 6, 0, 8, 6, 8, 7, 7, 8, 9, 7, 9, 3, 8, 0, 10, 8, 10, 9, 9, 10, 11, 9, 11, 3, 10, 0, 12, 10, 12, 11, 11, 12, 13, 11, 13, 3, 12, 0, 14, 12, 14, 13, 13, 14, 15, 13, 15, 3, 14, 0, 16, 14, 16, 15, 15, 16, 17, 15, 17, 3, 16, 0, 18, 16, 18, 17, 17, 18, 19, 17, 19, 3, 18, 0, 20, 18, 20, 19, 19, 20, 21, 19, 21, 3, 20, 0, 22, 20, 22, 21, 21, 22, 23, 21, 23, 3, 22, 0, 24, 22, 24, 23, 23, 24, 25, 23, 25, 3, 24, 0, 1, 24, 1, 25, 25, 1, 2, 25, 2, 3]
        point3f[] points = [(3.55, 0.9, 1.71), (3.555, 0.9, 1.71), (3.555, 0.9, 1.85), (3.55, 0.9, 1.85), (3.55433, 0.9025, 1.71), (3.55433, 0.9025, 1.85), (3.5525, 0.90433013, 1.71), (3.5525, 0.90433013, 1.85), (3.55, 0.905, 1.71), (3.55, 0.905, 1.85), (3.5475, 0.90433013, 1.71), (3.5475, 0.90433013, 1.85), (3.5456698, 0.9025, 1.71), (3.5456698, 0.9025, 1.85), (3.545, 0.9, 1.71), (3.545, 0.9, 1.85), (3.5456698, 0.8975, 1.71), (3.5456698, 0.8975, 1.85), (3.5475, 0.8956699, 1.71), (3.5475, 0.8956699, 1.85), (3.55, 0.895, 1.71), (3.55, 0.895, 1.85), (3.5525, 0.8956699, 1.71), (3.5525, 0.8956699, 1.85), (3.55433, 0.8975, 1.71), (3.55433, 0.8975, 1.85)]
    }

    def Mesh "pen2"
    {
        int[] faceVertexCounts = [3, 3, 3, 3, 3, 3, 3, 3, 3, 3, 3, 3, 3, 3, 3, 3, 3, 3, 3, 3, 3, 3, 3, 3, 3, 3, 3, 3, 3, 3, 3, 3, 3, 3, 3, 3, 3, 3, 3, 3, 3, 3, 3, 3, 3, 3, 3, 3]
        int[] faceVertexIndices = [1, 0, 4, 1, 4, 2, 2, 4, 5, 2, 5, 3, 4, 0, 6, 4, 6, 5, 5, 6, 7, 5, 7, 3, 6, 0, 8, 6, 8, 7, 7, 8, 9, 7, 9, 3, 8, 0, 10, 8, 10, 9, 9, 10, 11, 9, 11, 3, 10, 0, 12, 10, 12, 11, 11, 12, 13, 11, 13, 3, 12, 0, 14, 12, 14, 13, 13, 14, 15, 13, 15, 3, 14, 0, 16, 14, 16, 15, 15, 16, 17, 15, 17, 3, 16, 0, 18, 16, 18, 17, 17, 18, 19, 17, 19, 3, 18, 0, 20, 18, 20, 19, 19, 20, 21, 19, 21, 3, 20, 0, 22, 20, 22, 21, 21, 22, 23, 21, 23, 3, 22, 0, 24, 22, 24, 23, 23, 24, 25, 23, 25, 3, 24, 0, 1, 24, 1, 25, 25, 1, 2, 25, 2, 3]
        point3f[] points = [(3.54, 0.9, 1.72), (3.545, 0.9, 1.72), (3.545, 0.9, 1.86), (3.54, 0.9, 1.86), (3.5443301, 0.9025, 1.72), (3.5443301, 0.9025, 1.86), (3.5425, 0.90433013, 1.72), (3.5425, 0.90433013, 1.86), (3.54, 0.905, 1.72), (3.54, 0.905, 1.86), (3.5375, 0.90433013, 1.72), (3.5375, 0.90433013, 1.86), (3.5356698, 0.9025, 1.72), (3.5356698, 0.9025, 1.86), (3.535, 0.9, 1.72), (3.535, 0.9, 1.86), (3.5356698, 0.8975, 1.72), (3.5356698, 0.8975, 1.86), (3.5375, 0.8956699, 1.72), (3.5375, 0.8956699, 1.86), (3.54, 0.895, 1.72), (3.54, 0.895, 1.86), (3.5425, 0.8956699, 1.72), (3.5425, 0.8956699, 1.86), (3.5443301, 0.8975, 1.72), (3.5443301, 0.8975, 1.86)]
    }

    def Mesh "pen3"
    {
        int[] faceVertexCounts = [3, 3, 3, 3, 3, 3, 3, 3, 3, 3, 3, 3, 3, 3, 3, 3, 3, 3, 3, 3, 3, 3, 3, 3, 3, 3, 3, 3, 3, 3, 3, 3, 3, 3, 3, 3, 3, 3, 3, 3, 3, 3, 3, 3, 3, 3, 3, 3]
        int[] faceVertexIndices = [1, 0, 4, 1, 4, 2, 2, 4, 5, 2, 5, 3, 4, 0, 6, 4, 6, 5, 5, 6, 7, 5, 7, 3, 6, 0, 8, 6, 8, 7, 7, 8, 9, 7, 9, 3, 8, 0, 10, 8, 10, 9, 9, 10, 11, 9, 11, 3, 10, 0, 12, 10, 12, 11, 11, 12, 13, 11, 13, 3, 12, 0, 14, 12, 14, 13, 13, 14, 15, 13, 15, 3, 14, 0, 16, 14, 16, 15, 15, 16, 17, 15, 17, 3, 16, 0, 18, 16, 18, 17, 17, 18, 19, 17, 19, 3, 18, 0, 20, 18, 20, 19, 19, 20, 21, 19, 21, 3, 20, 0, 22, 20, 22, 21, 21, 22, 23, 21, 23, 3, 22, 0, 24, 22, 24, 23, 23, 24, 25, 23, 25, 3, 24, 0, 1, 24, 1, 25, 25, 1, 2, 25, 2, 3]
        point3f[] points = [(3.56, 0.9, 1.7), (3.565, 0.9, 1.7), (3.565, 0.9, 1.84), (3.56, 0.9, 1.84), (3.56433, 0.9025, 1.7), (3.56433, 0.9025, 1.84), (3.5625, 0.90433013, 1.7), (3.5625, 0.90433013, 1.84), (3.56, 0.905, 1.7), (3.56, 0.905, 1.84), (3.5575, 0.90433013, 1.7), (3.5575, 0.90433013, 1.84), (3.5556698, 0.9025, 1.7), (3.5556698, 0.9025, 1.84), (3.555, 0.9, 1.7), (3.555, 0.9, 1.84), (3.5556698, 0.8975, 1.7), (3.5556698, 0.8975, 1.84), (3.5575, 0.8956699, 1.7), (3.5575, 0.8956699, 1.84), (3.56, 0.895, 1.7), (3.56, 0.895, 1.84), (3.5625, 0.8956699, 1.7), (3.5625, 0.8956699, 1.84), (3.56433, 0.8975, 1.7), (3.56433, 0.8975, 1.84)]
    }

    def Mesh "lamp_base"
    {
        int[] faceVertexCounts = [3, 3, 3, 3, 3, 3, 3, 3, 3, 3, 3, 3, 3, 3, 3, 3, 3, 3, 3, 3, 3, 3, 3, 3, 3, 3, 3, 3, 3, 3, 3, 3, 3, 3, 3, 3, 3, 3, 3, 3, 3, 3, 3, 3, 3, 3, 3, 3]
        int[] faceVertexIndices = [1, 0, 4, 1, 4, 2, 2, 4, 5, 2, 5, 3, 4, 0, 6, 4, 6, 5, 5, 6, 7, 5, 7, 3, 6, 0, 8, 6, 8, 7, 7, 8, 9, 7, 9, 3, 8, 0, 10, 8, 10, 9, 9, 10, 11, 9, 11, 3, 10, 0, 12, 10, 12, 11, 11, 12, 13, 11, 13, 3, 12, 0, 14, 12, 14, 13, 13, 14, 15, 13, 15, 3, 14, 0, 16, 14, 16, 15, 15, 16, 17, 15, 17, 3, 16, 0, 18, 16, 18, 17, 17, 18, 19, 17, 19, 3, 18, 0, 20, 18, 20, 19, 19, 20, 21, 19, 21, 3, 20, 0, 22, 20, 22, 21, 21, 22, 23, 21, 23, 3, 22, 0, 24, 22, 24, 23, 23, 24, 25, 23, 25, 3, 24, 0, 1, 24, 1, 25, 25, 1, 2, 25, 2, 3]
        point3f[] points = [(2.45, 0.82, 1.91), (2.51, 0.82, 1.91), (2.51, 0.82, 1.93), (2.45, 0.82, 1.93), (2.5019615, 0.85, 1.91), (2.5019615, 0.85, 1.93), (2.48, 0.87196153, 1.91), (2.48, 0.87196153, 1.93), (2.45, 0.88, 1.91), (2.45, 0.88, 1.93), (2.42, 0.87196153, 1.91), (2.42, 0.87196153, 1.93), (2.3980384, 0.85, 1.91), (2.3980384, 0.85, 1.93), (2.39, 0.82, 1.91), (2.39, 0.82, 1.93), (2.3980384, 0.79, 1.91), (2.3980384, 0.79, 1.93), (2.42, 0.76803845, 1.91), (2.42, 0.76803845, 1.93), (2.45, 0.76, 1.91), (2.45, 0.76, 1.93), (2.48, 0.76803845, 1.91), (2.48, 0.76803845, 1.93), (2.5019615, 0.79, 1.91), (2.5019615, 0.79, 1.93)]
    }

    def Mesh "lamp_arm"
    {
        int[] faceVertexCounts = [3, 3, 3, 3, 3, 3, 3, 3, 3, 3, 3, 3, 3, 3, 3, 3, 3, 3, 3, 3, 3, 3, 3, 3, 3, 3, 3, 3, 3, 3, 3, 3, 3, 3, 3, 3, 3, 3, 3, 3, 3, 3, 3, 3, 3, 3, 3, 3]
        int[] faceVertexIndices = [1, 0, 4, 1, 4, 2, 2, 4, 5, 2, 5, 3, 4, 0, 6, 4, 6, 5, 5, 6, 7, 5, 7, 3, 6, 0, 8, 6, 8, 7, 7, 8, 9, 7, 9, 3, 8, 0, 10, 8, 10, 9, 9, 10, 11, 9, 11, 3, 10, 0, 12, 10, 12, 11, 11, 12, 13, 11, 13, 3, 12, 0, 14, 12, 14, 13, 13, 14, 15, 13, 15, 3, 14, 0, 16, 14, 16, 15, 15, 16, 17, 15, 17, 3, 16, 0, 18, 16, 18, 17, 17, 18, 19, 17, 19, 3, 18, 0, 20, 18, 20, 19, 19, 20, 21, 19, 21, 3, 20, 0, 22, 20, 22, 21, 21, 22, 23, 21, 23, 3, 22, 0, 24, 22, 24, 23, 23, 24, 25, 23, 25, 3, 24, 0, 1, 24, 1, 25, 25, 1, 2, 25, 2, 3]
        point3f[] points = [(2.45, 0.97, 1.77), (2.462, 0.97, 1.77), (2.462, 0.97, 2.07), (2.45, 0.97, 2.07), (2.4603922, 0.976, 1.77), (2.4603922, 0.976, 2.07), (2.456, 0.9803923, 1.77), (2.456, 0.9803923, 2.07), (2.45, 0.982, 1.77), (2.45, 0.982, 2.07), (2.444, 0.9803923, 1.77), (2.444, 0.9803923, 2.07), (2.4396076, 0.976, 1.77), (2.4396076, 0.976, 2.07), (2.438, 0.97, 1.77), (2.438, 0.97, 2.07), (2.4396076, 0.964, 1.77), (2.4396076, 0.964, 2.07), (2.444, 0.9596077, 1.77), (2.444, 0.9596077, 2.07), (2.45, 0.958, 1.77), (2.45, 0.958, 2.07), (2.456, 0.9596077, 1.77), (2.456, 0.9596077, 2.07), (2.4603922, 0.964, 1.77), (2.4603922, 0.964, 2.07)]
    }

    def Mesh "lamp_shade"
    {
        int[] faceVertexCounts = [3, 3, 3, 3, 3, 3, 3, 3, 3, 3, 3, 3, 3, 3, 3, 3, 3, 3, 3, 3, 3, 3, 3, 3, 3, 3, 3, 3, 3, 3, 3, 3, 3, 3, 3, 3, 3, 3, 3, 3, 3, 3, 3, 3, 3, 3, 3, 3]
        int[] faceVertexIndices = [1, 0, 4, 1, 4, 2, 2, 4, 5, 2, 5, 3, 4, 0, 6, 4, 6, 5, 5, 6, 7, 5, 7, 3, 6, 0, 8, 6, 8, 7, 7, 8, 9, 7, 9, 3, 8, 0, 10, 8, 10, 9, 9, 10, 11, 9, 11, 3, 10, 0, 12, 10, 12, 11, 11, 12, 13, 11, 13, 3, 12, 0, 14, 12, 14, 13, 13, 14, 15, 13, 15, 3, 14, 0, 16, 14, 16, 15, 15, 16, 17, 15, 17, 3, 16, 0, 18, 16, 18, 17, 17, 18, 19, 17, 19, 3, 18, 0, 20, 18, 20, 19, 19, 20, 21, 19, 21, 3, 20, 0, 22, 20, 22, 21, 21, 22, 23, 21, 23, 3, 22, 0, 24, 22, 24, 23, 23, 24, 25, 23, 25, 3, 24, 0, 1, 24, 1, 25, 25, 1, 2, 25, 2, 3]
        point3f[] points = [(2.45, 1.17, 1.87), (2.53, 1.17, 1.87), (2.53, 1.17, 1.97), (2.45, 1.17, 1.97), (2.519282, 1.21, 1.87), (2.519282, 1.21, 1.97), (2.49, 1.239282, 1.87), (2.49, 1.239282, 1.97), (2.45, 1.25, 1.87), (2.45, 1.25, 1.97), (2.41, 1.239282, 1.87), (2.41, 1.239282, 1.97), (2.380718, 1.21, 1.87), (2.380718, 1.21, 1.97), (2.37, 1.17, 1.87), (2.37, 1.17, 1.97), (2.380718, 1.13, 1.87), (2.380718, 1.13, 1.97), (2.41, 1.100718, 1.87), (2.41, 1.100718, 1.97), (2.45, 1.09, 1.87), (2.45, 1.09, 1.97), (2.49, 1.100718, 1.87), (2.49, 1.100718, 1.97), (2.519282, 1.13, 1.87), (2.519282, 1.13, 1.97)]
    }

    def Mesh "closet_body"
    {
        int[] faceVertexCounts = [3, 3, 3, 3, 3, 3, 3, 3, 3, 3, 3, 3]
        int[] faceVertexIndices = [1, 3, 0, 4, 1, 0, 0, 3, 2, 2, 4, 0, 1, 7, 3, 5, 1, 4, 5, 7, 1, 3, 7, 2, 6, 4, 2, 2, 7, 6, 6, 5, 4, 7, 5, 6]
        point3f[] points = [(0.05, 0, 0.1), (0.05, 0, 1.1), (0.05, 2.1, 0.1), (0.05, 2.1, 1.1), (0.55, 0, 0.1), (0.55, 0, 1.1), (0.55, 2.1, 0.1), (0.55, 2.1, 1.1)]
    }

    def Mesh "closet_door_l"
    {
        int[] faceVertexCounts = [3, 3, 3, 3, 3, 3, 3, 3, 3, 3, 3, 3]
        int[] faceVertexIndices = [1, 3, 0, 4, 1, 0, 0, 3, 2, 2, 4, 0, 1, 7, 3, 5, 1, 4, 5, 7, 1, 3, 7, 2, 6, 4, 2, 2, 7, 6, 6, 5, 4, 7, 5, 6]
        point3f[] points = [(0.07, 0.005, 0.085), (0.07, 0.005, 0.115), (0.07, 1.955, 0.085), (0.07, 1.955, 0.115), (0.53, 0.005, 0.085), (0.53, 0.005, 0.115), (0.53, 1.955, 0.085), (0.53, 1.955, 0.115)]
    }

    def Mesh "closet_door_r"
    {
        int[] faceVertexCounts = [3, 3, 3, 3, 3, 3, 3, 3, 3, 3, 3, 3]
        int[] faceVertexIndices = [1, 3, 0, 4, 1, 0, 0, 3, 2, 2, 4, 0, 1, 7, 3, 5, 1, 4, 5, 7, 1, 3, 7, 2, 6, 4, 2, 2, 7, 6, 6, 5, 4, 7, 5, 6]
        point3f[] points = [(0.07, 0.005, 0.115), (0.07, 0.005, 0.145), (0.07, 1.955, 0.115), (0.07, 1.955, 0.145), (0.53, 0.005, 0.115), (0.53, 0.005, 0.145), (0.53, 1.955, 0.115), (0.53, 1.955, 0.145)]
    }

    def Mesh "closet_knob_l"
    {
        int[] faceVertexCounts = [3, 3, 3, 3, 3, 3, 3, 3, 3, 3, 3, 3, 3, 3, 3, 3, 3, 3, 3, 3, 3, 3, 3, 3, 3, 3, 3, 3, 3, 3, 3, 3, 3, 3, 3, 3, 3, 3, 3, 3, 3, 3, 3, 3, 3, 3, 3, 3, 3, 3, 3, 3, 3, 3, 3, 3, 3, 3, 3, 3, 3, 3, 3, 3, 3, 3, 3, 3, 3, 3, 3, 3, 3, 3, 3, 3, 3, 3, 3, 3, 3, 3, 3, 3, 3, 3, 3, 3, 3, 3, 3, 3, 3, 3, 3, 3, 3, 3, 3, 3, 3, 3, 3, 3, 3, 3, 3, 3, 3, 3, 3, 3, 3, 3, 3, 3, 3, 3, 3, 3, 3, 3, 3, 3, 3, 3, 3, 3, 3, 3, 3, 3, 3, 3, 3, 3, 3, 3, 3, 3, 3, 3, 3, 3, 3, 3, 3, 3, 3, 3, 3, 3, 3, 3, 3, 3, 3, 3, 3, 3, 3, 3, 3, 3, 3, 3, 3, 3, 3, 3, 3, 3, 3, 3, 3, 3, 3, 3, 3, 3, 3, 3, 3, 3, 3, 3, 3, 3, 3, 3, 3, 3, 3, 3, 3, 3, 3, 3, 3, 3, 3, 3, 3, 3, 3, 3, 3, 3, 3, 3, 3, 3, 3, 3, 3, 3, 3, 3, 3, 3, 3, 3, 3, 3, 3, 3, 3, 3, 3, 3, 3, 3, 3, 3, 3, 3, 3, 3, 3, 3, 3, 3, 3, 3, 3, 3, 3, 3, 3, 3, 3, 3, 3, 3, 3, 3, 3, 3, 3, 3, 3, 3, 3, 3, 3, 3, 3, 3, 3, 3, 3, 3, 3, 3, 3, 3, 3, 3, 3, 3, 3, 3, 3, 3, 3, 3, 3, 3, 3, 3, 3, 3, 3, 3, 3, 3, 3, 3, 3, 3, 3, 3, 3, 3, 3, 3, 3, 3, 3, 3, 3, 3, 3, 3, 3, 3, 3, 3, 3, 3]
        int[] faceVertexIndices = [0, 137, 53, 137, 37, 139, 53, 139, 16, 137, 139, 53, 37, 138, 154, 138, 11, 151, 154, 151, 40, 138, 151, 154, 16, 152, 54, 152, 40, 150, 54, 150, 5, 152, 150, 54, 37, 154, 139, 154, 40, 152, 139, 152, 16, 154, 152, 139, 0, 53, 42, 53, 16, 55, 42, 55, 12, 53, 55, 42, 16, 54, 59, 54, 5, 57, 59, 57, 17, 54, 57, 59, 12, 58, 43, 58, 17, 56, 43, 56, 1, 58, 56, 43, 16, 59, 55, 59, 17, 58, 55, 58, 12, 59, 58, 55, 0, 42, 69, 42, 12, 71, 69, 71, 21, 42, 71, 69, 12, 43, 74, 43, 1, 72, 74, 72, 22, 43, 72, 74, 21, 75, 70, 75, 22, 73, 70, 73, 7, 75, 73, 70, 12, 74, 71, 74, 22, 75, 71, 75, 21, 74, 75, 71, 0, 69, 120, 69, 21, 122, 120, 122, 33, 69, 122, 120, 21, 70, 133, 70, 7, 131, 133, 131, 36, 70, 131, 133, 33, 135, 121, 135, 36, 132, 121, 132, 10, 135, 132, 121, 21, 133, 122, 133, 36, 135, 122, 135, 33, 133, 135, 122, 0, 120, 137, 120, 33, 140, 137, 140, 37, 120, 140, 137, 33, 121, 158, 121, 10, 156, 158, 156, 41, 121, 156, 158, 37, 160, 138, 160, 41, 157, 138, 157, 11, 160, 157, 138, 33, 158, 140, 158, 41, 160, 140, 160, 37, 158, 160, 140, 1, 56, 95, 56, 17, 97, 95, 97, 28, 56, 97, 95, 17, 57, 110, 57, 5, 108, 110, 108, 31, 57, 108, 110, 28, 112, 96, 112, 31, 109, 96, 109, 9, 112, 109, 96, 17, 110, 97, 110, 31, 112, 97, 112, 28, 110, 112, 97, 5, 150, 61, 150, 40, 153, 61, 153, 18, 150, 153, 61, 40, 151, 155, 151, 11, 146, 155, 146, 39, 151, 146, 155, 18, 148, 60, 148, 39, 145, 60, 145, 4, 148, 145, 60, 40, 155, 153, 155, 39, 148, 153, 148, 18, 155, 148, 153, 11, 157, 142, 157, 41, 161, 142, 161, 38, 157, 161, 142, 41, 156, 159, 156, 10, 124, 159, 124, 34, 156, 124, 159, 38, 144, 141, 144, 34, 123, 141, 123, 2, 144, 123, 141, 41, 159, 161, 159, 34, 144, 161, 144, 38, 159, 144, 161, 10, 132, 127, 132, 36, 136, 127, 136, 35, 132, 136, 127, 36, 131, 134, 131, 7, 77, 134, 77, 23, 131, 77, 134, 35, 129, 126, 129, 23, 76, 126, 76, 6, 129, 76, 126, 36, 134, 136, 134, 23, 129, 136, 129, 35, 134, 129, 136, 7, 73, 89, 73, 22, 91, 89, 91, 27, 73, 91, 89, 22, 72, 80, 72, 1, 78, 80, 78, 24, 72, 78, 80, 27, 93, 90, 93, 24, 79, 90, 79, 8, 93, 79, 90, 22, 80, 91, 80, 24, 93, 91, 93, 27, 80, 93, 91, 3, 99, 49, 99, 29, 101, 49, 101, 15, 99, 101, 49, 29, 100, 107, 100, 9, 104, 107, 104, 30, 100, 104, 107, 15, 105, 50, 105, 30, 103, 50, 103, 4, 105, 103, 50, 29, 107, 101, 107, 30, 105, 101, 105, 15, 107, 105, 101, 3, 49, 45, 49, 15, 51, 45, 51, 13, 49, 51, 45, 15, 50, 52, 50, 4, 47, 52, 47, 14, 50, 47, 52, 13, 48, 44, 48, 14, 46, 44, 46, 2, 48, 46, 44, 15, 52, 51, 52, 14, 48, 51, 48, 13, 52, 48, 51, 3, 45, 65, 45, 13, 67, 65, 67, 20, 45, 67, 65, 13, 44, 64, 44, 2, 62, 64, 62, 19, 44, 62, 64, 20, 68, 66, 68, 19, 63, 66, 63, 6, 68, 63, 66, 13, 64, 67, 64, 19, 68, 67, 68, 20, 64, 68, 67, 3, 65, 81, 65, 20, 83, 81, 83, 25, 65, 83, 81, 20, 66, 86, 66, 6, 84, 86, 84, 26, 66, 84, 86, 25, 88, 82, 88, 26, 85, 82, 85, 8, 88, 85, 82, 20, 86, 83, 86, 26, 88, 83, 88, 25, 86, 88, 83, 3, 81, 99, 81, 25, 102, 99, 102, 29, 81, 102, 99, 25, 82, 117, 82, 8, 114, 117, 114, 32, 82, 114, 117, 29, 119, 100, 119, 32, 115, 100, 115, 9, 119, 115, 100, 25, 117, 102, 117, 32, 119, 102, 119, 29, 117, 119, 102, 4, 103, 60, 103, 30, 106, 60, 106, 18, 103, 106, 60, 30, 104, 113, 104, 9, 109, 113, 109, 31, 104, 109, 113, 18, 111, 61, 111, 31, 108, 61, 108, 5, 111, 108, 61, 30, 113, 106, 113, 31, 111, 106, 111, 18, 113, 111, 106, 2, 46, 141, 46, 14, 143, 141, 143, 38, 46, 143, 141, 14, 47, 147, 47, 4, 145, 147, 145, 39, 47, 145, 147, 38, 149, 142, 149, 39, 146, 142, 146, 11, 149, 146, 142, 14, 147, 143, 147, 39, 149, 143, 149, 38, 147, 149, 143, 6, 63, 126, 63, 19, 128, 126, 128, 35, 63, 128, 126, 19, 62, 125, 62, 2, 123, 125, 123, 34, 62, 123, 125, 35, 130, 127, 130, 34, 124, 127, 124, 10, 130, 124, 127, 19, 125, 128, 125, 34, 130, 128, 130, 35, 125, 130, 128, 8, 85, 90, 85, 26, 94, 90, 94, 27, 85, 94, 90, 26, 84, 87, 84, 6, 76, 87, 76, 23, 84, 76, 87, 27, 92, 89, 92, 23, 77, 89, 77, 7, 92, 77, 89, 26, 87, 94, 87, 23, 92, 94, 92, 27, 87, 92, 94, 9, 115, 96, 115, 32, 118, 96, 118, 28, 115, 118, 96, 32, 114, 116, 114, 8, 79, 116, 79, 24, 114, 79, 116, 28, 98, 95, 98, 24, 78, 95, 78, 1, 98, 78, 95, 32, 116, 118, 116, 24, 98, 118, 98, 28, 116, 98, 118]
        point3f[] points = [(0.06053684, 0.9653117, 0.1), (0.07946316, 0.9653117, 0.1), (0.06053684, 0.93468827, 0.1), (0.07946316, 0.93468827, 0.1), (0.07, 0.94053686, 0.11531171), (0.07, 0.9594632, 0.11531171), (0.07, 0.94053686, 0.08468828), (0.07, 0.9594632, 0.08468828), (0.08531171, 0.95, 0.09053684), (0.08531171, 0.95, 0.10946316), (0.054688286, 0.95, 0.09053684), (0.054688286, 0.95, 0.10946316), (0.07, 0.968, 0.1), (0.07, 0.932, 0.1), (0.064437695, 0.9354377, 0.109), (0.075562306, 0.9354377, 0.109), (0.064437695, 0.9645623, 0.109), (0.075562306, 0.9645623, 0.109), (0.07, 0.95, 0.118), (0.064437695, 0.9354377, 0.091), (0.075562306, 0.9354377, 0.091), (0.064437695, 0.9645623, 0.091), (0.075562306, 0.9645623, 0.091), (0.07, 0.95, 0.082), (0.08456231, 0.959, 0.094437696), (0.08456231, 0.941, 0.094437696), (0.079, 0.9444377, 0.08543769), (0.079, 0.9555623, 0.08543769), (0.08456231, 0.959, 0.10556231), (0.08456231, 0.941, 0.10556231), (0.079, 0.9444377, 0.1145623), (0.079, 0.9555623, 0.1145623), (0.088, 0.95, 0.1), (0.055437695, 0.959, 0.094437696), (0.055437695, 0.941, 0.094437696), (0.061, 0.9444377, 0.08543769), (0.061, 0.9555623, 0.08543769), (0.055437695, 0.959, 0.10556231), (0.055437695, 0.941, 0.10556231), (0.061, 0.9444377, 0.1145623), (0.061, 0.9555623, 0.1145623), (0.052, 0.95, 0.1), (0.0650812, 0.9673149, 0.1), (0.0749188, 0.9673149, 0.1), (0.0650812, 0.93268514, 0.1), (0.0749188, 0.93268514, 0.1), (0.062190007, 0.93447196, 0.10467806), (0.0671088, 0.937512, 0.112636834), (0.06707572, 0.932881, 0.10473158), (0.07781, 0.93447196, 0.10467806), (0.0728912, 0.937512, 0.112636834), (0.07292428, 0.932881, 0.10473158), (0.07, 0.93468827, 0.10946316), (0.062190007, 0.965528, 0.10467806), (0.0671088, 0.96248806, 0.112636834), (0.06707572, 0.96711904, 0.10473158), (0.07781, 0.965528, 0.10467806), (0.0728912, 0.96248806, 0.112636834), (0.07292428, 0.96711904, 0.10473158), (0.07, 0.9653117, 0.10946316), (0.07, 0.9450812, 0.11731489), (0.07, 0.9549188, 0.11731489), (0.062190007, 0.93447196, 0.095321946), (0.0671088, 0.937512, 0.08736316), (0.06707572, 0.932881, 0.09526842), (0.07781, 0.93447196, 0.095321946), (0.0728912, 0.937512, 0.08736316), (0.07292428, 0.932881, 0.09526842), (0.07, 0.93468827, 0.09053684), (0.062190007, 0.965528, 0.095321946), (0.0671088, 0.96248806, 0.08736316), (0.06707572, 0.96711904, 0.09526842), (0.07781, 0.965528, 0.095321946), (0.0728912, 0.96248806, 0.08736316), (0.07292428, 0.96711904, 0.09526842), (0.07, 0.9653117, 0.09053684), (0.07, 0.9450812, 0.08268511), (0.07, 0.9549188, 0.08268511), (0.082488045, 0.9626368, 0.0971088), (0.08552803, 0.95467806, 0.092190005), (0.08058014, 0.96238744, 0.09234414), (0.082488045, 0.93736315, 0.0971088), (0.08552803, 0.9453219, 0.092190005), (0.08058014, 0.93761253, 0.09234414), (0.074678056, 0.94219, 0.08447197), (0.08263683, 0.9471088, 0.08751195), (0.07765586, 0.93941987, 0.08761256), (0.07473158, 0.9470757, 0.08288098), (0.08238744, 0.9423441, 0.089419864), (0.074678056, 0.95781, 0.08447197), (0.08263683, 0.9528912, 0.08751195), (0.07765586, 0.9605801, 0.08761256), (0.07473158, 0.95292425, 0.08288098), (0.08238744, 0.95765585, 0.089419864), (0.07946316, 0.95, 0.08468828), (0.082488045, 0.9626368, 0.1028912), (0.08552803, 0.95467806, 0.10780999), (0.08058014, 0.96238744, 0.10765586), (0.08531171, 0.9594632, 0.1), (0.082488045, 0.93736315, 0.1028912), (0.08552803, 0.9453219, 0.10780999), (0.08058014, 0.93761253, 0.10765586), (0.08531171, 0.94053686, 0.1), (0.074678056, 0.94219, 0.11552803), (0.08263683, 0.9471088, 0.11248805), (0.07765586, 0.93941987, 0.11238743), (0.07473158, 0.9470757, 0.117119014), (0.08238744, 0.9423441, 0.11058013), (0.074678056, 0.95781, 0.11552803), (0.08263683, 0.9528912, 0.11248805), (0.07765586, 0.9605801, 0.11238743), (0.07473158, 0.95292425, 0.117119014), (0.08238744, 0.95765585, 0.11058013), (0.07946316, 0.95, 0.11531171), (0.08731489, 0.95, 0.0950812), (0.08731489, 0.95, 0.1049188), (0.08711902, 0.9547316, 0.09707572), (0.08711902, 0.9452684, 0.09707572), (0.08711902, 0.9547316, 0.10292428), (0.08711902, 0.9452684, 0.10292428), (0.05751195, 0.9626368, 0.0971088), (0.054471966, 0.95467806, 0.092190005), (0.059419867, 0.96238744, 0.09234414), (0.05751195, 0.93736315, 0.0971088), (0.054471966, 0.9453219, 0.092190005), (0.059419867, 0.93761253, 0.09234414), (0.065321945, 0.94219, 0.08447197), (0.057363164, 0.9471088, 0.08751195), (0.06234414, 0.93941987, 0.08761256), (0.06526842, 0.9470757, 0.08288098), (0.057612564, 0.9423441, 0.089419864), (0.065321945, 0.95781, 0.08447197), (0.057363164, 0.9528912, 0.08751195), (0.06234414, 0.9605801, 0.08761256), (0.06526842, 0.95292425, 0.08288098), (0.057612564, 0.95765585, 0.089419864), (0.06053684, 0.95, 0.08468828), (0.05751195, 0.9626368, 0.1028912), (0.054471966, 0.95467806, 0.10780999), (0.059419867, 0.96238744, 0.10765586), (0.054688286, 0.9594632, 0.1), (0.05751195, 0.93736315, 0.1028912), (0.054471966, 0.9453219, 0.10780999), (0.059419867, 0.93761253, 0.10765586), (0.054688286, 0.94053686, 0.1), (0.065321945, 0.94219, 0.11552803), (0.057363164, 0.9471088, 0.11248805), (0.06234414, 0.93941987, 0.11238743), (0.06526842, 0.9470757, 0.117119014), (0.057612564, 0.9423441, 0.11058013), (0.065321945, 0.95781, 0.11552803), (0.057363164, 0.9528912, 0.11248805), (0.06234414, 0.9605801, 0.11238743), (0.06526842, 0.95292425, 0.117119014), (0.057612564, 0.95765585, 0.11058013), (0.06053684, 0.95, 0.11531171), (0.052685108, 0.95, 0.0950812), (0.052685108, 0.95, 0.1049188), (0.052880984, 0.9547316, 0.09707572), (0.052880984, 0.9452684, 0.09707572), (0.052880984, 0.9547316, 0.10292428), (0.052880984, 0.9452684, 0.10292428)]
    }

    def Mesh "closet_knob_r"
    {
        int[] faceVertexCounts = [3, 3, 3, 3, 3, 3, 3, 3, 3, 3, 3, 3, 3, 3, 3, 3, 3, 3, 3, 3, 3, 3, 3, 3, 3, 3, 3, 3, 3, 3, 3, 3, 3, 3, 3, 3, 3, 3, 3, 3, 3, 3, 3, 3, 3, 3, 3, 3, 3, 3, 3, 3, 3, 3, 3, 3, 3, 3, 3, 3, 3, 3, 3, 3, 3, 3, 3, 3, 3, 3, 3, 3, 3, 3, 3, 3, 3, 3, 3, 3, 3, 3, 3, 3, 3, 3, 3, 3, 3, 3, 3, 3, 3, 3, 3, 3, 3, 3, 3, 3, 3, 3, 3, 3, 3, 3, 3, 3, 3, 3, 3, 3, 3, 3, 3, 3, 3, 3, 3, 3, 3, 3, 3, 3, 3, 3, 3, 3, 3, 3, 3, 3, 3, 3, 3, 3, 3, 3, 3, 3, 3, 3, 3, 3, 3, 3, 3, 3, 3, 3, 3, 3, 3, 3, 3, 3, 3, 3, 3, 3, 3, 3, 3, 3, 3, 3, 3, 3, 3, 3, 3, 3, 3, 3, 3, 3, 3, 3, 3, 3, 3, 3, 3, 3, 3, 3, 3, 3, 3, 3, 3, 3, 3, 3, 3, 3, 3, 3, 3, 3, 3, 3, 3, 3, 3, 3, 3, 3, 3, 3, 3, 3, 3, 3, 3, 3, 3, 3, 3, 3, 3, 3, 3, 3, 3, 3, 3, 3, 3, 3, 3, 3, 3, 3, 3, 3, 3, 3, 3, 3, 3, 3, 3, 3, 3, 3, 3, 3, 3, 3, 3, 3, 3, 3, 3, 3, 3, 3, 3, 3, 3, 3, 3, 3, 3, 3, 3, 3, 3, 3, 3, 3, 3, 3, 3, 3, 3, 3, 3, 3, 3, 3, 3, 3, 3, 3, 3, 3, 3, 3, 3, 3, 3, 3, 3, 3, 3, 3, 3, 3, 3, 3, 3, 3, 3, 3, 3, 3, 3, 3, 3, 3, 3, 3, 3, 3, 3, 3, 3, 3]
        int[] faceVertexIndices = [0, 137, 53, 137, 37, 139, 53, 139, 16, 137, 139, 53, 37, 138, 154, 138, 11, 151, 154, 151, 40, 138, 151, 154, 16, 152, 54, 152, 40, 150, 54, 150, 5, 152, 150, 54, 37, 154, 139, 154, 40, 152, 139, 152, 16, 154, 152, 139, 0, 53, 42, 53, 16, 55, 42, 55, 12, 53, 55, 42, 16, 54, 59, 54, 5, 57, 59, 57, 17, 54, 57, 59, 12, 58, 43, 58, 17, 56, 43, 56, 1, 58, 56, 43, 16, 59, 55, 59, 17, 58, 55, 58, 12, 59, 58, 55, 0, 42, 69, 42, 12, 71, 69, 71, 21, 42, 71, 69, 12, 43, 74, 43, 1, 72, 74, 72, 22, 43, 72, 74, 21, 75, 70, 75, 22, 73, 70, 73, 7, 75, 73, 70, 12, 74, 71, 74, 22, 75, 71, 75, 21, 74, 75, 71, 0, 69, 120, 69, 21, 122, 120, 122, 33, 69, 122, 120, 21, 70, 133, 70, 7, 131, 133, 131, 36, 70, 131, 133, 33, 135, 121, 135, 36, 132, 121, 132, 10, 135, 132, 121, 21, 133, 122, 133, 36, 135, 122, 135, 33, 133, 135, 122, 0, 120, 137, 120, 33, 140, 137, 140, 37, 120, 140, 137, 33, 121, 158, 121, 10, 156, 158, 156, 41, 121, 156, 158, 37, 160, 138, 160, 41, 157, 138, 157, 11, 160, 157, 138, 33, 158, 140, 158, 41, 160, 140, 160, 37, 158, 160, 140, 1, 56, 95, 56, 17, 97, 95, 97, 28, 56, 97, 95, 17, 57, 110, 57, 5, 108, 110, 108, 31, 57, 108, 110, 28, 112, 96, 112, 31, 109, 96, 109, 9, 112, 109, 96, 17, 110, 97, 110, 31, 112, 97, 112, 28, 110, 112, 97, 5, 150, 61, 150, 40, 153, 61, 153, 18, 150, 153, 61, 40, 151, 155, 151, 11, 146, 155, 146, 39, 151, 146, 155, 18, 148, 60, 148, 39, 145, 60, 145, 4, 148, 145, 60, 40, 155, 153, 155, 39, 148, 153, 148, 18, 155, 148, 153, 11, 157, 142, 157, 41, 161, 142, 161, 38, 157, 161, 142, 41, 156, 159, 156, 10, 124, 159, 124, 34, 156, 124, 159, 38, 144, 141, 144, 34, 123, 141, 123, 2, 144, 123, 141, 41, 159, 161, 159, 34, 144, 161, 144, 38, 159, 144, 161, 10, 132, 127, 132, 36, 136, 127, 136, 35, 132, 136, 127, 36, 131, 134, 131, 7, 77, 134, 77, 23, 131, 77, 134, 35, 129, 126, 129, 23, 76, 126, 76, 6, 129, 76, 126, 36, 134, 136, 134, 23, 129, 136, 129, 35, 134, 129, 136, 7, 73, 89, 73, 22, 91, 89, 91, 27, 73, 91, 89, 22, 72, 80, 72, 1, 78, 80, 78, 24, 72, 78, 80, 27, 93, 90, 93, 24, 79, 90, 79, 8, 93, 79, 90, 22, 80, 91, 80, 24, 93, 91, 93, 27, 80, 93, 91, 3, 99, 49, 99, 29, 101, 49, 101, 15, 99, 101, 49, 29, 100, 107, 100, 9, 104, 107, 104, 30, 100, 104, 107, 15, 105, 50, 105, 30, 103, 50, 103, 4, 105, 103, 50, 29, 107, 101, 107, 30, 105, 101, 105, 15, 107, 105, 101, 3, 49, 45, 49, 15, 51, 45, 51, 13, 49, 51, 45, 15, 50, 52, 50, 4, 47, 52, 47, 14, 50, 47, 52, 13, 48, 44, 48, 14, 46, 44, 46, 2, 48, 46, 44, 15, 52, 51, 52, 14, 48, 51, 48, 13, 52, 48, 51, 3, 45, 65, 45, 13, 67, 65, 67, 20, 45, 67, 65, 13, 44, 64, 44, 2, 62, 64, 62, 19, 44, 62, 64, 20, 68, 66, 68, 19, 63, 66, 63, 6, 68, 63, 66, 13, 64, 67, 64, 19, 68, 67, 68, 20, 64, 68, 67, 3, 65, 81, 65, 20, 83, 81, 83, 25, 65, 83, 81, 20, 66, 86, 66, 6, 84, 86, 84, 26, 66, 84, 86, 25, 88, 82, 88, 26, 85, 82, 85, 8, 88, 85, 82, 20, 86, 83, 86, 26, 88, 83, 88, 25, 86, 88, 83, 3, 81, 99, 81, 25, 102, 99, 102, 29, 81, 102, 99, 25, 82, 117, 82, 8, 114, 117, 114, 32, 82, 114, 117, 29, 119, 100, 119, 32, 115, 100, 115, 9, 119, 115, 100, 25, 117, 102, 117, 32, 119, 102, 119, 29, 117, 119, 102, 4, 103, 60, 103, 30, 106, 60, 106, 18, 103, 106, 60, 30, 104, 113, 104, 9, 109, 113, 109, 31, 104, 109, 113, 18, 111, 61, 111, 31, 108, 61, 108, 5, 111, 108, 61, 30, 113, 106, 113, 31, 111, 106, 111, 18, 113, 111, 106, 2, 46, 141, 46, 14, 143, 141, 143, 38, 46, 143, 141, 14, 47, 147, 47, 4, 145, 147, 145, 39, 47, 145, 147, 38, 149, 142, 149, 39, 146, 142, 146, 11, 149, 146, 142, 14, 147, 143, 147, 39, 149, 143, 149, 38, 147, 149, 143, 6, 63, 126, 63, 19, 128, 126, 128, 35, 63, 128, 126, 19, 62, 125, 62, 2, 123, 125, 123, 34, 62, 123, 125, 35, 130, 127, 130, 34, 124, 127, 124, 10, 130, 124, 127, 19, 125, 128, 125, 34, 130, 128, 130, 35, 125, 130, 128, 8, 85, 90, 85, 26, 94, 90, 94, 27, 85, 94, 90, 26, 84, 87, 84, 6, 76, 87, 76, 23, 84, 76, 87, 27, 92, 89, 92, 23, 77, 89, 77, 7, 92, 77, 89, 26, 87, 94, 87, 23, 92, 94, 92, 27, 87, 92, 94, 9, 115, 96, 115, 32, 118, 96, 118, 28, 115, 118, 96, 32, 114, 116, 114, 8, 79, 116, 79, 24, 114, 79, 116, 28, 98, 95, 98, 24, 78, 95, 78, 1, 98, 78, 95, 32, 116, 118, 116, 24, 98, 118, 98, 28, 116, 98, 118]
        point3f[] points = [(0.06053684, 0.9653117, 0.13), (0.07946316, 0.9653117, 0.13), (0.06053684, 0.93468827, 0.13), (0.07946316, 0.93468827, 0.13), (0.07, 0.94053686, 0.14531171), (0.07, 0.9594632, 0.14531171), (0.07, 0.94053686, 0.114688285), (0.07, 0.9594632, 0.114688285), (0.08531171, 0.95, 0.12053684), (0.08531171, 0.95, 0.13946316), (0.054688286, 0.95, 0.12053684), (0.054688286, 0.95, 0.13946316), (0.07, 0.968, 0.13), (0.07, 0.932, 0.13), (0.064437695, 0.9354377, 0.139), (0.075562306, 0.9354377, 0.139), (0.064437695, 0.9645623, 0.139), (0.075562306, 0.9645623, 0.139), (0.07, 0.95, 0.148), (0.064437695, 0.9354377, 0.121), (0.075562306, 0.9354377, 0.121), (0.064437695, 0.9645623, 0.121), (0.075562306, 0.9645623, 0.121), (0.07, 0.95, 0.112), (0.08456231, 0.959, 0.1244377), (0.08456231, 0.941, 0.1244377), (0.079, 0.9444377, 0.115437694), (0.079, 0.9555623, 0.115437694), (0.08456231, 0.959, 0.1355623), (0.08456231, 0.941, 0.1355623), (0.079, 0.9444377, 0.1445623), (0.079, 0.9555623, 0.1445623), (0.088, 0.95, 0.13), (0.055437695, 0.959, 0.1244377), (0.055437695, 0.941, 0.1244377), (0.061, 0.9444377, 0.115437694), (0.061, 0.9555623, 0.115437694), (0.055437695, 0.959, 0.1355623), (0.055437695, 0.941, 0.1355623), (0.061, 0.9444377, 0.1445623), (0.061, 0.9555623, 0.1445623), (0.052, 0.95, 0.13), (0.0650812, 0.9673149, 0.13), (0.0749188, 0.9673149, 0.13), (0.0650812, 0.93268514, 0.13), (0.0749188, 0.93268514, 0.13), (0.062190007, 0.93447196, 0.13467805), (0.0671088, 0.937512, 0.14263684), (0.06707572, 0.932881, 0.13473158), (0.07781, 0.93447196, 0.13467805), (0.0728912, 0.937512, 0.14263684), (0.07292428, 0.932881, 0.13473158), (0.07, 0.93468827, 0.13946316), (0.062190007, 0.965528, 0.13467805), (0.0671088, 0.96248806, 0.14263684), (0.06707572, 0.96711904, 0.13473158), (0.07781, 0.965528, 0.13467805), (0.0728912, 0.96248806, 0.14263684), (0.07292428, 0.96711904, 0.13473158), (0.07, 0.9653117, 0.13946316), (0.07, 0.9450812, 0.14731489), (0.07, 0.9549188, 0.14731489), (0.062190007, 0.93447196, 0.12532194), (0.0671088, 0.937512, 0.11736316), (0.06707572, 0.932881, 0.12526841), (0.07781, 0.93447196, 0.12532194), (0.0728912, 0.937512, 0.11736316), (0.07292428, 0.932881, 0.12526841), (0.07, 0.93468827, 0.12053684), (0.062190007, 0.965528, 0.12532194), (0.0671088, 0.96248806, 0.11736316), (0.06707572, 0.96711904, 0.12526841), (0.07781, 0.965528, 0.12532194), (0.0728912, 0.96248806, 0.11736316), (0.07292428, 0.96711904, 0.12526841), (0.07, 0.9653117, 0.12053684), (0.07, 0.9450812, 0.11268511), (0.07, 0.9549188, 0.11268511), (0.082488045, 0.9626368, 0.1271088), (0.08552803, 0.95467806, 0.122190006), (0.08058014, 0.96238744, 0.12234414), (0.082488045, 0.93736315, 0.1271088), (0.08552803, 0.9453219, 0.122190006), (0.08058014, 0.93761253, 0.12234414), (0.074678056, 0.94219, 0.114471965), (0.08263683, 0.9471088, 0.11751195), (0.07765586, 0.93941987, 0.11761256), (0.07473158, 0.9470757, 0.11288098), (0.08238744, 0.9423441, 0.119419865), (0.074678056, 0.95781, 0.114471965), (0.08263683, 0.9528912, 0.11751195), (0.07765586, 0.9605801, 0.11761256), (0.07473158, 0.95292425, 0.11288098), (0.08238744, 0.95765585, 0.119419865), (0.07946316, 0.95, 0.114688285), (0.082488045, 0.9626368, 0.1328912), (0.08552803, 0.95467806, 0.13780999), (0.08058014, 0.96238744, 0.13765585), (0.08531171, 0.9594632, 0.13), (0.082488045, 0.93736315, 0.1328912), (0.08552803, 0.9453219, 0.13780999), (0.08058014, 0.93761253, 0.13765585), (0.08531171, 0.94053686, 0.13), (0.074678056, 0.94219, 0.14552803), (0.08263683, 0.9471088, 0.14248805), (0.07765586, 0.93941987, 0.14238743), (0.07473158, 0.9470757, 0.14711902), (0.08238744, 0.9423441, 0.14058013), (0.074678056, 0.95781, 0.14552803), (0.08263683, 0.9528912, 0.14248805), (0.07765586, 0.9605801, 0.14238743), (0.07473158, 0.95292425, 0.14711902), (0.08238744, 0.95765585, 0.14058013), (0.07946316, 0.95, 0.14531171), (0.08731489, 0.95, 0.1250812), (0.08731489, 0.95, 0.1349188), (0.08711902, 0.9547316, 0.12707572), (0.08711902, 0.9452684, 0.12707572), (0.08711902, 0.9547316, 0.13292427), (0.08711902, 0.9452684, 0.13292427), (0.05751195, 0.9626368, 0.1271088), (0.054471966, 0.95467806, 0.122190006), (0.059419867, 0.96238744, 0.12234414), (0.05751195, 0.93736315, 0.1271088), (0.054471966, 0.9453219, 0.122190006), (0.059419867, 0.93761253, 0.12234414), (0.065321945, 0.94219, 0.114471965), (0.057363164, 0.9471088, 0.11751195), (0.06234414, 0.93941987, 0.11761256), (0.06526842, 0.9470757, 0.11288098), (0.057612564, 0.9423441, 0.119419865), (0.065321945, 0.95781, 0.114471965), (0.057363164, 0.9528912, 0.11751195), (0.06234414, 0.9605801, 0.11761256), (0.06526842, 0.95292425, 0.11288098), (0.057612564, 0.95765585, 0.119419865), (0.06053684, 0.95, 0.114688285), (0.05751195, 0.9626368, 0.1328912), (0.054471966, 0.95467806, 0.13780999), (0.059419867, 0.96238744, 0.13765585), (0.054688286, 0.9594632, 0.13), (0.05751195, 0.93736315, 0.1328912), (0.054471966, 0.9453219, 0.13780999), (0.059419867, 0.93761253, 0.13765585), (0.054688286, 0.94053686, 0.13), (0.065321945, 0.94219, 0.14552803), (0.057363164, 0.9471088, 0.14248805), (0.06234414, 0.93941987, 0.14238743), (0.06526842, 0.9470757, 0.14711902), (0.057612564, 0.9423441, 0.14058013), (0.065321945, 0.95781, 0.14552803), (0.057363164, 0.9528912, 0.14248805), (0.06234414, 0.9605801, 0.14238743), (0.06526842, 0.95292425, 0.14711902), (0.057612564, 0.95765585, 0.14058013), (0.06053684, 0.95, 0.14531171), (0.052685108, 0.95, 0.1250812), (0.052685108, 0.95, 0.1349188), (0.052880984, 0.9547316, 0.12707572), (0.052880984, 0.9452684, 0.12707572), (0.052880984, 0.9547316, 0.13292427), (0.052880984, 0.9452684, 0.13292427)]
    }

    def Mesh "shelf"
    {
        int[] faceVertexCounts = [3, 3, 3, 3, 3, 3, 3, 3, 3, 3, 3, 3]
        int[] faceVertexIndices = [1, 3, 0, 4, 1, 0, 0, 3, 2, 2, 4, 0, 1, 7, 3, 5, 1, 4, 5, 7, 1, 3, 7, 2, 6, 4, 2, 2, 7, 6, 6, 5, 4, 7, 5, 6]
        point3f[] points = [(2.3, 1.435, 1.75), (2.3, 1.435, 1.95), (2.3, 1.465, 1.75), (2.3, 1.465, 1.95), (3.7, 1.435, 1.75), (3.7, 1.435, 1.95), (3.7, 1.465, 1.75), (3.7, 1.465, 1.95)]
    }

    def Mesh "book1"
    {
        int[] faceVertexCounts = [3, 3, 3, 3, 3, 3, 3, 3, 3, 3, 3, 3]
        int[] faceVertexIndices = [1, 3, 0, 4, 1, 0, 0, 3, 2, 2, 4, 0, 1, 7, 3, 5, 1, 4, 5, 7, 1, 3, 7, 2, 6, 4, 2, 2, 7, 6, 6, 5, 4, 7, 5, 6]
        point3f[] points = [(2.43, 1.47, 1.78), (2.43, 1.47, 1.92), (2.43, 1.67, 1.78), (2.43, 1.67, 1.92), (2.47, 1.47, 1.78), (2.47, 1.47, 1.92), (2.47, 1.67, 1.78), (2.47, 1.67, 1.92)]
    }

    def Mesh "book2"
    {
        int[] faceVertexCounts = [3, 3, 3, 3, 3, 3, 3, 3, 3, 3, 3, 3]
        int[] faceVertexIndices = [1, 3, 0, 4, 1, 0, 0, 3, 2, 2, 4, 0, 1, 7, 3, 5, 1, 4, 5, 7, 1, 3, 7, 2, 6, 4, 2, 2, 7, 6, 6, 5, 4, 7, 5, 6]
        point3f[] points = [(2.48, 1.47, 1.78), (2.48, 1.47, 1.92), (2.48, 1.69, 1.78), (2.48, 1.69, 1.92), (2.52, 1.47, 1.78), (2.52, 1.47, 1.92), (2.52, 1.69, 1.78), (2.52, 1.69, 1.92)]
    }

    def Mesh "book3"
    {
        int[] faceVertexCounts = [3, 3, 3, 3, 3, 3, 3, 3, 3, 3, 3, 3]
        int[] faceVertexIndices = [1, 3, 0, 4, 1, 0, 0, 3, 2, 2, 4, 0, 1, 7, 3, 5, 1, 4, 5, 7, 1, 3, 7, 2, 6, 4, 2, 2, 7, 6, 6, 5, 4, 7, 5, 6]
        point3f[] points = [(2.53, 1.47, 1.78), (2.53, 1.47, 1.92), (2.53, 1.65, 1.78), (2.53, 1.65, 1.92), (2.57, 1.47, 1.78), (2.57, 1.47, 1.92), (2.57, 1.65, 1.78), (2.57, 1.65, 1.92)]
    }

    def Mesh "book4"
    {
        int[] faceVertexCounts = [3, 3, 3, 3, 3, 3, 3, 3, 3, 3, 3, 3]
        int[] faceVertexIndices = [1, 3, 0, 4, 1, 0, 0, 3, 2, 2, 4, 0, 1, 7, 3, 5, 1, 4, 5, 7, 1, 3, 7, 2, 6, 4, 2, 2, 7, 6, 6, 5, 4, 7, 5, 6]
        point3f[] points = [(2.58, 1.47, 1.78), (2.58, 1.47, 1.92), (2.58, 1.68, 1.78), (2.58, 1.68, 1.92), (2.62, 1.47, 1.78), (2.62, 1.47, 1.92), (2.62, 1.68, 1.78), (2.62, 1.68, 1.92)]
    }

    def Mesh "book5"
    {
        int[] faceVertexCounts = [3, 3, 3, 3, 3, 3, 3, 3, 3, 3, 3, 3]
        int[] faceVertexIndices = [1, 3, 0, 4, 1, 0, 0, 3, 2, 2, 4, 0, 1, 7, 3, 5, 1, 4, 5, 7, 1, 3, 7, 2, 6, 4, 2, 2, 7, 6, 6, 5, 4, 7, 5, 6]
        point3f[] points = [(3.38, 1.47, 1.78), (3.38, 1.47, 1.92), (3.38, 1.71, 1.78), (3.38, 1.71, 1.92), (3.42, 1.47, 1.78), (3.42, 1.47, 1.92), (3.42, 1.71, 1.78), (3.42, 1.71, 1.92)]
    }

    def Mesh "book6"
    {
        int[] faceVertexCounts = [3, 3, 3, 3, 3, 3, 3, 3, 3, 3, 3, 3]
        int[] faceVertexIndices = [1, 3, 0, 4, 1, 0, 0, 3, 2, 2, 4, 0, 1, 7, 3, 5, 1, 4, 5, 7, 1, 3, 7, 2, 6, 4, 2, 2, 7, 6, 6, 5, 4, 7, 5, 6]
        point3f[] points = [(3.43, 1.47, 1.78), (3.43, 1.47, 1.92), (3.43, 1.66, 1.78), (3.43, 1.66, 1.92), (3.47, 1.47, 1.78), (3.47, 1.47, 1.92), (3.47, 1.66, 1.78), (3.47, 1.66, 1.92)]
    }

    def Mesh "backpack_body"
    {
        int[] faceVertexCounts = [3, 3, 3, 3, 3, 3, 3, 3, 3, 3, 3, 3]
        int[] faceVertexIndices = [1, 3, 0, 4, 1, 0, 0, 3, 2, 2, 4, 0, 1, 7, 3, 5, 1, 4, 5, 7, 1, 3, 7, 2, 6, 4, 2, 2, 7, 6, 6, 5, 4, 7, 5, 6]
        point3f[] points = [(2.05, 0, 1.41), (2.05, 0, 1.59), (2.05, 0.4, 1.41), (2.05, 0.4, 1.59), (2.35, 0, 1.41), (2.35, 0, 1.59), (2.35, 0.4, 1.41), (2.35, 0.4, 1.59)]
    }

    def Mesh "backpack_strap"
    {
        int[] faceVertexCounts = [3, 3, 3, 3, 3, 3, 3, 3, 3, 3, 3, 3]
        int[] faceVertexIndices = [1, 3, 0, 4, 1, 0, 0, 3, 2, 2, 4, 0, 1, 7, 3, 5, 1, 4, 5, 7, 1, 3, 7, 2, 6, 4, 2, 2, 7, 6, 6, 5, 4, 7, 5, 6]
        point3f[] points = [(2.11, 0.25, 1.48), (2.11, 0.25, 1.52), (2.11, 0.55, 1.48), (2.11, 0.55, 1.52), (2.15, 0.25, 1.48), (2.15, 0.25, 1.52), (2.15, 0.55, 1.48), (2.15, 0.55, 1.52)]
    }

    def Mesh "sneaker_l"
    {
        int[] faceVertexCounts = [3, 3, 3, 3, 3, 3, 3, 3, 3, 3, 3, 3]
        int[] faceVertexIndices = [1, 3, 0, 4, 1, 0, 0, 3, 2, 2, 4, 0, 1, 7, 3, 5, 1, 4, 5, 7, 1, 3, 7, 2, 6, 4, 2, 2, 7, 6, 6, 5, 4, 7, 5, 6]
        point3f[] points = [(3.76, 0, 0.39), (3.76, 0, 0.61), (3.76, 0.08, 0.39), (3.76, 0.08, 0.61), (3.84, 0, 0.39), (3.84, 0, 0.61), (3.84, 0.08, 0.39), (3.84, 0.08, 0.61)]
    }

    def Mesh "sneaker_r"
    {
        int[] faceVertexCounts = [3, 3, 3, 3, 3, 3, 3, 3, 3, 3, 3, 3]
        int[] faceVertexIndices = [1, 3, 0, 4, 1, 0, 0, 3, 2, 2, 4, 0, 1, 7, 3, 5, 1, 4, 5, 7, 1, 3, 7, 2, 6, 4, 2, 2, 7, 6, 6, 5, 4, 7, 5, 6]
        point3f[] points = [(3.76, 0, 0.19), (3.76, 0, 0.41), (3.76, 0.08, 0.19), (3.76, 0.08, 0.41), (3.84, 0, 0.19), (3.84, 0, 0.41), (3.84, 0.08, 0.19), (3.84, 0.08, 0.41)]
    }

    def Mesh "slipper_l"
    {
        int[] faceVertexCounts = [3, 3, 3, 3, 3, 3, 3, 3, 3, 3, 3, 3]
        int[] faceVertexIndices = [1, 3, 0, 4, 1, 0, 0, 3, 2, 2, 4, 0, 1, 7, 3, 5, 1, 4, 5, 7, 1, 3, 7, 2, 6, 4, 2, 2, 7, 6, 6, 5, 4, 7, 5, 6]
        point3f[] points = [(3.45, 0, 0.41), (3.45, 0, 0.59), (3.45, 0.03, 0.41), (3.45, 0.03, 0.59), (3.55, 0, 0.41), (3.55, 0, 0.59), (3.55, 0.03, 0.41), (3.55, 0.03, 0.59)]
    }

    def Mesh "slipper_r"
    {
        int[] faceVertexCounts = [3, 3, 3, 3, 3, 3, 3, 3, 3, 3, 3, 3]
        int[] faceVertexIndices = [1, 3, 0, 4, 1, 0, 0, 3, 2, 2, 4, 0, 1, 7, 3, 5, 1, 4, 5, 7, 1, 3, 7, 2, 6, 4, 2, 2, 7, 6, 6, 5, 4, 7, 5, 6]
        point3f[] points = [(3.45, 0, 0.21), (3.45, 0, 0.39), (3.45, 0.03, 0.21), (3.45, 0.03, 0.39), (3.55, 0, 0.21), (3.55, 0, 0.39), (3.55, 0.03, 0.21), (3.55, 0.03, 0.39)]
    }

    def Mesh "poster_band"
    {
        int[] faceVertexCounts = [3, 3, 3, 3, 3, 3, 3, 3, 3, 3, 3, 3]
        int[] faceVertexIndices = [1, 3, 0, 4, 1, 0, 0, 3, 2, 2, 4, 0, 1, 7, 3, 5, 1, 4, 5, 7, 1, 3, 7, 2, 6, 4, 2, 2, 7, 6, 6, 5, 4, 7, 5, 6]
        point3f[] points = [(0.6, 1.25, 0.0675), (0.6, 1.25, 0.0725), (0.6, 1.95, 0.0675), (0.6, 1.95, 0.0725), (1.1, 1.25, 0.0675), (1.1, 1.25, 0.0725), (1.1, 1.95, 0.0675), (1.1, 1.95, 0.0725)]
    }

    def Mesh "wall_clock"
    {
        int[] faceVertexCounts = [3, 3, 3, 3, 3, 3, 3, 3, 3, 3, 3, 3, 3, 3, 3, 3, 3, 3, 3, 3, 3, 3, 3, 3, 3, 3, 3, 3, 3, 3, 3, 3, 3, 3, 3, 3, 3, 3, 3, 3, 3, 3, 3, 3, 3, 3, 3, 3]
        int[] faceVertexIndices = [1, 0, 4, 1, 4, 2, 2, 4, 5, 2, 5, 3, 4, 0, 6, 4, 6, 5, 5, 6, 7, 5, 7, 3, 6, 0, 8, 6, 8, 7, 7, 8, 9, 7, 9, 3, 8, 0, 10, 8, 10, 9, 9, 10, 11, 9, 11, 3, 10, 0, 12, 10, 12, 11, 11, 12, 13, 11, 13, 3, 12, 0, 14, 12, 14, 13, 13, 14, 15, 13, 15, 3, 14, 0, 16, 14, 16, 15, 15, 16, 17, 15, 17, 3, 16, 0, 18, 16, 18, 17, 17, 18, 19, 17, 19, 3, 18, 0, 20, 18, 20, 19, 19, 20, 21, 19, 21, 3, 20, 0, 22, 20, 22, 21, 21, 22, 23, 21, 23, 3, 22, 0, 24, 22, 24, 23, 23, 24, 25, 23, 25, 3, 24, 0, 1, 24, 1, 25, 25, 1, 2, 25, 2, 3]
        point3f[] points = [(2, 1.815, 0.08), (2.12, 1.815, 0.08), (2.12, 1.785, 0.08), (2, 1.785, 0.08), (2.103923, 1.815, 0.14), (2.103923, 1.785, 0.14), (2.06, 1.815, 0.18392305), (2.06, 1.785, 0.18392305), (2, 1.815, 0.2), (2, 1.785, 0.2), (1.94, 1.815, 0.18392305), (1.94, 1.785, 0.18392305), (1.8960769, 1.815, 0.14), (1.8960769, 1.785, 0.14), (1.88, 1.815, 0.08), (1.88, 1.785, 0.08), (1.8960769, 1.815, 0.02), (1.8960769, 1.785, 0.02), (1.94, 1.815, -0.023923049), (1.94, 1.785, -0.023923049), (2, 1.815, -0.04), (2, 1.785, -0.04), (2.06, 1.815, -0.023923049), (2.06, 1.785, -0.023923049), (2.103923, 1.815, 0.02), (2.103923, 1.785, 0.02)]
    }

    def Mesh "trash"
    {
        int[] faceVertexCounts = [3, 3, 3, 3, 3, 3, 3, 3, 3, 3, 3, 3, 3, 3, 3, 3, 3, 3, 3, 3, 3, 3, 3, 3, 3, 3, 3, 3, 3, 3, 3, 3, 3, 3, 3, 3, 3, 3, 3, 3, 3, 3, 3, 3, 3, 3, 3, 3]
        int[] faceVertexIndices = [1, 0, 4, 1, 4, 2, 2, 4, 5, 2, 5, 3, 4, 0, 6, 4, 6, 5, 5, 6, 7, 5, 7, 3, 6, 0, 8, 6, 8, 7, 7, 8, 9, 7, 9, 3, 8, 0, 10, 8, 10, 9, 9, 10, 11, 9, 11, 3, 10, 0, 12, 10, 12, 11, 11, 12, 13, 11, 13, 3, 12, 0, 14, 12, 14, 13, 13, 14, 15, 13, 15, 3, 14, 0, 16, 14, 16, 15, 15, 16, 17, 15, 17, 3, 16, 0, 18, 16, 18, 17, 17, 18, 19, 17, 19, 3, 18, 0, 20, 18, 20, 19, 19, 20, 21, 19, 21, 3, 20, 0, 22, 20, 22, 21, 21, 22, 23, 21, 23, 3, 22, 0, 24, 22, 24, 23, 23, 24, 25, 23, 25, 3, 24, 0, 1, 24, 1, 25, 25, 1, 2, 25, 2, 3]
        point3f[] points = [(2.2, 0.15, 1.7), (2.3, 0.15, 1.7), (2.3, 0.15, 2), (2.2, 0.15, 2), (2.2866025, 0.2, 1.7), (2.2866025, 0.2, 2), (2.25, 0.23660254, 1.7), (2.25, 0.23660254, 2), (2.2, 0.25, 1.7), (2.2, 0.25, 2), (2.15, 0.23660254, 1.7), (2.15, 0.23660254, 2), (2.1133974, 0.2, 1.7), (2.1133974, 0.2, 2), (2.1, 0.15, 1.7), (2.1, 0.15, 2), (2.1133974, 0.1, 1.7), (2.1133974, 0.1, 2), (2.15, 0.06339746, 1.7), (2.15, 0.06339746, 2), (2.2, 0.05, 1.7), (2.2, 0.05, 2), (2.25, 0.06339746, 1.7), (2.25, 0.06339746, 2), (2.2866025, 0.1, 1.7), (2.2866025, 0.1, 2)]
    }

    def Mesh "outlet"
    {
        int[] faceVertexCounts = [3, 3, 3, 3, 3, 3, 3, 3, 3, 3, 3, 3]
        int[] faceVertexIndices = [1, 3, 0, 4, 1, 0, 0, 3, 2, 2, 4, 0, 1, 7, 3, 5, 1, 4, 5, 7, 1, 3, 7, 2, 6, 4, 2, 2, 7, 6, 6, 5, 4, 7, 5, 6]
        point3f[] points = [(3.92, 0.26, 0.99), (3.92, 0.26, 1.01), (3.92, 0.34, 0.99), (3.92, 0.34, 1.01), (3.98, 0.26, 0.99), (3.98, 0.26, 1.01), (3.98, 0.34, 0.99), (3.98, 0.34, 1.01)]
    }

    def "Lights"
    {
        def RectLight "window"
        {
            float inputs:height = 1.5
            float inputs:intensity = 2500
            float inputs:width = 1.2
            double3 xformOp:translate = (2, 1.65, 0.1)
            uniform token[] xformOpOrder = ["xformOp:translate"]
        }

        def SphereLight "desk_lamp"
        {
            float inputs:intensity = 600
            float inputs:radius = 0.05
            double3 xformOp:translate = (2.45, 1.2, 1.92)
            uniform token[] xformOpOrder = ["xformOp:translate"]
        }

        def DistantLight "ceiling_fill"
        {
            float inputs:intensity = 200
            double3 xformOp:translate = (2, 2.4, 2)
            uniform token[] xformOpOrder = ["xformOp:translate"]
        }
    }

    def "Cameras"
    {
        def Camera "establish_wide"
        {
            float focalLength = 25.706665
            float horizontalAperture = 36
            float verticalAperture = 24
            matrix4d xformOp:transform = ( (-0.7071067811865476, 0, 0.7071067811865476, 0), (0.27617238536949706, 0.9205746178983234, 0.27617238536949706, 0), (-0.6509445549041193, 0.39056673294247163, -0.6509445549041193, 0), (0.5, 1.6, 0.5, 1) )
            uniform token[] xformOpOrder = ["xformOp:transform"]
        }

        def Camera "yuto_at_desk"
        {
            float focalLength = 38.601124
            float horizontalAperture = 36
            float verticalAperture = 24
            matrix4d xformOp:transform = ( (-0.33035042472810605, 0, 0.9438583563660174, 0), (0.21676425060852522, 0.9732714852322782, 0.07586748771298381, 0), (-0.9186304243492507, 0.22965760608731267, -0.3215206485222377, 0), (1, 1.5, 1.3, 1) )
            uniform token[] xformOpOrder = ["xformOp:transform"]
        }

        def Camera "phone_closeup"
        {
            float focalLength = 57.088707
            float horizontalAperture = 36
            float verticalAperture = 24
            matrix4d xformOp:transform = ( (0.7071067811865476, -0, 0.7071067811865476, 0), (0.34815531191139565, 0.8703882797784893, -0.34815531191139565, 0), (-0.6154574548966637, 0.49236596391733084, 0.6154574548966637, 0), (3.4, 1, 2.4, 1) )
            uniform token[] xformOpOrder = ["xformOp:transform"]
        }

        def Camera "room_overhead"
        {
            float focalLength = 25.706665
            float horizontalAperture = 36
            float verticalAperture = 24
            matrix4d xformOp:transform = ( (-0.7071067811865475, 0, -0.7071067811865475, 0), (-0.6581451817144176, 0.36563621206356534, 0.6581451817144176, 0), (0.2585438449975096, 0.9307578419910345, -0.2585438449975096, 0), (2.5, 2.3, 1.5, 1) )
            uniform token[] xformOpOrder = ["xformOp:transform"]
        }

        def Camera "window_view"
        {
            float focalLength = 31.176914
            float horizontalAperture = 36
            float verticalAperture = 24
            matrix4d xformOp:transform = ( (-0.9805806756909201, 0, -0.19611613513818404, 0), (-0.03039738350583688, 0.9879149639396987, 0.1519869175291844, 0), (0.19374606457303212, 0.15499685165842567, -0.9687303228651606, 0), (2.5, 1.4, 0.5, 1) )
            uniform token[] xformOpOrder = ["xformOp:transform"]
        }

        def Camera "bed_close"
        {
            float focalLength = 49.454594
            float horizontalAperture = 36
            float verticalAperture = 24
            matrix4d xformOp:transform = ( (0.7327934916262991, 0, -0.6804510993672778, 0), (-0.40220135105955307, 0.8066125996524005, -0.4331399165256726, 0), (0.5488604301969738, 0.5910804632890487, 0.5910804632890487, 0), (1.5, 1.2, 2.5, 1) )
            uniform token[] xformOpOrder = ["xformOp:transform"]
        }

        def Camera "closet_view"
        {
            float focalLength = 34.57768
            float horizontalAperture = 36
            float verticalAperture = 24
            matrix4d xformOp:transform = ( (0.42993358039234775, 0, -0.9028605188239303, 0), (-0.11549430562947605, 0.9917844340562942, -0.054997288394988596, 0), (0.8954430086935637, 0.12792042981336627, 0.42640143271122083, 0), (2.5, 1.3, 2, 1) )
            uniform token[] xformOpOrder = ["xformOp:transform"]
        }
    }
}

